id;Title;Author;ISBN_13;Publisher
45;Schaum's Outline of Essential Computer Mathematics;Seymour Lipschutz;978-0070379909;McGraw-Hill Education
51;Digital Signal Processing: A Computer-Based Approach;Sanjit K. Mitra;978-0070429536;Mcgraw-Hill College
82;Schaum's Outline of Computer Networking;Ed Tittel;978-0521782586;McGraw-Hill Education
113;How to Do Everything with Your iPhone;Jason Chen;;
135;CISSP Practice Exams;Shon Harris;978-0071701396;McGraw-Hill Osborne Media
137;Mike Meyers' CompTIA A  Guide to Managing & Troubleshooting PCs Lab Manual, Third Edition;Michael Meyers;978-0071702997;McGraw-Hill Osborne Media
170;Windows 7 for Seniors QuickSteps;Marty Matthews;978-0071768054;McGraw-Hill Education
172;Mike Meyers' CompTIA Security+ Certification Passport, Third Edition;T. J. Samuelle;978-0071770385;McGraw-Hill Education
174;CompTIA Security+ Certification Study Guide;Glen E. Clarke;978-0071771405;McGraw-Hill Education
183;How to Do Everything iPhone 4S;Guy Hart-Davis;978-0071783071;McGraw-Hill Education
184;Kinect Open Source Programming Secrets: Hacking the Kinect with OpenNI, NITE, and Java;Andrew Davison;;
185;Genealogy QuickSteps;Marty Matthews;;
191;CompTIA Network+ Certification Practice Exams;Robb Tracy;978-0071788816;McGraw-Hill Education
192;Mike Meyers' CompTIA Network+ Guide to Managing and Troubleshooting Networks Lab Manual, 3rd Edition;Mike Meyers;;
201;Mike Meyers' CompTIA A+ Guide to 802 Managing and Troubleshooting PCs Lab Manual, Fourth Edition;Mike Meyers;978-0071795159;McGraw-Hill Education
202;Mike Meyers' CompTIA A+ Guide to 801 Managing and Troubleshooting PCs Lab Manual, Fourth Edition;Mike Meyers;978-0071795173;McGraw-Hill Education
218;Born to Blog: Building Your Blog for Personal and Business Success One Post at a Time;Mark Schaefer;;
228;CompTIA Mobility+ Certification All-in-One Exam Guide;Bobby E. Rogers;978-0071825320;McGraw-Hill Education
239;CompTIA Security+ Certification Bundle, Second Edition;Glen E. Clarke;;
246;CompTIA Security+ Certification Study Guide, Second Edition;Glen E. Clarke;978-0071841283;McGraw-Hill Education
251;People-Centric Security: Transforming Your Enterprise Security Culture;Lance Hayden;978-0071846776;McGraw-Hill Education
263;How to Do Everything with Your Visor;Dave Johnson;;
264;A+ Certification All-in-One Exam Guide, 4th Edition;Michael Meyers;978-0072222746;McGraw-Hill Osborne Media
299;How to Do Everything with Your Palm Powered Device, Sixth Edition;Dave Johnson;;
345;Microsoft Office Word 2010: A Case Approach, Introductory;Linda O'Leary;;
349;Accounting Information Systems;Robert Hurt;978-0078025884;McGraw-Hill Education
386;The Designer's Guide to VHDL, Third Edition;Peter J. Ashenden;978-0120887859;Morgan Kaufmann
397;An Introduction to Ray Tracing;Eric Haines;;
402;Letting Go of the Words: Writing Web Content that Works;Janice (Ginny) Redish;978-0123694867;Morgan Kaufmann
422;Computer and Information Security Handbook;John R. Vacca;978-0123743541;Morgan Kaufmann
425;Computer Organization and Design, Fourth Edition: The Hardware/Software Interface;David A. Patterson;;
434;Pervasive Information Architecture: Designing Cross-Channel User Experiences;Andrea Resmini;;
456;Designing with the Mind in Mind, Second Edition: Simple Guide to Understanding User Interface Design Guidelines;Jeff Johnson;978-0124079144;Morgan Kaufmann
483;Digital Picture Processing, Volume 1, Second Edition;Azriel Rosenfeld;;
517;Information Technology: Inside and Outside;David Cyganski;;
547;Practical Statistics by Example Using Microsoft Excel and Minitab;Terry L. Sincich;;
619;UNIX Shells by Example;Ellie Quigley;978-0131475724;Prentice Hall
626;Information Security: Principles and Practices;Mark S. Merkow;;
691;Computer Literacy for IC3 Unit 3: Living Online;John Preston;;
705;Exploring: Microsoft PowerPoint 2013, Introductory;MaryAnne Poatsy;;
706;GO! with Microsoft PowerPoint 2013 Brief;Shelley Gaskin;;
707;Exploring: Microsoft Office 2013, Plus;MaryAnne Poatsy;;
712;Exploring Getting Started with Microsoft OneNote for Office 2013;MaryAnne Poatsy;;
740;Cloud Computing Design Patterns;Thomas Erl;;
758;Essential C;;;
781;GO! with Microsoft Excel 2010 Introductory;Shelley Gaskin;;
783;Exploring Microsoft Office Excel 2010 Introductory;Robert T. Grauer;;
825;SOA Governance: Governing Shared Services On-Premise and in the Cloud;Thomas Erl;;
836;Insanely Great: The Life and Times of Macintosh, the Computer that Changed Everything;Steven Levy;;
866;Getting Started with MATLAB 7: A Quick Introduction for Scientists and Engineers;Rudra Pratap;978-0195179378;Oxford University Press
886;Principles of Computer Hardware;Alan Clements;978-0199273133;Oxford University Press
945;Managing Software Requirements: A Unified Approach;Dean Leffingwell;;
946;Developing WMI Solutions: A Guide to Windows Management Instrumentation;Craig Tunstall;;
950;Programming in Ada: Plus an Overview of Ada 9X;J. G. P. Barnes;978-0201624076;Addison-Wesley Pub
974;Adobe After Effects 5.0: Classroom in a Book;Adobe Creative Team;;
1003;Smart Machines: IBM's Watson and the Era of Cognitive Computing;John E. Kelly III;;
1034;Thinking about Video Games: Interviews with the Experts;David S. Heineman;;
1047;Simulation and Its Discontents;Sherry Turkle;;
1057;Recoding Gender: Women's Changing Participation in Computing;Janet Abbate;978-0262018067;The MIT Press
1156;Humans Need Not Apply: A Guide to Wealth and Work in the Age of Artificial Intelligence;Jerry Kaplan;;
1169;The New Digital Age: Reshaping the Future of People, Nations and Business;Eric Schmidt;;
1239;Adobe Audition 2.0 Classroom in a Book;Adobe Creative Team;978-0321385505;Adobe Press
1244;The Craft of System Security;Sean Smith;;
1258;Interactive Computer Graphics: A Top-Down Approach Using OpenGL;Edward Angel;978-0321535863;Addison Wesley
1261;Adobe Photoshop Lightroom 2 Classroom in a Book;Adobe Creative Team;978-0321555601;Adobe Press
1266;Adobe After Effects CS4 Classroom in a Book;Adobe Creative Team;978-0321573834;Adobe Press
1267;Adobe Premiere Pro CS4 Classroom in a Book;Adobe Creative Team;978-0321573858;Adobe Press
1271;The Adobe Photoshop CS4 Book for Digital Photographers;Scott Kelby;978-0321580092;New Riders
1273;iMovie 09 and iDVD for Mac OS X: Visual QuickStart Guide;Jeff Carlson;978-0321601322;Peachpit Press
1282;Apple Pro Training Series: Logic Pro 9 Advanced Music Production;David Dvorin;;
1289;The Droid Pocket Guide;Jason D. O'Grady;978-0321711939;Peachpit Press
1294;Keynote for iPad: Visual QuickStart Guide;Tom Negrino;978-0321751393;Peachpit Press
1296;iOS Programming: The Big Nerd Ranch Guide;Joe Conway;;
1328;New Perspectives on Computer Concepts 2010, Introductory;June Jamrich Parsons;;
1535;IT Disaster Recovery Planning For Dummies;Peter H. Gregory;;
1560;Apple TV For Dummies;Mark L. Chambers;978-0470173626;For Dummies
1574;Professional Microsoft SQL Server 2008 Reporting Services;Paul Turley;;
1576;Professional Microsoft SQL Server 2008 Integration Services;Brian Knight;;
1579;Professional Microsoft SQL Server 2008 Programming;Robert Vieira;978-0470257029;Wrox
1580;Microsoft SQL Server 2008 Bible;Paul Nielsen;;
1581;The One Page Project Manager for IT Projects: Communicate and Manage Any Project With A Single Sheet of Paper;Clark A. Campbell;978-0470275887;Wiley
1596;Semantic Web Programming;John Hebeler;;
1598;iPhone For Dummies;Edward C. Baig;;
1612;Excel VBA Programming For Dummies;John Walkenbach;978-0470503690;For Dummies
1613;Fiber-Optic Communication Systems;Govind P. Agrawal;978-0470505113;Wiley
1614;Windows 7 Secrets;Paul Thurrott;;
1622;Computers For Seniors For Dummies;Nancy C. Muir;978-0470534830;For Dummies
1625;Business Analysis with QuickBooks;Conrad Carlberg;978-0470543146;Wiley
1626;IT Architecture For Dummies;Kalani Kirk Hausman;;
1632;Teach Yourself VISUALLY Excel 2010;Paul McFedries;978-0470577646;Visual
1638;iPhone 4 Portable Genius;Paul McFedries;978-0470642054;Wiley
1678;Knight's Microsoft Business Intelligence 24-Hour Trainer;Brian Knight;;
1680;Droid X For Dummies;Dan Gookin;978-0470903193;For Dummies
1690;MCTS Microsoft Windows 7 Configuration Study Guide, Study Guide: Exam 70-680;William Panek;978-0470948453;Sybex
1731;Model Driven Architecture: Applying MDA to Enterprise Computing;David S. Frankel;978-0471319207;Wiley
1790;Windows XP Hacks & Mods For Dummies;Woody Leonhard;;
1796;Cleaning Windows Vista For Dummies;Allen Wyatt;978-0471782933;For Dummies
1799;SAS For Dummies;Stephen McDaniel;;
1923;New Perspectives on Microsoft Excel 2010: Brief;Patrick Carey;;
1924;New Perspectives on Microsoft Office 2010: Brief;Ann Shaffer;;
1925;New Perspectives on Microsoft Office 2010, Second Course;Ann Shaffer;;
1931;New Perspectives on Microsoft Windows 7: Comprehensive;June Jamrich Parsons;;
1933;New Perspectives on Microsoft Windows 7, Brief;June Jamrich Parsons;;
1941;Microsoft Office 2010: Illustrated Introductory;David W. Beskeen;;
1942;Microsoft Excel 2010: Illustrated Brief;Elizabeth Eisner Reding;978-0538749282;Course Technology
1944;Microsoft Office 2010: Illustrated Fundamentals;Barbara M. Waxer;978-0538749442;Course Technology
1968;Physics for Game Developers;David M Bourg;978-0596000066;O'Reilly Media
1972;Practical Unix & Internet Security, 3rd Edition;Simson Garfinkel;;
1973;Dreamweaver MX: The Missing Manual;David McFarland;978-0596003494;O'Reilly Media
1974;Photoshop Elements 3: The Missing Manual;Barbara Brundage;978-0596004538;O'Reilly Media
1982;Understanding Open Source and Free Software Licensing;Andrew M. St. Laurent;978-0596005818;O'Reilly Media
1996;Learning SQL;Alan Beaulieu;978-0596007270;O'Reilly Media
2022;Linux Desktop Pocket Guide;David Brickner;978-0596101046;O'Reilly Media
2023;SharePoint Office Pocket Guide;Jeff Webb;978-0596101121;O'Reilly Media
2041;iPhone: The Missing Manual;David Pogue;;
2045;Essential SharePoint 2007: A Practical Guide for Users, Administrators and Developers;Jeff Webb;978-0596514075;O'Reilly Media
2063;iPod: The Missing Manual;J. D. Biersdorfer;;
2065;Flash CS4: The Missing Manual;Chris Grover;978-0596522940;O'Reilly Media
2072;Microsoft Project 2007: The Missing Manual;Bonnie Biafore;;
2076;QuickBase: The Missing Manual;Nancy Conner;978-0596529604;O'Reilly Media
2084;iPod: The Missing Manual;J. D. Biersdorfer;;
2111;The Web Collection: Macromedia Flash MX, Dreamweaver MX, and Fireworks MX;Sherry Bishop;;
2128;New Perspectives on Microsoft Office XP, First Course, Windows XP Edition;Ann Shaffer;;
2154;New Perspectives on Microsoft Office Access 2003, Comprehensive, Second Edition;Joseph J. Adamski;;
2185;Windows Server 2012 Unleashed;Rand Morimoto;;
2219;Law Office Technology;George E. Guay;;
2227;Microsoft Project Version 2002 Step by Step;Carl Chatfield;;
2264;Windows 7 Step by Step;Joan Lambert;;
2265;Microsoft Access 2010 Inside Out;Jeff Conrad;;
2296;Using Microsoft InfoPath 2010 with Microsoft SharePoint 2010 Step by Step;Darvish Shadravan;;
2301;Architecting Mobile Solutions for the Enterprise;Dino Esposito;978-0735663022;Microsoft Press
2308;Microsoft SharePoint 2013 Step by Step;Olga Londer;;
2312;Microsoft Project 2013 Step by Step;Carl Chatfield;;
2314;MOS 2013 Study Guide for Microsoft Excel;Joan Lambert;978-0735669208;Microsoft Press
2315;MOS 2013 Study Guide for Microsoft Excel Expert;Mark Dodge;978-0735669215;Microsoft Press
2316;MOS 2013 Study Guide for Microsoft Outlook;Joan Lambert;978-0735669222;Microsoft Press
2317;MOS 2013 Study Guide for Microsoft Word;Joan Lambert;978-0735669253;Microsoft Press
2324;Microsoft Outlook 2013 Inside Out;Jim Boyce;978-0735671270;Microsoft Press
2331;Microsoft SharePoint 2013 App Development;Scot Hillier;;
2332;Business Intelligence in Microsoft SharePoint 2013;Norm Warren;;
2343;Windows 8.1 Step by Step;Ciprian Rusen;;
2352;Exam Ref 70-411 Administering Windows Server 2012 R2;Charlie Russel;978-0735684799;Microsoft Press
2415;Embedded Microprocessor Systems, Third Edition: Real World Design;Stuart Ball;978-0750675345;Newnes
2515;Computer Security: Protecting Digital Resources;Robert C Newman;978-0763759940;Jones & Bartlett Learning
2544;Windows 2000 Professional For Dummies;Andy Rathbone;;
2545;Mac OS 9 For Dummies;Bob LeVitus;;
2555;Internet Marketing For Dummies;Frank Catalano;;
2560;MP3 For Dummies;Andy Rathbone;978-0764508585;For Dummies
2565;Lotus Notes 6 For Dummies;Stephen R. Londergan;978-0764516498;For Dummies
2566;Adobe Acrobat 5 PDF For Dummies;Greg Harvey;978-0764516528;For Dummies
2576;PowerPoint 2003 for Dummies;Doug Lowe;;
2578;Robot Building For Dummies;Roger Arrick;;
2587;Excel 2002 Power Programming with VBA;John Walkenbach;978-0764547997;Wiley
2593;WindowsXP Gigabook For Dummies;Peter Weverka;;
2683;VBA and Macros for Microsoft Excel;Bill Jelen;;
2695;Excel VBA and Macros with MrExcel;Bill Jelen;978-0789739384;Que Publishing
2715;CompTIA A+ 220-801 and 220-802 Cert Guide, Deluxe Edition;Mark Edward Soper;;
2717;Blogging to Drive Business: Create and Maintain Valuable Customer Connections;Eric Butow;;
2722;My Samsung Galaxy Tab 3;Eric Butow;;
3033;Information Rules: A Strategic Guide to the Network Economy;Carl Shapiro;;
3149;The PMP Exam: How to Pass on Your First Try, Fifth Edition;Andy Crowe PMP  PgMP;978-0982760857;Velociteach
3185;Bundle: Computer Forensic: Investigation Procedures and Response + Computer Forensics: Hard Disk and Operating Systems + Computer Forensics: ... Network Intrusions and Cyber Crime + Compu;EC-Council;978-1111121990;Course Technology
3187;Exploring Adobe InDesign CS5;Terry Rydberg;;
3207;Adobe InDesign CS5 Illustrated;Anne Fisher;978-1111530884;Course Technology
3223;Concepts in Enterprise Resource Planning;Ellen Monk;;
3241;CompTIA A+ Certification All-in-One For Dummies;Glen E. Clarke;;
3246;Laptops For Dummies;Dan Gookin;978-1118115336;For Dummies
3247;Computers For Seniors For Dummies;Nancy C. Muir;978-1118115534;For Dummies
3248;Adobe After Effects CS6 Digital Classroom;Jerron Smith;;
3252;Microsoft Windows Operating System Essentials;Tom Carpenter;978-1118195529;Sybex
3253;PCs For Dummies;Dan Gookin;978-1118197349;For Dummies
3268;iPad For Seniors For Dummies;Nancy C. Muir;978-1118352779;For Dummies
3274;Java All-in-One For Dummies;Doug Lowe;978-1118408032;For Dummies
3275;Cloud Essentials: CompTIA Authorized Courseware for Exam CLO-001;Kalani Kirk Hausman;;
3281;Teach Yourself VISUALLY Excel 2013;Paul McFedries;978-1118505397;Visual
3283;Excel 2013 All-in-One For Dummies;Greg Harvey;978-1118510100;For Dummies
3285;Teach Yourself VISUALLY Office 2013;Elaine Marmel;978-1118517680;Visual
3291;iPhone For Seniors For Dummies;Nancy C. Muir;978-1118692905;For Dummies
3302;Webinars For Dummies;Sharat Sharan;;
3308;iPad For Seniors For Dummies;Nancy C. Muir;978-1118944387;For Dummies
3311;Dragon NaturallySpeaking For Dummies;Stephanie Diamond;978-1118961544;For Dummies
3312;Digital Literacy For Dummies;Faithe Wempen;978-1118962862;For Dummies
3314;Getting a Networking Job For Dummies;Peter H. Gregory;;
3323;Computers For Seniors For Dummies;Nancy C. Muir;978-1119049555;For Dummies
3327;Teach Yourself VISUALLY Excel 2016;Paul McFedries;;
3328;Outlook 2016 For Dummies;Bill Dyszel;;
3329;Excel 2016 For Dummies Book + Online Videos Bundle;Greg Harvey;;
3330;Excel VBA Programming For Dummies;John Walkenbach;978-1119077398;For Dummies
3332;Teach Yourself VISUALLY Samsung Galaxy S6;Guy Hart-Davis;978-1119113492;Visual
3334;NFC For Dummies;Robert R. Sabella;;
3355;New Perspectives on Adobe Dreamweaver CS6, Comprehensive;Kelly Hart;;
3376;Computer Concepts and Microsoft Office 2010 Illustrated;June Jamrich Parsons;;
3412;How to Build an Android: The True Story of Philip K. Dick's Robotic Resurrection;David F. Dufty;978-1250032157;Picador
3435;Practical Microsoft Office 2013;June Jamrich Parsons;;
3438;New Perspectives on Microsoft Windows 8, Comprehensive;June Jamrich Parsons;;
3440;New Perspectives on Microsoft Windows 8, Brief;June Jamrich Parsons;;
3443;Microsoft Office 2013: Illustrated Introductory, First Course;David W. Beskeen;978-1285088457;Course Technology
3445;Computer Concepts and Microsoft Office 2013: Illustrated;June Jamrich Parsons;;
3446;Microsoft Word 2013: Illustrated Complete;Jennifer Duffy;;
3449;Microsoft Access 2013: Illustrated Introductory;Lisa Friedrichsen;978-1285093284;Course Technology
3450;Illustrated Course Guide: Microsoft PowerPoint 2013 Basic;David W. Beskeen;978-1285093451;Course Technology
3452;New Perspectives on Computer Concepts 2014: Brief;June Jamrich Parsons;;
3454;New Perspectives on Microsoft Access 2013, Comprehensive;Joseph J. Adamski;;
3459;New Perspectives on Microsoft Office 2013, First Course;Ann Shaffer;;
3460;New Perspectives on Microsoft Office 2013, Second Course;Ann Shaffer;;
3461;Microsoft Excel 2013: Comprehensive;Steven M. Freund;;
3469;Using Quickbooks Accountant 2014;Glenn Owen;978-1285183428;South-Western College Pub
3491;New Perspectives on Computer Concepts 2014, Introductory;June Jamrich Parsons;;
3496;Adobe Photoshop Creative Cloud Revealed Update;Elizabeth Eisner Reding;978-1285842370;Course Technology
3498;Adobe Illustrator Creative Cloud Revealed Update;Chris Botello;978-1285843285;Course Technology
3501;MCSA Guide to Configuring Advanced Microsoft Windows Server 2012 /R2 Services, Exam 70-412;Greg Tomsho;978-1285863566;Course Technology
3526;Oracle 11G: SQL;Joan Casteel;978-1305268029;Course Technology
3535;Enhanced Computer Concepts and Microsoft Office 2013 Illustrated;June Jamrich Parsons;;
3561;Game Development Essentials: Game Level Design;Jeannie Novak;;
3624;Fake: Forgery, Lies, & eBay;Kenneth Walton;;
3628;Game Development Essentials: Game Project Management;John Hight;;
3649;CWSP Guide to Wireless Security;Mark Ciampa;978-1418836375;Course Technology
3656;Guide to UNIX Using Linux;Michael Palmer;978-1418837235;Course Technology
3677;Teachers Discovering Computers: Integrating Technology and Digital Media in the Classroom, Fourth Edition;Gary B. Shelly;;
3710;Official;Joseph Steinberg;;
3723;Excel 2013;Inc. BarCharts;978-1423219996;QuickStudy
3736;Information Technology for Managers;George Reynolds;;
3762;New Perspectives on Computer Concepts, 10th Edition, Comprehensive;June Jamrich Parsons;;
3763;Teachers Discovering Computers: Integrating Technology and Digital Media in the Classroom;Gary B. Shelly;;
3766;Discovering Computers: Fundamentals, Fourth Edition;Gary B. Shelly;;
3775;Adobe Dreamweaver CS3 - Illustrated;Sherry Bishop;978-1423925712;Course Technology
3817;Beginning Python Visualization: Crafting Visual Transformation Scripts;Shai Vaingast;978-1430218432;Apress
3837;Enterprise iPhone and iPad Administrator's Guide;Charles Edge;978-1430230090;Apress
3842;Gamers at Work: Stories Behind the Games People Play;Morgan Ramsay;;
3853;Pro SQL Server 2012 Reporting Services;Brian McDonald;;
3872;Building Your Own Electronics Lab: A Guide to Setting Up Your Own Gadget Workshop;Dale Wheat;978-1430243861;Apress
3879;Big Data Imperatives: Enterprise Big Data Warehouse, BI Implementations and Analytics;Soumendra Mohanty;;
3888;Learn Unity for 2D Game Development;Alan Thorn;978-1430262299;Apress
3914;David Busch's Canon Powershot G10/G11 Guide to Digital Photography;David D. Busch;;
3917;Picture Yourself Learning Corel PaintShop Photo Pro X3;Diane Koers;978-1435456747;Cengage Learning PTR
3919;David Busch's Olympus PEN EP-2 Guide to Digital Photography;David D. Busch;;
3921;David Busch's Mastering Digital SLR Photography;David D. Busch;978-1435458321;Cengage Learning PTR
3929;David Busch's Sony Alpha DSLR-A390/A290 Guide to Digital Photography;David D. Busch;978-1435459168;Cengage Learning PTR
3932;David Busch's Canon EOS Rebel T3i/600D Guide to Digital SLR Photography;David D. Busch;978-1435460287;Cengage Learning PTR
3933;David Busch's Compact Field Guide for the Canon EOS Rebel T3/1100D;David D. Busch;978-1435460300;Cengage Learning PTR
3938;Computer Forensics: Hard Disk and Operating Systems;EC-Council;978-1435483507;Course Technology
3955;New Perspectives on Adobe Dreamweaver CS4, Comprehensive;Kelly Hart;;
3960;Microsoft Office 2010: Introductory;Gary B. Shelly;;
3964;Microsoft PowerPoint 2010: Comprehensive;Gary B. Shelly;;
4009;Cyber Security Essentials;James Graham;;
4108;Inside Cyber Warfare: Mapping the Cyber Underworld;Jeffrey Carr;978-1449310042;O'Reilly Media
4111;iPod: The Missing Manual;J. D. Biersdorfer;;
4132;iPhone: The Missing Manual;David Pogue;978-1449362232;O'Reilly Media
4139;Switching to the Mac: The Missing Manual, Mavericks Edition;David Pogue;;
4141;Hackers & Painters: Big Ideas from the Computer Age;Paul Graham;978-1449389550;O'Reilly Media
4142;iMovie '11 & iDVD: The Missing Manual;David Pogue;;
4255;Introduction to Computer Networks and Cybersecurity;Chwan-Hwa (John) Wu;;
4302;CCNA Interview Questions You'll Most Likely Be Asked;Vibrant Publishers;;
4303;Android Development Interview Questions You'll Most Likely Be Asked;Vibrant Publishers;978-1468170986;CreateSpace Independent Publishing Platform
4356;Windows Registry Troubleshooting;Mike Halsey MVP;;
4358;3D Printing with MatterControl;Joan Horvath;;
4367;PMI-ACP Exam Prep Study Guide: Extra Preparation for PMI-ACP Certification Examination;Vivek Vaishampayan;;
4369;Programming Google App Engine with Python: Build and Run Scalable Python Apps on Google's Infrastructure;Dan Sanderson;978-1491900253;O'Reilly Media
4390;Fundamentals of Windows 8.1;Kevin Wilson;;
4407;Beginning PHP & MySQL Development: Code Your Own Dynamic Website Today;PawPrints Learning Technologies;;
4410;Steve Jobs;Walter Isaacson;;
4491;Learn Microsoft Excel 2002: VBA Programming with XML and ASP;Julitta Korol;978-1556227615;Wordware Publishing, Inc.
4530;Computer Organization and Design, Third Edition: The Hardware/Software Interface, Third Edition;David A. Patterson;;
4531;Persuasive Technology: Using Computers to Change What We Think and Do;B.J. Fogg;978-1558606432;Morgan Kaufmann
4539;Digital Video and HD: Algorithms and Interfaces;Charles Poynton;978-1558607927;Morgan Kaufmann
4547;Computer Networks, Third Edition: A Systems Approach, 3rd Edition;Larry L. Peterson;;
4618;Advanced Adobe Photoshop for Macintosh Classroom in a Book;Adobe Creative Team;978-1568301174;Adobe Pr
4660;Windows 3.1 For Dummies, A Reference For The Rest Of Us!;Andy Rathbone;978-1568841823;IDG Books, An International Data Group Company
4780;AI Application Programming;M. Tim Jones;978-1584504214;Charles River Media
4819;Cisco ISP Essentials;Barry Raveendran Greene;;
4900;Pro .NET 1.1 Network Programming, Second Edition;Christian Nagel;;
4914;SharePoint 2007 User's Guide: Learning Microsoft's Collaboration and Productivity Platform;Tony Smith;;
4926;Electrical Engineering Quick Reference for the Power, Electrical and Electronics, and Computer PE Exams;John  A. Camara PE;978-1591261131;Professional Publications, Inc.
4940;Trust Me, I'm Lying: Confessions of a Media Manipulator;Ryan Holiday;;
4959;PHP Game Programming;Matt Rutledge;978-1592001538;Course Technology PTR
4979;Adobe Photoshop  CS2 Revealed;Elizabeth Eisner Reding;978-1592008322;Course Technology PTR
5033;The IT / Digital Legal Companion: A Comprehensive Business Guide to Software, IT, Internet, Media and IP Law;Gene K. Landy;;
5048;Security Risk Management: Building an Information Security Risk Management Program from the Ground Up;Evan Wheeler;978-1597496155;Syngress
5072;Beginning Java 5 Game Programming;Jonathan S. Harbour;978-1598631500;Cengage Learning PTR
5086;Adobe Photoshop Lightroom Photographers' Guide;John G. Blair;978-1598633399;Course Technology PTR
5104;David Busch's Quick Snap Guide to Photo Gear;David D. Busch;;
5105;David Busch's Quick Snap Guide to Using Digital SLR Lenses;David D. Busch;978-1598634556;Cengage Learning PTR
5108;Canon EOS 40D Guide to Digital Photography;David D. Busch;;
5117;David Busch's Canon EOS Digital Rebel XSi/450D Guide to Digital SLR Photography;David D. Busch;978-1598635782;Cengage Learning PTR
5120;David Busch's Pentax K200D Guide to Digital SLR Photography;David D. Busch;;
5122;David Busch's Quick Snap Guide to Adobe Photoshop.com: An Instant Start-Up Manual for Editing and Sharing Your Photos Online;David Busch;;
5127;Composition for Computer Musicians;Michael Hewitt;;
5133;David Busch's Canon EOS 50D Guide to Digital SLR Photography;David D. Busch;978-1598639049;Cengage Learning PTR
5135;LPIC-1 In Depth;Michael Jang;978-1598639674;Cengage Learning PTR
5137;David Busch's Digital Photography Bucket List: 100 Great Digital Photos You Must Take Before You Die;David D. Busch;978-1598639933;Cengage Learning PTR
5184;Linked Data;Tom Heath;;
5230;Idiot's Guides: Microsoft Excel 2013;Michael Miller;;
5252;From Gutenberg to Zuckerberg: Disruptive Innovation in the Age of the Internet;John Naughton;;
5279;CISM Certified Information Security Manager Certification Exam Preparation Course in a Book for Passing the CISM Exam - The How To Pass on Your First Try Certification Study Guide;William Manning;978-1742443010;EMEREO PTY LTD
5281;CGEIT Exam Certification Exam Preparation Course in a Book for Passing the CGEIT Exam - The How To Pass on Your First Try Certification Study Guide;William Manning;978-1742444017;Tebbo
5304;Microsoft Dynamics GP 2013 Financial Management;Ian Grieve;;
5310;Marketing Automation with Eloqua;Ben Griffith;;
5312;Reporting with Visual Studio and Crystal Reports;Mahmoud Elkoush;;
5345;Photoshop Elements 7 in Easy Steps: For Windows and Mac;Nick Vandome;;
5347;Computer Basics in Easy Steps  Windows 7 Edition;Michael Price;;
5369;Digital Image Processing: An Algorithmic Introduction using Java;Wilhelm Burger;;
5501;Fieldwork for Design: Theory and Practice;David Randall;;
5535;Geometry for Computer Graphics: Formulae, Examples and Proofs;John Vince;978-1852338343;Springer
5725;Autodesk Maya 2015: A Comprehensive Guide;Prof. Sham Tickoo Purdue Univ.;;
6080;Fundamentals of Computer Security;Josef Pieprzyk;;
6528;Digital Photo Editing for Seniors: Learn How to Edit Your Digital Photos with Arcsoft PhotoStudio;Addo Stuur;;
6531;Samsung Galaxy Tab 4 for Seniors: Get Started Quickly with This User-Friendly Tablet with Android 4.4;Studio Visual Steps;;
6532;iPad with iOS 8 and higher for Seniors: Learn to Work with the iPad;Studio Visual Steps;978-9059053502;Visual Steps Publishing
6534;iPhone with iOS 8 and higher for Seniors: Get Started Quickly with the iPhone;Studio Visual Steps;;
6669;101 Nook Color Tips, Tricks, and Hacks: The Unofficial Guide to Getting the Most Out of the Newest Nook eReader By William Percy;Minute Help Guides;;Minute Help Press
6682;View and Manage Your Photos on the iPad: The Mini Missing Manual;J. D. Biersdorfer;;O'Reilly Media
6683;iBooks and ePeriodicals on the iPad: The Mini Missing Manual;J. D. Biersdorfer;;O'Reilly Media
6733;How To PvP In WoW - Your Step-By-Step Guide To PvP In WoW;HowExpert Press;;HowExpert.com
6797;What's New in Flash Player 11;Joseph Labrecque;;O'Reilly Media
6812;A Newbies Guide to iCloud: The Unofficial Guide to Making the Move Into the Cloud;Minute Help Guides;;Minute Help Press
6882;Photoshop CS6 Beta New Features: Digital Classroom Preview;Jennifer Smith;;Wiley
6914;CCNA Security 640-554 Quick Reference;Anthony Sequeira;;Cisco Press
6921;JavaScript and HTML5 Now;Kyle Simpson;;O'Reilly Media
6983;Help Me! Guide to the Nook GlowLight: Step-by-Step User Guide for Barnes and Noble's First Backlit eReader;Charles Hughes;;
6995;Autodesk 3ds Max Design 2013: A Tutorial Approach;Prof. Sham Tickoo Purdue Univ. and CADCIM Technologies;;CADCIM Technologies
7066;Getting Started with Arduino and .NET;Agus Kurniawan;;PE Press
7153;Industrial Internet;Jon Bruner;;O'Reilly Media
7239;Real-Time Big Data Analytics: Emerging Architecture;Mike Barlow;;O'Reilly Media
7401;Start Concurrent: An Introduction to Problem Solving in Java with a Focus on Concurrency, 2014;Barry Wittman;;
7549;Group Policy Administration: The Personal Trainer for Windows Server 2008 and Windows Server 2008 R2;William Stanek;;
7646;Windows Command Line: The Personal Trainer for Windows 7, Windows Server 2008 & Windows Server 2008 R2;William Stanek;;
7653;CWNA: Certified Wireless Network Administrator Official Study Guide: Exam CWNA-106;David D. Coleman;;
7681;Mastering Excel Macros: Debugging;Mark Moore;;
7684;Content Chemistry: An Illustrated Handbook for Content Marketing;Andy Crestodina;;
7699;Kindle Voyage User Manual: Tips & Tricks Guide to Enjoy Your E-reader!;Shelby Johnson;;
7731;Alan Turing: The Imitation Game - Storia di un enigma;Andrew Hodges;;
7780;The Basics of Digital Forensics: The Primer for Getting Started in Digital Forensics;John Sammons;;
7796;Database Programming Using R;Agus Kurniawan;;PE Press
7841;Windows Command-Line for Windows 8.1, Windows Server 2012, Windows Server 2012 R2;William Stanek;;
8006;Mike Meyers' CompTIA Network+ Guide to Managing and Troubleshooting Networks, Fourth Edition;Mike Meyers;;
8049;Microsoft Azure Essentials Azure Automation;Michael McKeown;;Microsoft Press
8077;IIS 8 Administration: The Personal Trainer for IIS 8.0 and IIS 8.5;William Stanek;;
8193;Getting Started with Windows 10 for Raspberry 2;Agus Kurniawan;;PE Press
8228;The Internet Of Garbage;Sarah Jeong;;Forbes Media
8502;Office 2016 For Dummies;Wallace Wang;;For Dummies
8503;OneNote Essentials;J. D. Guest Sr.;;J.D. Guest Sr.
