id;Title;Author;ISBN_13;Publisher
5270;Schaum's Outline of Essential Computer Mathematics / Edition 1;Seymour Lipschutz;978-0070379909;McGraw-Hill Professional Publishing
9592;Optical Filter Design and Analysis: A Signal Processing Approach / Edition 1;Christi K. Madsen;;
9776;Schaum's Outline of XML;Ed Tittel;978-0071398350;McGraw-Hill Education
5484;;;;
1147;CISSP Practice Exams, Third Edition;Shon Harris;978-0071845403;McGraw-Hill Education
3097;Mike Meyers' CompTIA Network+ Guide to Managing and Troubleshooting Networks, Fourth Edition (Exam N10-006);Mike Meyers;978-0071848275;McGraw-Hill Professional Publishing
3234;Windows 8.1 for Seniors Quicksteps;Marty Matthews;978-0071832588;McGraw-Hill Professional Publishing
6198;Mike Meyers' CompTIA Security+ Certification Passport 3rd Edition (Exam SY0-301) / Edition 3;T. J. Samuelle;978-0071770385;McGraw-Hill Professional Publishing
1525;CompTIA Network+ Certification Study Guide, 5th Edition (Exam N10-005);Glen E. Clarke;978-0071799829;McGraw-Hill Education
8428;How to Do Everything iPod, iPhone & iTunes, Fifth Edition;Guy Hart-Davis;978-0071630238;McGraw-Hill Education
9971;Kinect Open Source Programming Secrets: Hacking the Kinect with OpenNI, NITE, and Java;Andrew Davison;978-0071783170;McGraw-Hill Professional Publishing
6278;;;;
3784;CompTIA Network+ Certification Practice Exams (Exam N10-005);Robb Tracy;978-0071788809;McGraw-Hill Education
2081;;;;
869;"Mike Meyers' CompTIA A+ Guide to Managing and Troubleshooting PCs Lab Manual, Fourth Edition (Exams 220-801 &amp; 220-802) / Edition 4";Mike Meyers;978-0071795555;McGraw-Hill Professional Publishing
2408;Mike Meyers' CompTIA Network+ Guide to Managing and Troubleshooting Networks Lab Manual, Fourth Edition (Exam N10-006);Mike Meyers;;
1328;;;;
109;CompTIA A+ Certification All-in-One For Dummies;Glen E. Clarke;;
567;;;;
4649;CompTIA Security+ Certification Study Guide (Exam SY0-301);Glen E. Clarke;978-0071771399;McGraw-Hill Education
3867;People-Centric Security: Transforming Your Enterprise Security Culture;Lance Hayden;978-0071846776;McGraw-Hill Professional Publishing
6309;;;;
9585;;;;
34;CompTIA Network+ All-In-One Exam Guide, Sixth Edition (Exam N10-006);Mike Meyers;978-0071848220;McGraw-Hill Professional Publishing
6947;Cisco QOS Exam Certification Guide;Wendell Odom;;
2861;;;;
7530;;;;
6815;Information Systems Auditing: The IS Audit Follow-up Process;Robert E. Davis;294-0032859956;Robert E. Davis
3497;The Designer's Guide to VHDL / Edition 3;Peter J. Ashenden;978-0120887859;Elsevier Science
7241;;;;
4461;Letting Go of the Words: Writing Web Content that Works / Edition 1;Janice (Ginny) Redish;978-0123694867;Elsevier Science
2386;Managing Information Security;John R. Vacca;978-0124166882;Elsevier Science
199;;;;
6953;;;;
1908;Designing with the Mind in Mind: Simple Guide to Understanding User Interface Design Guidelines / Edition 2;Jeff Johnson;978-0124079144;Elsevier Science
4023;;;;
1094;;;;
9321;;;;
3916;UNIX Shells by Example / Edition 4;Ellie Quigley;978-0131475724;Prentice Hall
1416;;;;
7585;;;;
3424;;;;
4165;;;;
937;;;;
6720;;;;
5912;;;;
1441;;;;
5998;;;;
4677;;;;
2256;;;;
159;;;;
4109;;;;
4138;;;;
8591;;;;
5443;Insanely Great: The Life and Times of Macintosh, the Computer that Changed Everything;Steven Levy;978-0140291773;Penguin Publishing Group
1971;Getting Started with MATLAB / Edition 8;Rudra Pratap;978-0199731244;Oxford University Press, USA
4180;Principles of Computer Hardware / Edition 4;Alan Clements;978-0199273133;Oxford University Press
7001;;;;
9956;;;;
1405;Programming in Ada 2012;John Barnes;978-1107424814;Cambridge University Press
2316;Adobe Photoshop Elements 10 Classroom in a Book;Adobe Creative Team;978-0321811004;Adobe Press
336;Adobe Photoshop CC Classroom in a Book / Edition 1;Adobe Creative Team;978-0321928078;Adobe Press
2003;;;;
2765;Thinking about Video Games: Interviews with the Experts;David S. Heineman;978-0253017154;Indiana University Press
1259;;;;
4058;Recoding Gender: Women's Changing Participation in Computing;Janet Abbate;978-0262018067;MIT Press
346;Humans Need Not Apply: A Guide to Wealth and Work in the Age of Artificial Intelligence;Jerry Kaplan;978-0300213553;Yale University Press
900;;;;
8058;Adobe Premiere Pro CS5 Classroom in a Book;Adobe Creative Team;978-0321717825;Pearson Education
9649;Adobe Premiere Elements 2.0 Classroom in a Book;Adobe Creative Team;978-0132798068;Pearson Education
6932;;;;
3435;Interactive Computer Graphics with WebGL / Edition 7;Edward Angel;;
147;Adobe Photoshop CS6 Classroom in a Book / Edition 1;Adobe Creative Team;978-0321827333;Adobe Press
1909;Adobe Illustrator CS5 Classroom in a Book;Adobe Creative Team;978-0321701787;Adobe Press
650;Adobe Illustrator CC Classroom in a Book / Edition 1;Adobe Creative Team;978-0321929495;Adobe Press
657;Adobe Dreamweaver CS6 Classroom in a Book / Edition 1;Adobe Creative Team;978-0321822451;Adobe Press
704;Adobe Photoshop CS6 Digital Classroom;Jennifer Smith;;
1559;Adobe Fireworks CS6 Classroom in a Book;Adobe Creative Team;978-0321822444;Adobe Press
4883;Adobe Photoshop Elements 11 Classroom in a Book;Sandee Adobe Creative Team;978-0321883681;Adobe Press
9946;Adobe Analytics with SiteCatalyst Classroom in a Book;Sandee Adobe Creative Team;;
5609;The Adobe Photoshop Lightroom Book for Digital Photographers;Scott Kelby;978-0132798167;Pearson Education
6247;Photoshop Elements 11: Visual QuickStart Guide;Jeff Carlson;978-0321885159;Peachpit Press
863;;;;
3911;The Garmin nuvi Pocket Guide;Jason D. O'Grady;978-0321658593;Peachpit Press
1090;Dreamweaver CC: Visual QuickStart Guide;Tom Negrino;;
4479;JavaScript: Visual QuickStart Guide;Dori Smith;;
7615;JavaScript: Visual QuickStart Guide;Tom Negrino;;
1150;;;;
4256;;;;
3102;;;;
6158;QuickBooks 2010 For Dummies;Stephen L. Nelson;978-0470505359;Wiley
2792;;;;
6469;;;;
3032;Professional Microsoft SQL Server 2012 Reporting Services;Paul Turley;;
1059;;;;
4653;;;;
4806;The One-Page Project Manager for IT Projects: Communicate and Manage Any Project With a Single Sheet of Paper;Clark A. Campbell;978-0470275887;Wiley
8640;;;;
6528;;;;
3457;Excel 2007 Power Programming with VBA / Edition 1;John Walkenbach;978-0470044018;Wiley
4927;Excel 2007 VBA Programming For Dummies;John Walkenbach;978-0470046746;Wiley
4101;Modern Digital and Analog Communication Systems.;B. P. Lathi;978-0195384932;Oxford University Press
3730;;;;
566;iPad For Dummies;Edward C. Baig;;
9574;Business Analysis with QuickBooks;Conrad Carlberg;978-1118076682;Wiley
2154;;;;
3325;Teach Yourself VISUALLY Windows 8;Paul McFedries;978-1118135280;Wiley
3756;MacBook Air Portable Genius;Paul McFedries;978-1118370209;Wiley
5950;iPad Portable Genius;Paul McFedries;978-1118932148;Wiley
5718;;;;
6421;;;;
645;Word 2010 For Dummies;Dan Gookin;978-0470487723;Wiley
1887;MCSA Windows Server 2012 R2 Administration Study Guide: Exam 70-411;William Panek;978-1118870181;Wiley
6515;Enterprise Security Architecture: A Business-Driven Approach;Nicholas A Sherwood;;
1127;Windows 8.1 All-in-One For Dummies;Woody Leonhard;978-1118820872;Wiley
5615;Cleaning Windows XP For Dummies;Allen Wyatt;978-0764575495;Wiley
1123;;;;
5400;;;;
1105;;;;
2358;;;;
126;;;;
4448;;;;
5323;;;;
929;Microsoft Excel 2013: Illustrated Brief;Elizabeth Eisner Reding;978-1285093215;Cengage Learning
5244;Microsoft Windows 7: Illustrated Essentials / Edition 1;Barbara Clemens;978-0538750776;Cengage Learning
1513;Physics for Game Developers: Science, Math, and Code For Realistic Effects;David M Bourg;;
1574;;;;
4480;Dreamweaver CC: The Missing Manual: Covers 2014 release;David Sawyer McFarland;;
6482;AppleScript: The Missing Manual: The Missing Manual;Adam Goldstein;;
9105;iPhoto '11: The Missing Manual;David Pogue;;
9734;Mac OS X, Panther Edition: The Missing Manual;David Pogue;978-0596006150;O'Reilly Media, Incorporated
3861;Photoshop Elements 12: The Missing Manual;Barbara Brundage;978-1449341657;O'Reilly Media, Incorporated
5536;Photoshop Elements 12 For Dummies;Barbara Obermeier;;
5043;Understanding Open Source and Free Software Licensing;Andrew M. St. Laurent;;
1008;Learning SQL;Alan Beaulieu;978-0596520830;O'Reilly Media, Incorporated
6188;Linux Desktop Pocket Reference;David Brickner;978-0596101046;O'Reilly Media, Incorporated
6920;The iPad Pocket Guide;Jeff Carlson;978-0321717580;Peachpit Press
1;Windows 10: The Missing Manual;David Pogue;978-1491947173;O'Reilly Media, Incorporated
3370;Mac OS X Lion: The Missing Manual;David Pogue;978-1449397494;O'Reilly Media, Incorporated
5420;Switching to the Mac: The Missing Manual, Mavericks Edition;David Pogue;978-1449372262;O'Reilly Media, Incorporated
7517;David Pogue's Digital Photography: The Missing Manual;David Pogue;978-0596154035;O'Reilly Media, Incorporated
9958;Essential SharePoint 2007: A Practical Guide for Users, Administrators and Developers;Jeff Webb;978-0596514075;O'Reilly Media, Incorporated
6506;;;;
2430;Office 2011 for Macintosh: The Missing Manual;Chris Grover;978-1449393359;O'Reilly Media, Incorporated
3382;Microsoft Project 2010: The Missing Manual;Bonnie Biafore;978-1449381950;O'Reilly Media, Incorporated
3762;Office 2010: The Missing Manual;Nancy Conner;;
7954;;;;
4168;;;;
6830;;;;
4935;;;;
933;;;;
3069;;;;
7327;Police Technology / Edition 1;Raymond E. Foster LAPD Retired;;
1897;;;;
343;;;;
2969;;;;
6787;;;;
904;;;;
4331;Microsoft .NET - Architecting Applications for the Enterprise;Dino Esposito;;
9094;;;;
371;;;;
823;MOS 2013 Study Guide for Microsoft Outlook;Joan Lambert;978-0735669222;Microsoft Press
421;MOS 2013 Study Guide for Microsoft Excel Expert;Mark Dodge;978-0735669215;Microsoft Press
875;MOS 2013 Study Guide for Microsoft PowerPoint;Joan Lambert;978-0735669239;Microsoft Press
1343;Microsoft Outlook 2013 Plain & Simple;Jim Boyce;978-0735669352;Microsoft Press
4451;;;;
1847;;;;
2118;;;;
6587;Windows Small Business Server 2011 Administrator's Companion;Charlie Russel;;
3545;Analog Interfacing to Embedded Microprocessor Systems / Edition 2;Stuart Ball;978-0750677233;Elsevier Science
4929;Computer Security: Protecting Digital Resources;Robert C Newman;978-0763759940;Jones & Bartlett Learning
129;;;;
5611;;;;
6314;;;;
7170;;;;
1631;Surface For Dummies;Andy Rathbone;978-1118898635;Wiley
2707;Windows 10 For Dummies;Andy Rathbone;978-8820371135;Hoepli
6399;C;;;
655;SAS For Dummies;Stephen McDaniel;;
3381;Adobe Acrobat 6 PDF For Dummies;Greg Harvey;978-0764537608;Wiley
4066;PowerPoint 2007 For Dummies;Doug Lowe;978-0470040591;Wiley
3387;;;;
164;Excel 2013 Power Programming with VBA;John Walkenbach;978-1118490396;Wiley
14;;;;
2036;;;;
967;Excel 2013 VBA and Macros;Bill Jelen;;
146;;;;
7599;;;;
4323;;;;
1693;;;;
2343;;;;
4372;;;;
140;The PMP Exam: How to Pass on Your First Try;Andy Crowe;978-0982760857;Velociteach
5088;Computer Forensics: Hard Disk and Operating Systems / Edition 1;EC-Council;978-1435483507;Cengage Learning
2897;Exploring Adobe InDesign CS6;Terry Rydberg;978-1133693284;Cengage Learning
7764;Adobe InDesign CS5 Illustrated;Ann Fisher;978-0538477871;Cengage Learning
4229;;;;
2933;AARP Word 2010 For Dummies;Dan Gookin;978-1118232620;Wiley
3729;Macs For Dummies;Edward C. Baig;978-1118898697;Wiley
1379;;;;
4754;;;;
3314;Microsoft Windows Operating System Essentials;Tom Carpenter;978-1118195529;Wiley
3735;Laptops For Dummies;Dan Gookin;978-1118115336;Wiley
4440;Samsung Galaxy Note For Dummies;Dan Gookin;978-1118388464;Wiley
185;iPad For Seniors For Dummies;Nancy C. Muir;978-1118944387;Wiley
500;iPhone For Dummies;Edward C. Baig;;
4011;Word 2010 All-in-One For Dummies;Doug Lowe;978-0470487662;Wiley
4563;;;;
5931;Teach Yourself VISUALLY Complete Mac Pro;Paul McFedries;978-1118826454;Wiley
1131;Excel 2007 For Dummies;Greg Harvey;978-0470037379;Wiley
2717;Excel 2003 For Dummies;Greg Harvey;978-0764537561;Wiley
6014;Teach Yourself VISUALLY PCs;Elaine Marmel;978-0470888469;Wiley
633;Computers For Seniors For Dummies;Nancy C. Muir;978-1118115534;Wiley
4662;;;;
282;iPhone For Seniors For Dummies;Nancy C. Muir;978-1118944448;Wiley
2989;Dragon NaturallySpeaking For Dummies;Stephanie Diamond;978-1118961544;Wiley
4495;Digital Literacy For Dummies;Faithe Wempen;978-1118962862;Wiley
5938;;;;
855;Teach Yourself VISUALLY Windows 7;Paul McFedries;978-0470503867;Wiley
3631;AARP Outlook 2010 For Dummies;Bill Dyszel;978-1118232316;Wiley
9485;C;;;
341;Excel 2013 For Dummies, Book + DVD Bundle;Greg Harvey;978-1118559802;Wiley
4439;Excel 2007 VBA Programmer's Reference;John Green;;
4908;Mobile Marketing For Dummies;Michael Becker;;
972;Teach Yourself VISUALLY Android Phones and Tablets;Guy Hart-Davis;978-1118646618;Wiley
5569;;;;
7063;How to Build an Android: The True Story of Philip K. Dick's Robotic Resurrection;David F. Dufty;978-1250032157;Picador
2556;;;;
2092;;;;
3132;;;;
208;Microsoft Office 2013: Illustrated Introductory, First Course;David W. Beskeen;978-1285088488;Cengage Learning
1460;;;;
4450;Microsoft PowerPoint 2010: Illustrated Brief / Edition 1;David W. Beskeen;978-0538748308;Cengage Learning
796;;;;
379;;;;
7433;;;;
3728;Using QuickBooks Accountant 2015 for Accounting (with CD-ROM and Data File CD-ROM);Glenn Owen;978-1305084773;Cengage Learning
8771;;;;
3099;Adobe Photoshop CS6 Revealed;Elizabeth Eisner Reding;978-1133693222;Cengage Learning
1748;Adobe Illustrator CS6 Illustrated;Chris Botello;978-1133526407;Cengage Learning
4906;Adobe Illustrator Creative Cloud Revealed Update (with CourseMate Printed Access Card);Chris Botello;978-1285843285;Cengage Learning
5396;MCTS Guide to Configuring Microsoft Windows Server 2008 Active Directory (Exam ;;;
2780;Oracle 12c: SQL;Joan Casteel;978-1305251038;Cengage Learning
7172;;;;
4427;Fake: Forgery, Lies, and Ebay;Kenneth Walton;978-1416948056;Gallery Books
5170;;;;
2697;CWSP Guide to Wireless Security / Edition 1;Mark Ciampa;978-1418836375;Cengage Learning
2883;Guide to UNIX Using Linux / Edition 4;Michael Palmer;978-1418837235;Cengage Learning
1649;;;;
2971;;;;
5944;Excel 2013 On Demand;Steve Johnson;;
5455;The Ethics of Information Technology and Business / Edition 1;Richard T. De George;;
4839;;;;
5491;Adobe Dreamweaver CS6 Revealed;Sherry Bishop;978-1133693208;Cengage Learning
1360;Beginning Python Visualization: Crafting Visual Transformation Scripts / Edition 1;Shai Vaingast;978-1430218432;Apress
8896;Enterprise Mac Administrator's Guide / Edition 1;Charles Edge;;
6194;;;;
8292;;;;
6638;Building Your Own Electronics Lab: A Guide to Setting Up Your Own Gadget Workshop;Dale Wheat;978-1430243861;Apress
8766;;;;
8363;Pro Unity Game Development with C;;;
2340;;;;
3568;;;;
3791;;;;
5970;;;;
6228;;;;
519;Picture Yourself Learning Corel PaintShop Pro X7;Diane Koers;978-1305506077;Cengage Learning PTR
1687;;;;
4562;;;;
4731;;;;
726;David Busch's Nikon D7100 Guide to Digital SLR Photography;David D. Busch;978-1285763095;Cengage Learning
3304;David Busch's Canon EOS Rebel T3/1100D Guide to Digital SLR Photography;David D. Busch;978-1435460263;Cengage Learning
3824;David Busch's Canon EOS 5D Mark II Guide to Digital SLR Photography;David D. Busch;978-1435454330;Cengage Learning
6311;David Busch's Nikon D3000 Guide to Digital SLR Photography;David D. Busch;978-1435456334;Cengage Learning
6958;David Busch's Nikon D60 Guide to Digital SLR Photography / Edition 1;David D. Busch;978-1598635775;Cengage Learning
9129;David Busch's Sony Alpha NEX-5/NEX-3 Guide to Digital Photography;David D. Busch;978-1435459182;Cengage Learning
3007;David Busch's Nikon D5200 Guide to Digital SLR Photography;David D. Busch;978-1285759838;Cengage Learning
3596;David Busch's Canon Powershot G15 Guide to Digital Photography;David D. Busch;978-1285434667;Cengage Learning
4856;David Busch's Mastering Digital SLR Photography / Edition 3;David D. Busch;978-1435458321;Cengage Learning
8080;David Busch's Canon EOS 50D Guide to Digital SLR Photography;David D. Busch;978-1598639049;Cengage Learning
3994;David Busch's Compact Field Guide for the Nikon D7000;David D. Busch;978-1435459984;Cengage Learning
5495;David Busch's Compact Field Guide for the Nikon D3100;David D. Busch;978-1435459946;Cengage Learning
6140;David Busch's Compact Field Guide for the Nikon D4/D4s;David D. Busch;978-1285424842;Cengage Learning PTR
6797;;;;
6413;;;;
4708;;;;
1991;Inside Cyber Warfare: Mapping the Cyber Underworld;Jeffrey Carr;978-1449310042;O'Reilly Media, Incorporated
2245;;;;
3933;OS X Mavericks: The Missing Manual;David Pogue;978-1449362249;O'Reilly Media, Incorporated
9948;Dreamweaver CS3: The Missing Manual: The Missing Manual;David Sawyer McFarland;978-0596554484;O'Reilly Media, Incorporated
6075;Hackers and Painters: Big Ideas from the Computer Age;Paul Graham;978-1449389550;O'Reilly Media, Incorporated
545;;;;
6340;;;;
1084;;;;
9319;SQL Server Interview Questions You'll Most Likely Be Asked;Vibrant Publishers;294-0012693976;Vibrant Publishers
9382;HTML5 Interview Questions You'll Most Likely Be Asked;Vibrant Publishers;294-0013642874;Vibrant Publishers
1710;;;;
6142;;;;
4365;PMI-Acp Exam Prep Study Guide: Extra Preparation for PMI-Acp Certification Examination;Pmp McTs PMI-Acp Vaishampayan;978-1491735565;iUniverse, Incorporated
5028;Programming Google App Engine with Python: Build and Run Scalable Python Apps on Google's Infrastructure;Dan Sanderson;978-1491900253;O'Reilly Media, Incorporated
5767;Fundamentals of IOS 8: With iPhone 6;Kevin Wilson;978-1502476487;CreateSpace Publishing
5538;Beginning iOS Development with Swift: Create Your Own iOS Apps Today;PawPrints Learning Technologies;978-1507822357;CreateSpace Publishing
1494;Steve Jobs (en espaol);Walter Isaacson;978-0307950284;Knopf Doubleday Publishing Group
927;Microsoft? Access? 2010 Programming By Example: with VBA, XML, and ASP;Julitta Korol;978-1936420025;Mercury Learning and Information
4274;;;;
5882;Persuasive Technology: Using Computers to Change What We Think and Do / Edition 1;B.J. Fogg;978-1558606432;Elsevier Science
8939;Digital Video and HD: Algorithms and Interfaces / Edition 2;Charles Poynton;978-0123919267;Elsevier Science
163;Adobe Photoshop CC Classroom in a Book;Kordes Adobe Creative Team;978-0133924442;Adobe Press
2653;Adobe Premiere Elements 8 Classroom in a Book;Adobe Creative Team;978-0132089319;Pearson Education
5793;Adobe After Effects CS5 Classroom in a Book;Adobe Creative Team;978-0321704498;Adobe Press
603;Windows 8 For Dummies;Andy Rathbone;978-1118134610;Wiley
245;C Programming Language / Edition 2;Brian W. Kernighan;;
1882;;;;
4235;;;;
2172;;;;
376;FE Exam Review: Electrical and Computer Engineering / Edition 1;Myron E. Sveum PE;978-1591260691;Professional Publications, Incorporated
364;Trust Me, I'm Lying: Confessions of a Media Manipulator;Ryan Holiday;978-1591846284;Penguin Publishing Group
6249;Programming iOS 7;Matt Neuburg;978-1449372347;O'Reilly Media, Incorporated
2062;;;;
5910;Security Risk Management: Building an Information Security Risk Management Program from the Ground Up;Evan Wheeler;978-1597496155;Elsevier Science
8296;DarkBASIC Pro Game Programming / Edition 2;Jonathan S. Harbour;;
285;Adobe Photoshop Lightroom CC (2015 release) / Lightroom 6 Classroom in a Book;John Evans;978-0133924824;Adobe Press
3895;;;;
3447;David Busch's Canon EOS Rebel T4i/650D Guide to Digital SLR Photography;David D. Busch;978-1285424576;Cengage Learning
4477;David Busch's Nikon D7000 Guide to Digital SLR Photography;David D. Busch;978-1435459427;Cengage Learning
1170;David Busch's Canon EOS Rebel SL1/100D Guide to Digital SLR Photography;David D. Busch;978-1285839165;Cengage Learning
1593;David Busch's Nikon D3100 Guide to Digital SLR Photography;David D. Busch;978-1435459403;Cengage Learning
4902;David Busch's Nikon D3s/D3x Guide to Digital SLR Photography;David D. Busch;978-1435454347;Cengage Learning
1159;David Busch's Canon EOS 6D Guide to Digital SLR Photography;David D. Busch;978-1285434629;Cengage Learning
4840;David Busch's Sony Alpha SLT-A65 Guide to Digital Photography;David D. Busch;978-1133597124;Cengage Learning
6179;David Busch's Compact Field Guide for the Canon EOS Rebel T2i/550D;David D. Busch;978-1435458765;Cengage Learning
6596;Canon EOS 40D Guide to Digital Photography / Edition 1;David D. Busch;978-1598635102;Cengage Learning
5855;;;;
6580;;;;
2471;Composition for Computer Musicians;Michael Hewitt;978-1598638615;Cengage Learning
6707;David Busch's Canon EOS Rebel T2i/550D Guide to Digital SLR Photography;David D. Busch;978-1435457669;Cengage Learning
6006;WordPress In Depth;Bud E. Smith;;
8673;;;;
862;Pivot Table Data Crunching: Microsoft Excel 2010;Bill Jelen;;
4581;From Gutenberg to Zuckerberg: Disruptive Innovation in the Age of the Internet;John Naughton;978-1623658786;Quercus
9557;Comptia A+ Exam Preparation Course In A Book For Passing The Comptia A+ Certified Exam - The How To Pass On Your First Try Certification Study Guide;William Manning;978-1742441979;Emereo Pty Ltd
6356;Microsoft Dynamics GP 2013 Financial Management;Ian Grieve;978-1782171300;Packt Publishing
9342;Marketing Automation with Eloqua;Ben Griffith;978-1782177784;Packt Publishing
7909;Reporting with Visual Studio and Crystal Reports;Mahmoud Elkoush;978-1782178026;Packt Publishing
5935;Photoshop Elements 13 in Easy Steps;Nick Vandome;978-1840786408;In Easy Steps Limited
4686;Computing for Seniors in Easy Steps: Updated for Windows 7;Sue Price;978-1840783995;In Easy Steps Limited
5260;;;;
3406;;;;
2191;Computer Graphics: Principles and Practice / Edition 3;John F. Hughes;;
6418;;;;
6274;;;;
9361;Digital Photo Editing for Seniors: Learn How to Edit Your Digital Photos with Arcsoft PhotoStudio;Addo Stuur;978-9059050648;Visual Steps Publishing
2802;iPhone with iOS 9 and Higher for Seniors: Get Started Quickly with the iPhone;Studio Visual Steps;978-9059056916;Visual Steps Publishing
4503;Tips and Tricks for the iPad with iOS 8 for Seniors: Get More Out of Your iPad;Studio Visual Steps;978-9059053908;Visual Steps Publishing
8300;Samsung Galaxy Tab for Seniors: Get Started Quickly with This User-Friendly Tablet;Studio Visual Steps;978-9059054417;Visual Steps Publishing
5867;101 Nook Color Tips, Tricks, and Hacks: The Unofficial Guide to Getting the Most Out of the Newest Nook eReader;Minute Help Guides;978-1610423502;Minute Help Press
1701;iPod: The Missing Manual;Biersdorfer;978-1449316198;O'Reilly Media, Incorporated
5856;View and Manage Your Photos on the iPad: The Mini Missing Manual;J. D. Biersdorfer;978-1449390631;O'Reilly Media, Incorporated
6096;iPad: The Missing Manual;Biersdorfer;978-1449316181;O'Reilly Media, Incorporated
9424;How to Play Rift: Your Step-By-Step Guide to Playing Rift;HowExpert;294-0033113088;HowExpert Press
2953;What's New in Adobe AIR 3;Joseph Labrecque;978-1449318659;O'Reilly Media, Incorporated
4425;A Newbies Guide to Apple Watch: The Unofficial Guide to Getting the Most Out of Apple Watch;Minute Help Guides;978-1512021035;CreateSpace Publishing
3835;Premiere Pro CS6 Digital Classroom;Jerron Smith;;
9885;CCNA Security 640-554 Quick Reference;Anthony Sequeira;978-0133057478;Pearson Education
48;JavaScript and HTML5 Now;Kyle Simpson;978-1449339067;O'Reilly Media, Incorporated
298;Help Me! Guide to the iPad Air 2: Step-by-Step User Guide for the Sixth Generation iPad and iOS 8;Charles Hughes;978-1505629866;CreateSpace Publishing
8829;The eyeon Fusion 6.3: A Tutorial Approach;Sham Tickoo;294-0148557029;CADCIM
4199;Getting Started with ASP.NET 5 for OS X, Linux, and Windows;Agus Kurniawan;978-1329195882;Lulu.com
9564;Getting Started with pcDuino3;Agus Kurniawan;978-1312646940;Lulu.com
5682;Industrial Internet;Jon Bruner;978-1449365905;O'Reilly Media, Incorporated
454;Real-Time Big Data Analytics: Emerging Architecture;Mike Barlow;978-1449364694;O'Reilly Media, Incorporated
7416;;;;
8935;Group Policy Administration: The Personal Trainer for Windows Server 2008 and Windows Server 2008 R2;William Stanek;978-1627161626;Stanek & Associates
1285;Windows Command Line: The Personal Trainer for Windows 8.1 Windows Server 2012 and Windows Server 2012 R2;William Stanek;978-1627164139;RP Media
1747;;;;
197;Mastering Excel Macros: Introduction;Mark Moore;294-0046327472;Mark Moore
6007;Content Chemistry: An Illustrated Handbook for Content Marketing;Andy Crestodina;978-0988336438;Orbit Media Studios, Inc
59;Samsung Galaxy Tab 4 User Manual: Tips & Tricks Guide for Your Tablet!;Shelby Johnson;978-0692272497;RAM Internet Media
2237;;;;
1527;The Basics of Digital Forensics: The Primer for Getting Started in Digital Forensics;John Sammons;978-0128016350;Elsevier Science
3527;Go Programming by Example;Agus Kurniawan;978-1312939301;Lulu.com
347;Mike Meyers' CompTIA A+ Guide to Managing and Troubleshooting PCs, 4th Edition (Exams 220-801 & 220-802);Mike Meyers;978-0071809481;McGraw-Hill Education
209;Microsoft Azure Essentials - Fundamentals of Azure;Michael Collier;;
5623;Getting Started with Arduino and Python;Agus Kurniawan;978-1312021174;Lulu.com
5432;The Internet Of Garbage;Sarah Jeong;978-1508018865;Forbes Media
6437;Office XP Para Dummies (Office XP for Dummies);Wallace Wang;;
9256;Microsoft Office XP for Dummies;Wallace Wang;;
8647;SVG Essentials;J. David Eisenberg;;
