metrica;NR_CPF_CANDIDATO;NM_CANDIDATO;DS_GENERO;DS_ESTADO_CIVIL;DS_COR_RACA;DS_OCUPACAO;DS_NACIONALIDADE;SG_UF;DT_NASCIMENTO;SG_UF_NASCIMENTO;NM_MUNICIPIO_NASCIMENTO;DS_GRAU_INSTRUCAO;NM_EMAIL
count;2001;2001;2001;2001;2001;2001;2001;2001;2001;2001;2001;2001;2001
unique;1999;1997;2;5;5;138;3;28;1876;27;897;7;1396
top;15705099487;FRANCISCO JOSÉ DA SILVA;MASCULINO;CASADO(A);BRANCA;OUTROS;BRASILEIRA NATA;SP;11/03/1965;RJ;RIO DE JANEIRO;SUPERIOR COMPLETO;#NULO#
freq;2;2;1337;1052;1096;371;1992;275;3;258;165;928;470
nan;0;0;0;0;0;0;0;0;0;0;0;0;0
