metrica;NR_CPF_CANDIDATO;NM_CANDIDATO;DS_GENERO;DS_ESTADO_CIVIL;DS_COR_RACA;DS_OCUPACAO;DS_NACIONALIDADE;SG_UF;DT_NASCIMENTO;SG_UF_NASCIMENTO;NM_MUNICIPIO_NASCIMENTO;DS_GRAU_INSTRUCAO;NM_EMAIL
count;2000;2000;2000;2000;2000;2000;2000;2000;2000;2000;2000;2000;2000
unique;1999;1999;2;5;5;141;2;28;1872;28;897;7;1455
top;47555882604;ANTONIO AUGUSTO JUNHO ANASTASIA;MASCULINO;CASADO(A);BRANCA;OUTROS;BRASILEIRA NATA;RJ;15/05/1967;RJ;RIO DE JANEIRO;SUPERIOR COMPLETO;#NULO#
freq;2;2;1369;1066;1100;374;1994;294;3;281;168;899;396
nan;0;0;0;0;0;0;0;0;0;0;0;0;0
