id;lastname;firstname;middlename;namesufix;birthyear;gender;date_registration;street_name;extension;city;state;zip
86723;DICKINSON;DAVID;LEE;;1966;M;8031991;CANAL;LOT 89;LANSING;MI;48917
4186284;ERB;JAMES;W;;1929;M;10011976;ORLEANS;;BATTLE CREEK;MI;49015
205489;BRIGHT;TONYA;;;1971;F;11041992;MANN;#236;CLARKSTON;MI;48346
253743;DAVIS;ROBERT;;;1937;M;10102000;PIEDMONT;;DETROIT;MI;48223
318657;BALLARD;SPENCER;LLOYD;;1944;M;10042004;OAK;;DETROIT;MI;48221
377098;WILSON;VERNON;EARL;;1946;M;10102000;GRANDVILLE;;DETROIT;MI;48219
439992;WINFREY;MARILYN;CELESTER;;1943;F;10102000;BIRWOOD;;DETROIT;MI;48238
501249;GODDARD;CARMELITA;;;1937;F;10102000;WATERMAN;;DETROIT;MI;48209
544333;JONES;FAITH;DENISE;;1956;F;9141995;HARLOW;;DETROIT;MI;48235
709068;ELLIS;NANCY;CARROL;;1965;F;10101995;CUSTER;;UTICA;MI;48317
767131;MANNING;CALVIN;EUGENE;;1968;M;10102000;LONGFELLOW;;DETROIT;MI;48206
886084;ANDERSON;OLLIE;;;1943;M;9191968;HARNED;;DETROIT;MI;48234
8234935;HAMMON;VERA;EARLENE;;1941;F;8031987;FOREST LAKE;;ALGER;MI;48610
1270153;SAYLOR;CYNTHIA;LOUISE;;1959;F;9081995;COON LAKE;;HOWELL;MI;48843
3269828;MORRISON;CLARA;JEAN;;1936;F;9281960;HORATIO;;CHARLOTTE;MI;48813
3624874;HOEZEE;ELIZABETH;;;1949;F;2091976;14TH;;HOLLAND;MI;49423
3588620;BENENATI;MARION;DOLORES;;1928;F;10221996;CREEKSIDE;;CLINTON TOWNSHIP;MI;48038
4309779;SICKINGER;KATHLEEN;JO;;1951;F;4101972;KENDAL;;DEARBORN;MI;48126
1740515;PRESTON;REGINA;LORRENE;;1961;F;2251993;REYMONT;;WATERFORD;MI;48327
5135666;STUDHOLME;THOMAS;R;;1940;M;12061991;LIDDY;;BRIGHTON;MI;48114
3563716;MORAWSKI;TIMOTHY;CAMILLE;;1948;M;5051976;EUNA VISTA;;HOLLAND;MI;49423
2035219;FELKER;JENNIFER;MARIE;;1975;F;7201994;WILLIAMS LAKE;;WATERFORD;MI;48329
2036581;MEIROW;MARK;ANDREW;;1967;M;1121996;PARKRIDGE;;WATERFORD;MI;48329
3525678;NEWHOUSE;DOROTHY;GENE;;1944;F;5101995;CHATHAM;;FLINT;MI;48505
4865423;STIGLICH;WILLIAM;BLASE;;1934;M;8031964;STANLEY;;MOUNT MORRIS;MI;48458
2575948;MOORE;JOSEPH;HENRY;JR;1939;M;12011977;SERENITY;;OAKLAND;MI;48363
3441895;LUX;WALTRAUD;S;;1931;F;8011978;LORETTA;;WARREN;MI;48091
6317346;RAMSEY;BILLY;RAY;;1958;M;3201998;ELZA;;HAZEL PARK;MI;48030
2816728;DAILEY;MARSHA;L;;1949;F;4041990;MAIN;#1;CLARKSTON;MI;48346
4624455;MUSSER;CHRISTIAN;WILKIE;;1920;F;10061952;WASHINGTON;;MICHIGAN CENTER;MI;49254
3004196;WILSON;PEGGY;MURPHY;;1949;F;3051998;SUPERIOR;;YPSILANTI;MI;48198
4004348751;DEJONG;AMY;LYNN;;1982;F;7082004;PERKINS;;GRAND RAPIDS;MI;49505
3173812;VANHEULEN;NORMAN;K;;1933;M;11201997;QUAIL COVE;;KALAMAZOO;MI;49009
3798001;PROKOP;TIMOTHY;LAWRENCE;;1957;M;12181995;ARCADIA;;NOVI;MI;48374
3810973;HOGAN;HELEN;LOUISE;;1929;F;7071952;ANNESLEY;;SAGINAW;MI;48601
3985744;HYDE;NANCY;RAE;;1943;F;2211991;ELLENDALE;;KALAMAZOO;MI;49006
104448682;ASHLEY;TRACEY;;;1966;F;9231998;STOTTER;;DETROIT;MI;48234
4017809;RUPLEY;MARY;CLAIRE;;1948;F;10141997;SCENIC;;NORTHVILLE;MI;48167
4039429;PAYNE;WILLIAM;SAMUEL;;1948;M;11071989;GENESEE;;LANSING;MI;48915
4068120;BROCK;RENEE;LEE;;1976;F;4201994;BROOK;;LANSING;MI;48906
4087654;STRONG;JEFFERY;ALAN;;1959;M;7161990;MORRELL;;JACKSON;MI;49203
4133852;KENTFIELD;KELLY;RAY;;1967;F;1171991;LANSING;;SAINT JOHNS;MI;48879
4460613;COHEN;LAUREN;ALLYSON;;1962;F;8031992;PEBBLE CREEK;;ANN ARBOR;MI;48108
4473263;CARLSON;KRISSA;MARIE;;1971;F;10031996;ABBOTT;;ANN ARBOR;MI;48103
4544593;BENDER;JAMIE;MARIE;;1974;F;8301996;BROADVIEW;APT 307;ANN ARBOR;MI;48105
5166433;GICK;ANTHONY;LEWIS;;1949;M;9291997;PLAZA;;TAYLOR;MI;48180
5170899;TODD;JULIA;;;1934;F;9031986;BAYVIEW;;CHESTERFIELD;MI;48047
5249409;DUKARSKI;KIMBERLY;LORE;;1967;F;3021998;LENG;;BAY CITY;MI;48706
5422455;HARBOURNE;LUKUS;LEE;;1976;M;7071994;KING;;BAY CITY;MI;48706
7039618;ENGLISH;CINDY;LEE;;1957;F;8251994;CALKINS;;DRYDEN;MI;48428
8355698;ECKERD;LORRAINE;CAROLINE;;1941;F;11071972;HOTCHKISS;;BAY CITY;MI;48706
5608910;ALIE;GEORGE;A;;1964;M;2151994;MILHAM;;PORTAGE;MI;49024
5619854;DEVINE;JANET;K;;1929;F;11131996;ROTHBURY;;PORTAGE;MI;49024
5882990;LEMMEN;JANE;LAUREL;;1961;F;1011996;145TH;;HOLLAND;MI;49424
5918025;SULLIVAN;MARLENE;K;;1955;F;2181992;SHORT CUT;;FAIR HAVEN;MI;48023
850000471;CIOSEK;JOSEPH;MARTIN;;1928;M;10061994;PARKWOOD;;DAVISON;MI;48423
6460552;KLUG;ELEANOR;MARIE;;1919;F;10131948;RIVER;;SODUS;MI;49126
6616373;BORSKE;PATRICIA;A;;1931;F;9241980;REDMAN;;LAKE CITY;MI;49651
6638113;KUJAWSKI;KIRK;DAVID;;1952;M;3221988;JAQUAY;;BOYNE CITY;MI;49712
665000321;DAVIS;KIM;MICHELLE;;1960;F;6271997;EATON GATE;;AUBURN HILLS;MI;48326
6715534;ROBINSON;ANGELIA;IRINE;;1967;F;10141993;56TH;;GRAND JUNCTION;MI;49056
6753099;WARNER;CAROL;LOUISE;;1939;F;9261968;ARCHWOOD;;WAYLAND;MI;49348
6809811;MILLER;SUSAN;M;;1947;F;2281989;JOAN;;DORR;MI;49323
7049643;TROBRIDGE;DUANE;BENTON;;1941;M;12261991;155TH;;GRAND HAVEN;MI;49417
7190685;BOUTELL;DAVID;FRANCIS;;1940;M;3241988;QUINCY;;GRANDVILLE;MI;49418
7420587;HARTING;MENDI;DEE;;1971;F;5131998;FREDERICKS;;LAMBERTVILLE;MI;48144
1555000320;OAS;JUDY;ANN;;1941;F;12171993;KING;APT 116;MARINE CITY;MI;48039
950000218;AUTHIER;PAULETTE;;;1954;F;4261991;28 MILE;;NEW HAVEN;MI;48048
7480956;GARRETT;FREDERICK;R;;1937;M;2261937;LAGOON;;ALGER;MI;48610
107928213;ATEN;ANGELA;ANNE;;1974;F;7252013;BLAIR TOWNHALL;;KINGSLEY;MI;49649
7728338;GERDING;DAVAN;JOSEPH;;1979;M;6301998;WEBSTER;;JACKSON;MI;49203
7838645;GRACZYK;J;EDWARD;;1951;M;10221984;SPRINGBROOK;;TROY;MI;48098
7868748;KRAJEWSKI;JOANN;P;;1934;F;4121994;GOOD HARBOR;;CEDAR;MI;49621
7972726;EMMEL;JASON;ANDREW;;1973;M;4271992;HENDERSON LAKE;;PRESCOTT;MI;48756
8001170;LAPOINTE;ELIZABETH;;;1947;F;6131972;IRENE;;POSEN;MI;49776
675000544;HOH;JOHN;MACK;;1944;M;7311998;HERRINGTON;;HOLLY;MI;48442
2275003084;ALMANZA;HEATHER;MARIE;;1979;F;8111998;GREAT NORTHERN;;HOLLAND;MI;49424
8223345;COCH;CECYLIA;;;1931;F;8271998;JOSE;;OMER;MI;48749
8318692;GRAHAM;DAVID;ANTHONY;;1958;M;1011984;HIVON;;CARLETON;MI;48117
103966549;CROSBY;LAURIE;LYNN;;1980;F;12052008;SOUTHERN;;MUSKEGON;MI;49441
8459006;SCHANTZ;DANIEL;ALAN;;1967;M;10261998;MCKINLEY;;FLUSHING;MI;48433
8663517;FYOLEK;JAMMIE;HUEBNER;;1965;F;9271996;MCCASLIN LAKE;;LINDEN;MI;48451
930002485;JIVIDEN;RONALD;DEAN;;1945;M;3101999;STACEY;;BROWNSTOWN TOWNSHIP;MI;48183
9034421;POUPARD;DENNIS;STEPHAN;;1951;M;6241999;ARCADIA;;STERLING HEIGHTS;MI;48313
4004356013;CLEMMO;PATRICIA;ANN;;1926;F;8032006;4TH;APT 713;ANN ARBOR;MI;48104
9188307;MAHITKA;KEITH;ALLEN;;1978;M;8301999;FOREST;;RIVER ROUGE;MI;48218
995000375;CERANSKI;JAMES;DAVID;;1948;M;8241999;BOUTELL;;ESSEXVILLE;MI;48732
9479204;WOOD;JAMES;TAYLOR;;1964;M;1272000;VANKAL;;LAWTON;MI;49065
9508515;MIDDAUGH;DAVID;KEITH;;1971;M;2102000;OAK;;NEWAYGO;MI;49337
104333904;MAIZE;MICHAEL;G;;1986;M;6032009;THORNTON;;FLINT;MI;48504
9617335;MCCAULEY;MARCUS;KEVIN;;1975;M;4032000;NORCHESTER;;SOUTH LYON;MI;48178
9800576;WILLIAMS;PAULA;FRANCES;;1968;F;6122000;STAFFORD;;CLINTON TOWNSHIP;MI;48035
9860612;SHIPMAN;BRIAN;JAMES;;1968;M;7052000;HYDRA;;LANSING;MI;48911
9887833;BATTAH;THERESE;;;1927;F;9221960;FOUNTAIN PARK;APT 355;WESTLAND;MI;48185
370004282;GARG;SHARDA;J;;1943;F;9082000;CLEVELAND;;SHELBY TOWNSHIP;MI;48316
1630015765;RAYCHAUDHURI;MAYUKH;;;1981;M;9072000;THOMPSON;RM 426;ANN ARBOR;MI;48109
10109090;MCDANIEL;CONNIE;LOU;;1939;F;9222000;VALENTINE;;HASTINGS;MI;49058
10140265;MULKI;MARIA;MONICA;;1973;F;10022000;HOLLY SPRING;;GRAND BLANC;MI;48439
925004449;IMPROTA;CARLO;ANTHONY;;1982;M;10102000;BELLAIRE;;ALLEN PARK;MI;48101
10219392;TAYLOR;MICHAEL;LEE;;1956;M;10162000;WALTERS;;SAGINAW;MI;48601
10296119;REVITTE;SUSAN;ANN;;1948;F;11152000;COURT;;PLAINWELL;MI;49080
10362332;DUSHAJ;LISA;;;1978;F;12192000;EASTLAWN;;ROCHESTER HILLS;MI;48307
10399574;BONDY;KERRY;LYNN;;1972;F;3132000;HURON;APT 1;ANN ARBOR;MI;48104
10506071;WAGLEY;JOSEPH;LAFAYETTE;III;1959;M;11051996;MEADOWBROOK;;ADRIAN;MI;49221
10568654;DUNN;PETER;LYNN;;1965;M;6201996;CENTER;;SIX LAKES;MI;48886
10611245;BAKER;BRET;STEVEN;;1966;M;4182001;PICKWICK;;FLINT;MI;48507
4000110982;GELLING;JOHN;WILLIAM;;1946;M;11051996;2ND;;KALAMAZOO;MI;49009
108092083;AVERY;KENNETH;DALE;;1950;M;9192013;KEIBER;;GREENVILLE;MI;48838
4000375795;CAMPBELL;TROY;;;1974;M;11292001;LAKEVIEW;APT 7107;WESTLAND;MI;48185
106884224;ATANOSIAN-BAX;JENNIFER;AMY;;1978;F;5302012;MORRISON;;CANTON;MI;48187
106379017;TABOR;MICHAEL;HUGH;;1972;M;10292011;CHURCH;APT 1;ARMADA;MI;48005
1890010672;BURT;ALICE;TRUSS;;1920;F;8191992;VILLAGE;APT 106;MUSKEGON;MI;49442
4000394164;AMEY;JOHN;DAVID;;1974;M;8092000;DETROIT;;HARRISON TOWNSHIP;MI;48045
4000517335;SAVAGE;LORIA;ANN;;1966;F;2192002;16 1/2 MILE;#237;STERLING HEIGHTS;MI;48312
1410004392;CAVANAUGH;MISTY;JO;;1975;F;2282002;MERCER;;PINCONNING;MI;48650
4000608690;CAMPBELL;CASSANDRA;SUE;;1970;F;4032002;MORLEY;;WILLIS;MI;48191
108088832;AL-DABBAGH;ANWAR;SABAH;;1984;F;9262013;RUTHERFORD;;DETROIT;MI;48228
107541159;MEEKIE;CORTRINA;SHANTELL;;1977;F;4281998;STONEBROOK;;GRAND RAPIDS;MI;49505
4000736185;STEVENS;RAYMOND;SHAWN;;1966;M;5312002;FLANDERS;;WARREN;MI;48088
102925302;BELKOWSKI;WALTER;CASMIR;JR;1944;M;10122007;ROCKFORD;;WHITE LAKE;MI;48386
4000833125;CHRISTIANSEN;KIMBERLY;ANNE;;1976;F;7122002;GARDEN;;WHITMORE LAKE;MI;48189
4000995372;STARK;DAVID;BOYD;;1974;M;9112002;KNOLLWOOD;;ALLENDALE;MI;49401
4001005305;LONG;JASON;JOSEPH;;1977;M;9162002;LYNNHURST;;MACOMB;MI;48042
108682596;HARKNESS;AMBER;MICHELLE;;1988;F;6292014;FAIRMOUNT;;GRAND RAPIDS;MI;49506
4001139356;CASTLE;STACY;LYNN;;1974;F;11062002;BROWN;;MUNGER;MI;48747
4001157791;HILLS;PHYLLIS;FALLON;;1949;F;11142002;OAKWOOD;;EASTPOINTE;MI;48021
103866755;MORRIS;TONI;NICOLE;;1971;F;10162008;FENIMORE;;KALAMAZOO;MI;49048
107942916;ANDREWS;TALETHA;JANEE;;1990;F;7122011;FULTON;APT 126;GRAND RAPIDS;MI;49503
103287082;CARLSTROM;JOHN;RAYMOND;JR;1984;M;3212008;BASELINE;;MOUNT PLEASANT;MI;48858
4001352864;CARTER;JENNIFER;MICHELLE;;1978;F;2192003;OKEMOS;;HASLETT;MI;48840
205007678;WOODARD;CORY;STEVEN;;1985;M;4082003;STOLL;;LANSING;MI;48917
1660006522;CRAIN;BRIAN;CHARLES;;1970;M;8182005;WOODWILL;;PRESCOTT;MI;48756
104364778;JADWIN-CAKMAK;LAURA;ANNE;;1986;F;9022004;ISLAND DRIVE;APT 104;ANN ARBOR;MI;48105
106858644;CLEM;AARON;LEROY;;1992;M;5172012;SHAW;APT A7;HOWARD CITY;MI;49329
106637197;DUNCAN-GRAVES;PATRICIA;;;1969;F;2252008;BALFOUR;;DETROIT;MI;48224
4001624549;ELMER;MARK;HARVEY;;1959;M;6252003;TORREY;;FENTON;MI;48430
4001636651;FREY;SHELLIE;RAE;;1974;F;6302003;22 MILE;;SAND LAKE;MI;49343
1070012952;ZAINEA;CHRISTOPHER;GEORGE;;1964;M;1252007;JULIE;;PORTAGE;MI;49024
4001710118;GOFF;STANLEY;DWAYNE;;1961;M;6272003;2ND;STE 311F;DETROIT;MI;48201
108140873;OGRADY;BARBARA;CHARLOTTE;;1977;F;10192013;STEVENS;;KALAMAZOO;MI;49008
106601606;MAKSION;ROBIN;LYNN;;1960;F;2022012;PARDEE;;DEARBORN;MI;48124
102911307;BELL;LATOYA;KATRICE;;1988;F;10082007;GRANDVILLE;;DETROIT;MI;48219
103584775;BRADLEY;DEBBY;ANN;;1954;F;7252008;AUDUBON;;DETROIT;MI;48224
104755184;BRECKENRIDGE;MICHAEL;LEWIS;;1979;M;1062009;WOODINGHAM;;DETROIT;MI;48238
104279683;MCCREGG;FLORA;JEAN;;1951;F;5072009;NAVAJO;;ROMULUS;MI;48174
102815437;JACKMAN;GREGORY;RYAN;;1980;M;8302007;BENJAMIN;;STERLING HEIGHTS;MI;48310
4002111963;COHEN;KEYON;VERSHAWN;;1982;M;1202004;BERKSHIRE;;DETROIT;MI;48224
107812942;AHMED;TANWEER;;;1956;M;6072013;DANFORD CREEK;APT 3D;KALAMAZOO;MI;49009
105915042;GUNDERSON;JULIE;ROSE;;1960;F;4142011;LYLES;;KENTWOOD;MI;49548
105667404;FORD;ROSE;MAE;;1953;F;6122008;DOUGLAS;APT 708;KALAMAZOO;MI;49007
1610008199;ARMSTRONG;CHARLES;JAMES;;1951;M;2232004;HAWKS NEST;;EAST CHINA;MI;48054
108402069;GASTON;ERICA;DIONNE;;1983;F;2202004;WILTSHIRE;;SOUTHFIELD;MI;48076
1450008201;STEWART;KIM;E;;1951;F;10032003;STONE;;MILLINGTON;MI;48746
4002277354;GRAFTON;ALVIN;DELFORD;;1952;M;3252004;MARK TWAIN;;DETROIT;MI;48235
104440368;MURPHY;KRISTY;ELAINE-VERONICA;;1977;F;7222009;MERRICK;;DEARBORN HEIGHTS;MI;48125
105987138;WINCHEL;SAMANTHA;LYNN;;1988;F;5192011;HOYT;;MUSKEGON;MI;49442
102625982;FEDERICO;AMY;MARIE;;1973;F;6142007;FOREST WAY;;BRIGHTON;MI;48116
4002395676;PIRRAMI;JOSEPH;JAMES;III;1976;M;5132004;LONGFELLOW;;MADISON HEIGHTS;MI;48071
4002379438;STEVENS;COLLEEN;SUE;;1958;F;11151989;SUNNINGDALE;;GROSSE POINTE WOODS;MI;48236
4002392176;MUTCH;KIMBERLY;ANN;;1982;F;5122004;OKEMOS;;GRAND RAPIDS;MI;49506
4002393070;SMITH;CARYN;MAYTRESS;;1985;F;5122004;WELLESLEY;;DETROIT;MI;48203
4002471487;KNAPP;YVONNE;;;1953;F;6152004;MANCHESTER;;BROWNSTOWN TOWNSHIP;MI;48134
106506332;VINCENT;KAYLA;MARIE;;1984;F;12212011;ANNAPOLIS;;DEARBORN HEIGHTS;MI;48125
4002484538;CARROLL;MILDRED;E;;1933;F;8011990;CHIPMAN;APT 1;OWOSSO;MI;48867
680002704;PETERSON;JEFFREY;EDWARD;;1989;M;2192008;SMALLWOOD;;FRANKLIN;MI;48025
102211458;HIBBS;AMY;MARIE;;1974;F;11302006;COVINGTON;;JACKSON;MI;49201
4002479632;SEAMAN;THOMAS;JOHN;;1969;M;6172004;MAJESTIC;;ROCHESTER HILLS;MI;48306
4002571861;LUCIK;LORI;LYNN;;1968;F;7232004;WILLITS;;FOSTORIA;MI;48435
4002625530;HOKANSON;JEFFREY;LYNN;;1962;M;8092004;GREENFIELD;;FLINT;MI;48503
104581267;POPMA;NICOLE;CHRISTINE;;1989;F;2082008;10TH;APT 2;GRAND RAPIDS;MI;49504
4002770394;HARRIS;PAULA;;;1966;F;9212004;PROSPECT;;FLINT;MI;48504
4002798935;HIOTT;STEPHEN;DAVID;;1964;M;9282004;GARGANTUA;;CLAWSON;MI;48017
1150000489;HOLT;CHELSEA;ROSE;;1986;F;9092004;VERNON;;DURAND;MI;48429
106480942;RUFFIN;MARION;ELIZABETH;;1958;F;10101977;LAMONT;;DETROIT;MI;48234
107962373;BANKSTON;RAYMOND;LOZELL;;1970;M;9102012;LONGVIEW;;DETROIT;MI;48213
103952283;TYLER;WILLIAM;HARRY;;1949;M;8221997;STONEYBROOK;;HUBBARDSTON;MI;48845
105988116;DYER;CURTIS;DWAYNE;;1977;M;7282008;PINEHURST;;DETROIT;MI;48221
102375099;FELL;MARK;JEFFREY;;1966;M;2162007;HICKORY;;TRAVERSE CITY;MI;49685
108468635;BENEDICT;CHRISTOPHER;MICHAEL;;1990;M;3202014;READY;;SOUTH ROCKWOOD;MI;48179
107965934;BOYCE;MARIA;ELLEN;;1992;F;8092013;SILVER LAKE;;SAUGATUCK;MI;49453
4002887015;ZAGRZEBSKI;MELISSA;DALE;;1966;F;10152004;M 216;;MARCELLUS;MI;49067
103896615;BROWN;JUSTIN;PERRY;;1988;M;10312008;AMSTERDAM;;CLIO;MI;48420
1640019157;ALLEN;WILLIAM;LEE;;1978;M;8162006;7TH;;SAGINAW;MI;48601
107035753;HUMPHREYS;EVAN;JEFFREY;;1992;M;7262012;GREENVILLE;;GREENVILLE;MI;48838
4002939487;GRODI;ELIZABETH;BERNICE;;1929;F;11082004;IDA EAST;;IDA;MI;48140
4003013378;PRIEST;CATHY;SUE;;1955;F;12271993;SEYMOUR LAKE;;ORTONVILLE;MI;48462
4002981546;SWARTHOUT;NORITA;ANN;;1964;F;11242004;MAPLE;;BANNISTER;MI;48807
106759183;MEHER;MINDI;ALLYN;;1990;F;4052012;GREENWOOD;;MIDDLEVILLE;MI;49333
4003054073;KABBANI;HICHAM;MOHAMED;;1945;M;1032005;DENTON HILL;;FENTON;MI;48430
106381191;RUSSETTE;TIMOTHY;MICHAEL;;1966;M;10272011;GRAND RIVER;;NOVI;MI;48375
4004285637;KITCHEN;JANET;MAE;;1935;F;7052006;GILFORD;;DEFORD;MI;48729
104749620;ROBINSON;JACQUELINE;MARIE;;1985;F;11252009;RUSSELL;;LINCOLN PARK;MI;48146
4003324882;LEVERENZ;QUYNH;MAI;;1970;F;5052005;CHARLWOOD;;ROCHESTER HILLS;MI;48306
108207520;ELLIS;GREGORY;ONEIL;;1973;M;11142013;WILLOW;APT T2;WESTLAND;MI;48185
4003318409;LOBDELL;LINDA;CAROL;;1955;F;5032005;LEISURE WAY;;CALEDONIA;MI;49316
4003321598;KUKAWSKI;PATRICK;DAVID;;1960;M;3311998;WOODCREST;;GRAND RAPIDS;MI;49504
1825009419;VANTONNE;ZACHARY;GORDON;;1987;M;5112005;HALEY;;MIDLAND;MI;48640
102332556;KENNEY;JOSEPH;PAUL;;1985;M;3312005;FOREST;;MUSKEGON;MI;49442
1110004857;KIRBY;KEITH;CHARLES;;1971;M;9042007;ARCIERO;;HOWELL;MI;48855
4003387574;JACKSON;MICHAEL;LLOYD;;1977;M;6062005;GOLFVIEW;APT 8;ESSEXVILLE;MI;48732
4004257996;MILLER;MARILYN;MARY;;1941;F;9282001;LIVERNOIS;APT 320;ROCHESTER HILLS;MI;48307
4003433444;BRUNN;JOHN;ROBERT;;1966;M;6272005;MONROE;;MORLEY;MI;49336
106433974;WHITE;EARNEST;;;1932;M;11172011;PORTAGE;APT 2;KALAMAZOO;MI;49002
105757546;HOWELL;KEISHA;BERNICE;;1981;F;10062008;CHURCHILL;;LANSING;MI;48911
107018207;MOON;JOAN;KERRY;;1988;F;7192012;BARRY;;WAYNE;MI;48184
104237878;JOHNSON;LAURIE;LEIGH;;1991;F;4172009;SANFORD;;HILLSDALE;MI;49242
102345751;HEYDENBERK;RICHARD;CHARLES;II;1958;M;2022007;GRIGGS;;GRAND RAPIDS;MI;49507
106328783;SOLTYSIAK;SHERRI;DENISE;;1963;F;10062011;BECKWITH VIEW;;GRAND RAPIDS;MI;49505
108297762;EVEN;DOUGLAS;ALLEN;;1989;M;5122009;SUSAN;;NEW HAVEN;MI;48048
2410015994;KONKRIGHT;GERALDINE;LEONA;;1935;F;9242008;31ST;;BATTLE CREEK;MI;49015
105901563;SWEET;LINDA;MAXINE;;1949;F;4072011;RAVENSWOOD;;MARYSVILLE;MI;48040
107671005;HUNTER;KATELYN;MAE;;1988;F;2192013;HAZELTON;;MACOMB;MI;48042
105678300;SMITH;LOIS;FAYE;;1959;F;12282010;OXFORD;APT 311;BERKLEY;MI;48072
1885008185;KREVINGHAUS;JAMES;WARREN;;1962;M;9162005;RHODES;;RHODES;MI;48652
2000209426;GILLAM;TIFFANY;ANN;;1987;F;9152005;GOODWIN;;DETROIT;MI;48211
102335888;MACKIE;HERBERT;FLOYD;;1961;M;1302007;BLUEWATER;;SAULT STE MARIE;MI;49783
108137534;BECKOM;JERIKA;RASHAUN;;1988;F;10162013;YALE;APT 216;WESTLAND;MI;48185
107515911;DEAN;MARCIA;ANITA;;1962;F;1242013;OAK PARK;;GRAND RAPIDS;MI;49508
108357665;SMITH;KEVIN;ANTOINE;;1984;M;1302014;9 MILE;APT 412;SOUTHFIELD;MI;48075
103122739;FIRMAN;DAVID;HAROLD;;1979;M;1112008;STATE;;PETOSKEY;MI;49770
4003755563;WARK-JENSEN;GALE;MAY;;1935;F;11012005;WOODSIDE;APT 233;ROCHESTER HILLS;MI;48307
106691596;SOULE;PAUL;LEROY;;1969;M;3082012;9TH;APT B;KALAMAZOO;MI;49009
104202285;JOHNSON;FRANCES;ELISE;;1986;F;4012009;BUNGALOW;;LATHRUP VILLAGE;MI;48076
4003813554;STEWARD;GAROLD;DUANE;;1932;M;11292005;CEDARWOOD;APT 130;FLUSHING;MI;48433
105391646;GREGORY;ELAINE;I;;1941;F;8272010;SNYDER;;BERRIEN SPRINGS;MI;49103
2610010424;GRECH;BRIAN;RANDEL;;1987;M;11072005;LYNN;;CANTON;MI;48187
106159202;FLEECE;JENNIFER;ANN;;1986;F;8032011;RADCLIFFE;;TRAVERSE CITY;MI;49685
106256996;GOKOVIC;MAJA;KEMAL;;1983;F;9092011;CHAPP;;WARREN;MI;48089
103666689;MACDONALD;TYLER;MICHAEL;;1990;M;8222008;SANTA ROSA;;HOWELL;MI;48843
104495585;HERMAN;JESSICA;ANGELA;;1984;F;8142009;21ST;;WYANDOTTE;MI;48192
102469566;SANDERS;JANCITA;MISHAWN;;1978;F;4022007;COLERIDGE;UNIT 102AA;HARRISON TOWNSHIP;MI;48045
103568529;PROCHKO;ANN;D;;1917;F;7182008;NORTHPOINTE;APT 224;UTICA;MI;48315
108039217;GILLES;SARAH;LINDSEY;;1984;F;9092013;TIMBER WOOD;;KALAMAZOO;MI;49006
108300553;BROOKS;DARLENE;;;1963;F;1032014;FRANKLIN;APT 302;SOUTHFIELD;MI;48034
103462767;GREEN;JACOB;SCOTT;;1988;M;6062008;SUMPTER;;CARLETON;MI;48117
106113529;WHITE;ANDREA;ANN;;1983;F;8242004;CANTON;;DETROIT;MI;48207
102421306;SCHNEPPER;CECIL;JAMES;;1988;M;3092007;SPRENGER;;EASTPOINTE;MI;48021
4004204331;SCHENCK;ELAINE;M;;1956;F;5302006;BOARDWALK;;SAINT JOSEPH;MI;49085
104478010;SHANKLETON;MYRNA;LOUISE;;1938;F;6052006;PARK MEADOW;;GAYLORD;MI;49735
105349693;GELINAS;LINDSAY;ANNE;;1983;F;8122010;TYLER;;KALKASKA;MI;49646
102052272;FOWLER;TAMMRA;CHEREE-RICKS;;1960;F;9272006;PETES;;HARBOR SPRINGS;MI;49740
107876620;KELLOGG;DEBRA;SUE;;1963;F;9281993;WASHINGTON;;LANSING;MI;48911
665004420;GARRISON;SUSAN;KAY;;1954;F;9212006;SLOCUM;;AUBURN HILLS;MI;48326
107609976;BEGGS;SHEILA;GAIL;;1963;F;3082013;9TH;;GLADSTONE;MI;49837
105587014;SCORZELLI;MICHAEL;ANTHONY;;1986;M;11102010;DUDLEY;;DEARBORN HEIGHTS;MI;48125
102432652;ANDRIACCHI;ROSE;MARY;;1960;F;3162007;CURTIS;;LIVONIA;MI;48152
106107934;FINNERMAN;FRANCIS;WILLIAM;;1928;M;7132011;HARAL;;STURGIS;MI;49091
105854303;STAHL;CHRISTINA;LYNN;;1992;F;3172011;PALMER;;WESTLAND;MI;48186
102121244;GRUBER;DANITA;LYNN;;1952;F;10202006;MOON RIDGE;;MILFORD;MI;48380
108452939;BROWN;KATHRYN;MAY;;1959;F;3132014;GALLERY PLACE;APT 6;JACKSON;MI;49201
2000243347;ATKINS;NATORIA;;;1977;F;2011996;SALEM;;DETROIT;MI;48219
2520007438;ANGELETTI;TRACY;MARI;;1986;F;7062012;VALLEY RIDGE;APT 12;KALAMAZOO;MI;49006
105538751;GARZA;KAREN;SUZANNE;;1983;F;10212010;SHELL FLOWER;APT 2;LANSING;MI;48917
108194502;ROBINSON;JUSTIN;ROY;;1987;M;11072013;VASSAR;;BURTON;MI;48509
102236299;LEVERSEN;CAROL;ALLYSON;;1961;F;12122006;HAMPSHIRE;;BLOOMFIELD HILLS;MI;48302
102276363;WEINBERG;MELANIE;ANN;;1984;F;1032007;ELLINGTON;;GRAND RAPIDS;MI;49525
107452247;WHITEHEAD;RITA;COWPER;;1954;F;12202012;KLINGENSMITH;UNIT 37;BLOOMFIELD HILLS;MI;48302
103657595;HOFFMAN;DANIEL;MORSE;;1978;M;8202008;BALFOUR;;HUNTINGTON WOODS;MI;48070
106310916;GLENN;BARBARA;JUNIA;;1946;F;9302011;FRASER WOODS;APT 423;FRASER;MI;48026
106310905;GULLIVER;ZACHARY;CHARLES;;1990;M;9302011;CORNELL;;HASLETT;MI;48840
106420472;COVINGTON;NATOSHIA;FRALISA;;1977;F;12072001;REED;;KALAMAZOO;MI;49001
102529756;RUSTOM;RABIH;AHMAD;;1975;F;10092000;THEISEN;;DEARBORN;MI;48126
108456015;BURNS;DAWN;JANAY-IRENE;;1979;F;3142014;INDIANA;;DETROIT;MI;48221
108732215;LUTZ;AMBER;DAWN;;1988;F;7172014;LINCOLN;;FLINT;MI;48507
106511356;LAFRANCA;ROBERTO;JOSEPH;;1978;M;12272011;FAWN;;CEDAR SPRINGS;MI;49319
105672881;DROPTINY;DAYNA;LYNNE;;1991;F;12272010;GROVE STREET;;STANDISH;MI;48658
102687545;WILBER;VIDA;LYNN;;1961;F;7112007;TESSMER;;STERLING HEIGHTS;MI;48314
102654421;KLINE;KELCEY;LAUREN;;1989;F;6272007;CLAIR;;GARDEN CITY;MI;48135
108520218;CHAPMAN;JOSEPH;ANTWARN;;1979;M;4112014;KINGS;;BURTON;MI;48529
102739143;SIMMONS;EBONY;LATISHA;;1975;F;10072002;AVON;;DETROIT;MI;48219
102808899;ROOT;JULIE;ANN;;1977;F;8282007;ARBUTUS;;CADILLAC;MI;49601
108579768;PETERSON;TONYA;ROSHELL;;1961;F;5092014;BALDWIN;;HOLLY;MI;48442
105145727;GRIFFIN;EDWARD;BRIAN;JR;1958;M;9211997;FAIRPORT;;DETROIT;MI;48205
107020573;HATTEBERG;KRISTEN;LEE;;1965;F;7202012;TUCK;;FARMINGTON HILLS;MI;48336
108091111;NORTH;KEENAN;CHARLEE;;1990;F;9262013;SLEIGHTS;;TRAVERSE CITY;MI;49696
102872196;GEORGE;YVONNE;KAY;;1951;F;9212007;FORESTER;;AUBURN HILLS;MI;48326
105663195;WELCH;MARTIN;WILLIAM;JR;1978;M;12172010;MARQUETTE;;ROCHESTER HILLS;MI;48307
106732394;EARLE;BRYAN;EDWARD;;1985;M;3202012;LAKE BLUFF O.5;;GLADSTONE;MI;49837
108543260;CARPENTER;LILLIAN;SANDIE;;1990;F;4232014;CHALMERS;;WARREN;MI;48089
103624414;CUSCHIERI;ANDREW;WADE;;1988;M;8082008;HAZELTON;;DEARBORN HEIGHTS;MI;48127
104468012;CAMERON;WILLIAM;DEAN;;1973;M;8042009;CENTER;;CLIO;MI;48420
107983193;LANTERMAN;KATHLEEN;SUZANNE;;1946;F;8152013;SUNVIEW;;SAINT JOHNS;MI;48879
107388112;WALTERS;ERIC;STEVEN;;1984;M;11252012;WRIGHT;;MARQUETTE;MI;49855
1895007183;SIMPKINS;MICHELLE;MARIE;;1970;F;12102007;16TH;D-83;HOLLAND;MI;49423
106008280;DANKS;DAVID;HENRY;;1946;M;5312011;HERPS;;IRONS;MI;49644
105540820;KUIPER;STACI;LYNN;;1989;F;10222010;SHORE;;CALEDONIA;MI;49316
108283817;DOMAN;ANNA;ZOFIA;;1989;F;12202013;MICHIGAN;APT 2;LANSING;MI;48912
103127419;HANSON;LUCAS;CLIFFORD;;1989;M;1142008;OLD US HIGHWAY 2/41;;BARK RIVER;MI;49807
103125653;WHITMIRE;DONALD;EUGENE;;1958;M;1152008;HICKORY;;MONTROSE;MI;48457
103116089;NIENHOUSE;BRANT;ROBERT;;1986;M;1092008;178TH;;GRAND HAVEN;MI;49417
103232030;ROBERTS;JACOB;MATTHEW;;1984;M;2272008;PENNSYLVANIA;;ROMULUS;MI;48174
103194943;PITTS;GENTRY;JESSIE;;1942;M;10102000;SCHOOLCRAFT;APT B5;DETROIT;MI;48223
108154893;HARMONY;CINNAMON;LYNN;;1971;F;5242006;HOLLYWOOD;;ROSEVILLE;MI;48066
103393261;KUJAT;KYLE;ANDREW;;1987;M;5072008;CUNNINGHAM;;SOUTHGATE;MI;48195
106675276;HASSEN;BRITTANY;LYNN;;1986;F;3022012;HUNT CLUB;# PT1B;YPSILANTI;MI;48197
103405902;HOFF;ANDREA;MARIE;;1985;F;5132008;WELLESLEY;;ROYAL OAK;MI;48067
1120008332;BRADY;ALLISON;LEIGH;;1990;F;5222008;CUNNINGHAM LAKE;;BRIGHTON;MI;48116
106303928;JACKSON;CHARLES;EDWARD;;1939;M;9282011;SHONAT;APT 33;MUSKEGON;MI;49442
106847487;THOMAS;JASMINE;JNEA;;1990;F;6132009;PINEHURST;;DETROIT;MI;48221
106863904;WHITELOW;LARON;ANTWAN;;1991;M;5182012;RIVER TERRACE;APT 714;BENTON HARBOR;MI;49022
104417318;TERRILL;JOANNE;HARRIET;;1932;F;7132009;ACKERSON LAKE;;JACKSON;MI;49201
2000313972;HARRIS;KEMBERLEE;;;1985;F;6212008;WARWICK;;DETROIT;MI;48228
106912582;MADRIGAL;JESSICA;ANN;;1991;F;6082012;EASTWAY;;WHITE LAKE;MI;48386
108091492;STEWART;TAMMY;ANN;;1972;F;9262013;HUBBARD;;LINCOLN PARK;MI;48146
103650544;PINCOMB;EDWARD;JAMES;;1966;M;8182008;EASTWOOD;;BURTCHVILLE;MI;48059
103688330;OUMEDIAN;ALLEN;WAYNE;;1975;M;8292008;GANNON;;FOWLERVILLE;MI;48836
1560001546;NICKLOWITZ;ADAM;MICHAEL;;1990;M;8152008;EARHART;;ANN ARBOR;MI;48105
2695057563;BAKER;KRISTY;MARIE;;1980;F;12151998;CORINNE;;GRAND RAPIDS;MI;49507
108332727;GARNER;SHERRY;JAZMEN;;1992;F;2042012;SHOEMAKER;;DETROIT;MI;48213
108002723;ROBBINS;SCOTT;MATTHEW;;1983;M;8222013;UNION;UNIT 103;PLYMOUTH;MI;48170
850005038;LEPPEK;JEFFERY;CHARLES;;1967;M;7242009;SHYRE;;DAVISON;MI;48423
108284418;ROBISON;CODY;WILLIAM;;1988;M;12202013;QUEENSWAY;;WEIDMAN;MI;48893
1050008528;HORTON;AFTON;ELIZABETH;;1985;F;9032008;MANSION;;JACKSON;MI;49203
108787892;JOHNSON-LEE;KELLIE;LYNN;;1990;F;8082014;FARMBROOK VILLA;;SOUTHFIELD;MI;48034
865007454;BURBAR;LINA;YOUSEF;;1962;F;9252008;MAPLETREE;;FLINT;MI;48532
103763609;HEARN;EDWARD;PATRICK;;1980;M;9232008;ORINOCO;;YPSILANTI;MI;48197
108406336;HATTEN;DOUGLAS;LEE;JR;1975;M;2212014;21ST;;OTSEGO;MI;49078
830014921;BROWN;JONATHAN;THOMAS;;1974;M;11052011;GOLFVIEW;APT 208;TROY;MI;48084
108620872;THEOLET;AMANDA;NICHOLE;;1988;F;5292014;PLEASANT;;GRAND LEDGE;MI;48837
2000340974;HALE;GENEVIEVE;A;;1942;F;9132008;CORTLAND;;DETROIT;MI;48206
107860595;ROBINSON;ARTHUR;JOHN;;1970;M;6272013;OAKWOOD;;ORTONVILLE;MI;48462
108138075;DAVIS;DEREK;ALLEN;;1978;M;10162013;LEE;;BROWNSTOWN TOWNSHIP;MI;48173
106917880;ROBERTSON;PHILLIP;BRANDON;;1991;M;5302012;MAIN;LOT 152;ADRIAN;MI;49221
108163809;DAWSON;TAYLOR;DENEE;;1990;F;12262008;SUNSET;APT 261A;FLINT;MI;48503
2755002582;EVANS;JOSLYNN;MARIE;;1985;F;10032008;HOOKER;;THREE RIVERS;MI;49093
108685098;SMITHSON;MARCUS;LYLE;;1990;M;6262014;STATE;;CRYSTAL FALLS;MI;49920
2685005527;GREGSON;MATTHEW;DAVID;JR;1988;M;9092008;COLDWATER;;FLINT;MI;48506
535003538;VAN-DRIE;AMBER;JUDITH;;1982;F;9042008;BOYNTON;;LANSING;MI;48917
945016950;SYKES;GABRIELLE;MARIE;;1994;F;6262012;WOODLAKE;2;WYOMING;MI;49519
1815010313;NETZLEY;RENEE;MARGUERITE;;1962;F;10062008;COLEMAN;;SAINT LOUIS;MI;48880
108406529;JENKS;TIMOTHY;DALE;JR;1993;M;3222013;TAYLOR;;PORT HURON;MI;48060
107927612;ROMINE;KAREN;LEE;;1956;F;7252013;SIGNATURE;APT H;ANN ARBOR;MI;48103
108581001;LORENZ;MICHELLE;KAY;;1980;F;5092014;DEAN;;QUINCY;MI;49082
103934322;RUTALLIE;THOMAS;ANTHONY;;1982;M;11182008;LACEY;;FORT GRATIOT;MI;48059
104559648;SEGARS;FAYE;MARIE;;1948;F;9092009;COWAN;APT 105;WESTLAND;MI;48185
108750091;NAGEL;SCOTT;TIMOTHY;;1970;M;7282014;WILSON;;EATON RAPIDS;MI;48827
106729593;CANO;ANDREA;NICOLE;;1982;F;3262012;LAKE LEELANAU;;LAKE LEELANAU;MI;49653
108767021;SMITH;AMANDA;LYNN;;1981;F;7312014;AVON;;SAGINAW;MI;48602
107591579;THRUSH;MATTHEW;KRAMER;;1987;M;12292005;LENOX PARK;;NOVI;MI;48377
107710561;BROWN;BETTY;ANN;;1941;F;4232013;COASTAL;;STERLING HEIGHTS;MI;48310
105610549;KREMKOW;ANDREW;JAMES;;1990;M;11222010;BRIDGEVILLE;;HUDSONVILLE;MI;49426
107893871;CHAMBERS;MIKE;WALTER;;1976;M;6282013;1ST;;ATLANTA;MI;49709
106683643;JONES;EBONY;MARIE;;1983;F;4192004;ALTER;;DETROIT;MI;48215
104871688;FRITZEN;SHEILA;MARIE;;1986;F;1252010;PLAIN;;MOSHERVILLE;MI;49258
107103054;STOWIE;DEBORAH;LYNN;;1990;F;10062008;SUNCHASE;APT 301;HUDSONVILLE;MI;49426
107389478;RAE;ROBERT;JAMES;;1967;M;6272007;COUNTY;;NEGAUNEE;MI;49866
107546724;SCHAEFER;JENNIFER;ANNE;;1976;F;2072013;SHARI;;WESTLAND;MI;48185
104964751;MARSHALL;ROBERT;DALE;;1973;M;8092007;GREEN;;STOCKBRIDGE;MI;49285
107465350;CURRAN;MICHELLE;NICOLE;;1987;F;7022012;BROOKE PARK;APT 104;CANTON;MI;48187
108543635;GINDLESPERGER;JOESY;EMMALINE;;1992;F;4232014;SIMCOE;;FLINT;MI;48507
105798564;HAVICAN;NICKY;AMBER;;1969;F;2232011;BURNS;;SOUTHGATE;MI;48195
105092032;SCHARKE;SCOTT;WILLIAM;;1965;M;9172004;ROSSMAN;;GRAND RAPIDS;MI;49507
105095884;VANDERKAMP;AUDREY;RENAE;;1985;F;4282010;GOLDENROD;;ROCKFORD;MI;49341
107455051;WILEY;CHARLES;ALPHONSO;;1957;M;10032001;HORTON;;DETROIT;MI;48202
107658752;LOWES;KELLY;KRISTINE;;1974;F;3292013;ALLEGAN;APT 1;OTSEGO;MI;49078
106694135;LOVISKA;BRET;MICHAEL;;1993;M;3092012;SEYMOUR LAKE;;ORTONVILLE;MI;48462
107796771;GREENE;KELLEY;MONIQUE;;1982;F;7142000;FREELAND;;DETROIT;MI;48235
106932432;BURTON;BOBBY;LEE;;1955;M;6182012;TOMMY ARMOUR;;FLINT;MI;48506
105214387;HAMPLE;KATIE;LYNN;;1980;F;6212010;SYCAMORE;;SHELBY TOWNSHIP;MI;48317
105255918;NOAKES;RICHARD;GERALD;II;1971;M;7072010;ETHEL;;LINCOLN PARK;MI;48146
105310404;YAUCH;WILLIAM;ERIK;;1975;M;7282010;HARPER;;HOLT;MI;48842
108229806;DOMINGUEZ;RYAN;DANIEL;;1982;M;11252013;LAFAYETTE;;GRAND RAPIDS;MI;49505
105286525;CAVALLIN;MARIA;MARCELA;;1965;F;7202010;CREEK VIEW;;ROCHESTER;MI;48307
107256299;SOKOL;KATRINA;LYNN;;1977;F;10052012;CLYDE;;HOWELL;MI;48855
105352182;BOUR;KIMBERLEE;MARIE;;1959;F;8122010;ATHEARN;;BYRON CENTER;MI;49315
105448850;ZARATE;ASHLYN;JULIA;;1992;F;9172010;CARPENTER;;LAPEER;MI;48446
105436802;NYE;JESSE;JOHN;;1986;M;9142010;VANDENBOOM;;MARQUETTE;MI;49855
105398856;CONLEY;KRISTINA;MARIE;;1985;F;8312010;LINCOLN;;CHARLOTTE;MI;48813
1190004694;HARTNETT;COURTNEY;SCHNEIDER;;1986;F;9232010;BAKEMAN;;HARRISON TOWNSHIP;MI;48045
106547373;LIGGINS;RODCHELLE;TYREE;;1975;M;1112012;BEACONSFIELD;;DETROIT;MI;48224
107433059;EVES;MARK;WILLIAM;;1958;M;12122012;ESTATE;;KALKASKA;MI;49646
108150658;WIDDER;MATTHEW;RICHARD;;1989;M;10242012;OAK;APT 10306;BELLEVILLE;MI;48111
105494248;WALTHERS;CATHY;JEAN;;1953;F;10042010;FRANK;;KALAMAZOO;MI;49007
107379684;TYRRELL;BRADLEY;MICHAEL;;1977;M;11152012;BOLAM;;WARREN;MI;48089
108752170;LOPEZ;SIDNEY;MICHAEL;;1996;M;7252014;FIR;;HARRISON;MI;48625
108687283;SHEFFIELD;JESSICA;NICOLE;;1991;F;6272014;LEDWON;;SHELBY TOWNSHIP;MI;48315
108362768;FOUST;MICHELLE;ANN;;1972;F;2032014;5TH;;SHELBYVILLE;MI;49344
107839977;GILBERT;JEFFREY;JAMES;;1978;M;6192013;PINE;APT 101;CLIO;MI;48420
105567958;SISCO;TRACY;ANN;;1976;F;11032010;UNION;APT B205;ITHACA;MI;48847
105782959;WILLIAMS;REGINALD;LEE;;1956;M;2152011;COLONIAL VILLAGE;APT 2;WATERFORD;MI;48328
105535314;RICHARDS;CAROL;LYNN;;1957;F;10202010;MULBERRY;;ADRIAN;MI;49221
105770226;COOL;SAVANAH;MARIE;;1988;F;2092011;LENHILL;;PETOSKEY;MI;49770
106543386;JEX;KELLY;LYNN;;1988;F;1102012;WOODVIEW;APT 239;ROCHESTER HILLS;MI;48307
106456888;OCONNELL;ANGELA;CHRISTINE;;1978;F;7052007;KARLE;;WESTLAND;MI;48185
2355003694;PAYETTE;LILLY;LYNN;;1960;F;10262010;TREELINE;;GRAND HAVEN;MI;49417
107855982;GILBERT;MARY;LOUISE;;1951;F;6262013;TUSON;APT 3A;CLARKSTON;MI;48346
106154191;STONE;SHIRLEY;ROBERTA;;1927;F;8012011;KAYWOOD;;KALAMAZOO;MI;49006
108304045;SCHIPPERS;ERIC;WILLIAM;;1968;M;12302013;US HIGHWAY 12;LOT 210;STURGIS;MI;49091
105995912;DANIEL;FELICIA;LYNN;;1968;F;5242011;APPLEWOOD;APT 1411;WEST BLOOMFIELD;MI;48322
106191297;WASHINGTON;DOLORES;;;1956;F;11071989;WASHINGTON;APT # 533;LANSING;MI;48910
106209848;BEEBE;BERRY;JAMES;;1981;M;11302010;WOODLAND;;GRAND BLANC;MI;48439
106210088;BROADY;ANTHONY;CHRISTOPHER;;1981;M;3242000;RUSSELL;UPPR;DETROIT;MI;48203
1640020530;PRICE;KEONTEA;RAQUAN;;1993;M;7062012;FARWELL;;SAGINAW;MI;48601
106174249;JABROCKI;TRACEY;SUE;;1969;F;8092011;CHAUVEZ;;SCOTTVILLE;MI;49454
106171212;OBARA;ARLENE;PATRICIA;;1947;F;8082011;ORCHID;;CLINTON TOWNSHIP;MI;48036
106169567;ELLIS;RICARDO;BERNARD;;1953;M;2191992;MAPLE;;JACKSON;MI;49203
106194103;SCOBEY;PAULA;ALINE;;1963;F;10112006;MAPLEWOOD;;FLINT;MI;48506
106088459;REED;REMINA;LATYIE;;1989;F;7052011;STAMFORD;;YPSILANTI;MI;48198
107565916;WALE;DAVID;LAWRENCE;;1970;M;2152013;TYRELL;;SAINT LOUIS;MI;48880
106177554;FIORE;KAITLYN;ELIZABETH;;1993;F;8102011;WALES;;CHESTERFIELD;MI;48047
107877483;ELKINS;MARY;ANN;;1957;F;7052013;MILVERTON;;TROY;MI;48083
106300873;LUKONEN;WENDY;RENE;;1968;F;9272011;FRANCES;;CLIO;MI;48420
106338003;KETCHUM;DIANE;MARIE;;1954;F;10112011;TROON;;SHELBY TOWNSHIP;MI;48316
105535652;SMITH;NATHANIEL;KENNETH;;1957;M;10021984;ANTIETAM;APT 714;DETROIT;MI;48207
106250275;HEARIN;ROGER;VAUGHN;;1931;M;9072011;SNOW;;SAGINAW;MI;48602
106823468;VANMETER;BRENDA;KAY;;1956;F;5022012;FIRETHORNE;;JACKSON;MI;49201
106755471;MCCASKILL;JASMINE;CHANEL;;1986;F;4042012;HALEH;APT H;GRAND RAPIDS;MI;49546
106575815;RILEY;JALEN;ALLANTE;;1993;M;1242012;WOODCLIFFE;;MUSKEGON;MI;49444
106664690;KARANA;KYLE;MANSOUR;;1989;M;2282012;PLEASANT;;SOUTHFIELD;MI;48076
106738267;RADFORD;COLLEEN;MARIE;;1966;F;3282012;FENTON;LOT 86;BURTON;MI;48529
107073904;HUSTON;SHAUN;MICHAEL;;1978;M;5172012;ISABELLA;APT 2;MUSKEGON;MI;49442
108307726;MILLER;MONIQUE;MARIE;;1979;F;1072014;STONEGATE;;FRANKLIN;MI;48025
107111065;HOWARD;JAMES;ARNOLD;;1972;M;8212012;MIDLAND;;REDFORD;MI;48239
106713577;ELLSWORTH;FRED;HENRY;;1960;M;1302009;MAIN;LOT 100;LOWELL;MI;49331
107613980;DUSHEFSKI;BLAKE;EDWARD;;1985;M;3112013;WILKIE;;TAYLOR;MI;48180
107141235;RANDAZZO;MARIE;RENEE;;1990;F;8292012;PRIMROSE;;WASHINGTON;MI;48094
108537499;CHETTY;INDRIN;;;1971;M;3032000;CORNERSTONE;;CANTON;MI;48188
107094731;MATTHEWS;SHAWN;;;1965;M;8152012;DIXIE;;SAGINAW;MI;48601
2000392625;MCINTOSH;ARBERDELLA;LASHEA;;1974;F;2201996;CHAREST;;DETROIT;MI;48234
106899260;SCHARF;TERA;LYNN;;1983;F;6042012;GLASS;;ORTONVILLE;MI;48462
108702796;TRAVER;CHRISTY;ANN;;1980;F;7032014;BUTTRICK;;ALTO;MI;49302
108768251;HUTCHISON;KATHRYN;ELIZABETH;;1990;F;8042014;SPRING;;FARMINGTON HILLS;MI;48331
2410017734;PALMER;DANESHA;MARIE;;1993;F;7032012;BALDWIN;;BATTLE CREEK;MI;49037
106686647;HALLMAN;SEAN;CHRISTOPHER;;1976;M;3072012;CHICAGO;;COLDWATER;MI;49036
107163063;HERBON;SEAN;FRANCIS;;1991;M;9062012;ADAMS;;ROCHESTER HILLS;MI;48309
108148185;FARVER;TANETTE;MARIE;;1968;F;10212013;LAKESIDE;;PORT HURON;MI;48060
106883906;WALLS;CANDACE;LOUISE;;1981;F;5292012;PINE;;BROWNSTOWN TOWNSHIP;MI;48193
107053231;TILLITSON;HEATHER;NICHOLE;;1987;F;8012012;ELM;;PORTLAND;MI;48875
940024086;HANKINS;PRISCILLA;ANN;;1988;F;8302012;CARLYSLE;;DEARBORN;MI;48124
107168820;RICH;PAUL;LEO;;1965;M;5181992;WOODLAND;;ALPENA;MI;49707
107856279;HARRIS;TRACY;RENEE;;1986;F;6262013;24TH;;SAGINAW;MI;48601
107159762;RANTA;TAMARA;ANN;;1960;F;9052012;2ND;;ALPHA;MI;49902
108641168;AXLINE;RANDAL;ALAN;;1948;M;6092014;OAK;;PRUDENVILLE;MI;48651
107807237;GEE;MARCUS;ALLAN;;1989;M;6052013;GARFIELD;;TRAVERSE CITY;MI;49686
108612814;JOHNSON;TARA;MARIE;;1986;F;5272014;WOHLFEIL;;TAYLOR;MI;48180
107296433;WHEELER;JESSICA;LYNN;;1985;F;10092012;STATE;;GAGETOWN;MI;48735
107346541;MALLOY;MARK;ANTHONY;;1962;M;11012012;OAKDALE;;PRUDENVILLE;MI;48651
1665004358;GARMS;THOMAS;RAY;;1987;M;6032013;LYNN;;ONAWAY;MI;49765
108585065;DAVIS;CHASITY;MARIE;;1991;F;5132014;ESSLING;;SAGINAW;MI;48601
107254700;SMOLENYAK;ELLISE;NOEL;;1991;F;10032012;KNOLLCREST;;CHARLEVOIX;MI;49720
107281927;HOEHN;JAMIE;NICOLE;;1986;F;10092012;LONGYEAR;APT 1;MARQUETTE;MI;49855
107249425;ALEXANDER;AARON;ROBERT;;1986;M;10032012;SOUTH;APT D33;DAVISON;MI;48423
107236254;MAIER;SUZANNE;MARIE;;1949;F;9282012;WHITE BIRCH;;PELLSTON;MI;49769
2000412904;BOLTON;ELIJAH;KAHLEEF;;1991;M;9082012;7 MILE;;DETROIT;MI;48235
108243271;BOSMAN;DAVID;MICHEAL;;1964;M;12052011;CARR;APT B6;FLINT;MI;48506
107412174;AJLOUNY;ASHLEY;RENEE;;1984;F;12032012;HUBBELL;;LIVONIA;MI;48150
1160011759;SUMMERVILLE;ABIGAIL;;;1994;F;10032012;MAXINE;;SAINT CLAIR SHORES;MI;48080
107409410;ROHEN;KATHERINE;VIRGINIA;;1982;F;11302012;JEFFERSON;APT 6;EVART;MI;49631
705013219;KOURLETAKIS;FAYE;DIMITRIOS;;1983;F;10152012;PETROS;;WEST BLOOMFIELD;MI;48324
107429937;BRANCH;JO;WILLIE;;1944;F;12112012;TIMBERS;;CARLETON;MI;48117
107290422;SCHWARCZ;REBECCA;JACLYN;;1989;F;10102012;RAINE;;OAK PARK;MI;48237
107259867;NIESPOLO;GEOFFREY;ANTHONY;II;1982;M;10042012;SERENITY;;OAKLAND;MI;48363
1340008881;DORTMAN;VIOLETTA;SUZANNE;;1958;F;10042012;HANCOCK;;PORT HURON;MI;48060
107197281;BONO;ASHLEY;YVONNE;;1982;F;9192012;CHERYL;;BROWNSTOWN TOWNSHIP;MI;48134
107442945;KENTOR;KEELIA;ELIZABETH-WRIGHT;;1980;F;12152012;YORK;;HUNTINGTON WOODS;MI;48070
530062011;PAITICH;ASHLEY;G;;1994;F;9142012;SHAW;RM W329;EAST LANSING;MI;48825
107384065;BARNES;LARRY;EARL;;1950;M;6131995;FULLER;;GRAND RAPIDS;MI;49506
107630411;JOHNSON;ANTHONY;SCOTT;;1985;M;3182013;KIPLING;;OAK PARK;MI;48237
107367894;METZNER;CHRISTOPHER;MICHAEL;;1976;M;11092012;LINDEN;;SWARTZ CREEK;MI;48473
108568806;MATTHEWS;SHAHITA;SHAMIME;;1976;F;10031994;FERGUSON;;DETROIT;MI;48235
107538763;BURNS;KENDALL;PHILIP;;1962;M;2052013;WAYNE;;NILES;MI;49120
107514055;PHELPS;WILLIAM;NATHAN;JR;1979;M;1232013;CHIPPEWA;;MOUNT PLEASANT;MI;48858
107648012;MARTIN;RADIANCE;;;1953;F;3272013;EASTBURN;;DETROIT;MI;48205
107602742;WINCH;DAVID;ELLIS;;1957;M;3052013;BAYSHORE;UNIT 22;ELK RAPIDS;MI;49629
107678271;LEFEVER;DON;CHARLES;;1979;M;4082013;CROMWELL;;CHESTERFIELD;MI;48047
107542692;JACKSON;SHARON;MARIE;;1967;F;10132008;31ST;;DETROIT;MI;48210
108366198;ELLISON;CELESTE;MAGINIA;;1979;F;2042014;POINTE O WOODS;APT 8-204;SOUTHFIELD;MI;48034
107864684;ZIEGLER;GARRETT;CHARLES;;1984;M;6282013;UNION;APT 1;GRAND RAPIDS;MI;49503
107559575;SIMMONS;BARBARA;;;1962;F;11132009;JEFFERSON;APT 4-8;DETROIT;MI;48214
107953816;STARR;TREVOR;PAUL;;1994;M;8032013;TERRACE;;GRAND BLANC;MI;48439
107952758;LEACH;VIRGIL;PHILIP;;1952;M;8052013;MCKINLEY;APT 2B;ELKTON;MI;48731
108201274;MILAM;ALEX;J;;1987;M;11122013;APPLEGROVE;;PORTAGE;MI;49024
107903264;LACY;ARTHUR;;JR;1935;M;7162013;PROVIDENCE;APT 1000;SOUTHFIELD;MI;48075
107919980;KING;WILLIE;PEARL;;1959;F;9251997;HELEN;;DETROIT;MI;48207
108028119;INFANTE;KATHERINE;MARIE;;1978;F;9032013;9TH;;MUSKEGON;MI;49444
107959756;HAENKE;BRIAN;DAVID;;1958;M;8072013;3 MILE;;BAY CITY;MI;48706
107652481;MIKULSKI;GEORGIA;MARIE;;1930;F;3272013;WHITTEMORE;;NATIONAL CITY;MI;48748
108063743;TERRELL;ANTHONY;DION;;1969;M;9252009;CHERRY VALLEY;APT Q20;INKSTER;MI;48141
1495013323;BECKMAN;HEATHER;LEE;;1988;F;9112013;QUARTZ ISLE;;SAGINAW;MI;48603
108102351;SIMS-IVEY;MONIQUE;SIMONE;;1964;F;6142006;SEWARD;APT 102;DETROIT;MI;48202
108431461;MALEC;ANTHONY;JOSEPH;;1991;M;3042014;HARTLAND;;FENTON;MI;48430
108432527;WARTELLA;WESLEY;ROBERT;;1996;M;3042014;HOOKER;APT 15;ALLEGAN;MI;49010
108528038;WASHINGTON;CRYSTAL;ALISON;;1993;F;4152014;BUSENBARK;;BROWNSTOWN TOWNSHIP;MI;48183
108675518;STEMPEK;REBECCA;LEE;;1993;F;6232014;JOHNS;;SOUTH LYON;MI;48178
108627677;SELICK;CHARITY;SIERRA;;1992;F;6022014;POPLAR CREEK;UNIT 201;KENTWOOD;MI;49512
108116794;DINOVIC;TRACY;MARIE;;1969;F;10072013;LENOX;;MADISON HEIGHTS;MI;48071
108116191;LAPOINTE;WARREN;JAMES;;1946;M;10072013;PINEWOOD;;PLYMOUTH;MI;48170
108707873;DOZIER;CYNTHIA;NICOLE;;1995;F;7082014;SUMMERS;;LIVONIA;MI;48154
108678406;SCHIFFELBINE;WILLIAM;CHARLES;;1947;M;6242014;IMLAY CITY;;CAPAC;MI;48014
108722494;OLSEN;KEVIN;CHARLES;II;1989;M;7142014;SCHOOL SECTION LAKE;;MECOSTA;MI;49332
108722590;PENNY;SHARON;LEE;;1946;F;7142014;HIGH;;HASTINGS;MI;49058
108601018;RAY;TIFFANY;MARKETTER;;1988;F;5202014;PENROD;;DETROIT;MI;48223
270007141;URBAN;SHANA;GRAHAM;;1981;F;3092014;HINMAN;;FOWLER;MI;48835
108762446;MCDONALD;HOLLIE;ELAINE;;1988;F;7302014;WAVERLY;APT F4;HOLLAND;MI;49423
1630093886;IVERSON;EMILY;ANDREE;;1983;F;3052012;FOUNTAIN;;ANN ARBOR;MI;48103
108760058;WOLFMAN;MARK;DANIEL;;1983;M;7292014;ANDOVER;;WYOMING;MI;49509
108476400;JOHNSON;JAMES;DEAN;;1983;M;3242014;BURLINGAME;FL 2;WYOMING;MI;49509
865009084;WATSON;JAMES;T;;1994;M;4162014;RIDGECLIFFE;APT 2;FLINT;MI;48532
108382597;STOYE;GRANT;FREDERICK;;1981;M;2112014;ESTELLE;;GRAND RAPIDS;MI;49506
108694538;PERRY;SAMUEL;ELI;;1994;M;7012014;JOLLY;APT 7;LANSING;MI;48910
