id;lastname;firstname;middlename;namesufix;birthyear;gender;date_registration;street_name;extension;city;state;zip
575015689;BAKER;RICHARD;JAMES;;1993;M;8022017;GRAYFIELD;;REDFORD;MI;48239
33346668;BRAGGS;ALEC;ROBERT;;1996;M;5312017;MOUNT HOPE;;LANSING;MI;48917
33259634;BUDROW;JASON;EARL;;1984;M;4182017;TAYLOR;;CLARKSTON;MI;48346
33248119;STURDIVANT;TANINA;MARIE;;1971;F;4112017;CHIPPEWA;;ROMULUS;MI;48174
33541579;FITZGERALD;PAMELA;JOY;;1945;F;8172017;RIAL LAKE;;HOWELL;MI;48843
33263401;PHILLIPS;HEATHER;NICOLE;;1991;F;10222012;RIDGEWAY;;BATTLE CREEK;MI;49015
33204075;ALLEN;DONTA;DEMETRICE;;1992;M;10062015;PEMBROKE;;DETROIT;MI;48219
33263855;WILSON;ROBERT;GENE;;1977;M;4192017;KLEYLA;;KENTWOOD;MI;49548
33264832;VREDEVELD;SHELBI;DANAE;;1990;F;4222017;60TH;;ALLENDALE;MI;49401
33397414;REDMOND;MAURICE;BERNARD;;1984;M;2182004;FENMORE;;DETROIT;MI;48235
33224148;WILSON;PAULA;RAE;;1972;F;4012017;PORT SHELDON;;HUDSONVILLE;MI;49426
33331792;BATTLE;FRANCEITTA;;;1969;F;4291991;TELEGRAPH;APT 6;DETROIT;MI;48219
33332276;DUER;TYLER;SCOTT;;1993;M;1262016;15TH;;MENOMINEE;MI;49858
33256652;WALKER;KELLEY;ROSE;;1984;F;4142017;BROWNELL;;PLYMOUTH;MI;48170
33255492;KERWIN;BRIDGET;ODONNELL;;1996;F;4142017;HINES;;PLYMOUTH;MI;48170
1895012467;WALLEN;JEFFREY;ALLEN;;1972;M;6162017;25TH;;HOLLAND;MI;49423
33405056;EMERY;NOAH;WAYNE;;1999;M;6272017;SULLIVAN;;MONROE;MI;48161
439992;WINFREY;MARILYN;CELESTER;;1943;F;10102000;BIRWOOD;;DETROIT;MI;48238
33560310;MANIACI;MIRANDA;MELISSA;;1998;F;9292016;LITTLE MACK;;SAINT CLAIR SHORES;MI;48080
33387810;LEWIS;LORI;KATHERINE;;1976;F;6192017;4TH;;SAINT CLAIR;MI;48079
33566704;GODSEY;JEFFREY;WILLIAM;;1965;M;9052017;WENONA;;BAY CITY;MI;48706
33537366;SHAVALIER;GWEN;LOUISE;;1964;F;8232017;RIVER RIDGE;;HAMILTON;MI;49419
33573974;GREGG;KYLE;DAVID;;1990;M;4232012;HUNTLY;;NILES;MI;49120
33586639;BRUNI;LAUREN;NICHOLE;;1983;F;5252017;VERONICA;;SAINT JOSEPH;MI;49085
33538537;BARTOLOMEO;JOSHUA;THOMAS;;1991;M;8232017;SAINT LOUIS;;DETROIT;MI;48212
33531315;MACHUTA;DANIEL;THOMAS-EDWARD;;1990;M;5142015;US HIGHWAY 31;;GRAWN;MI;49637
33540346;OSTROM;ZACHARY;ELLIS;;1992;M;8232017;MANZANA;APT 1A;GRAND RAPIDS;MI;49534
33678755;MAYA;OLIVIA;MONTALVO;;1969;F;10242017;NAVY;;DETROIT;MI;48209
33639738;POWELL;ERMA;JEAN;;1939;F;10052017;NORWOOD;;DETROIT;MI;48234
33635068;ELKARKAFI;REBECCA;YOUSSEF;;1972;F;10042017;WHITTAKER;;YPSILANTI;MI;48197
33634354;VERSTRATE;ANDREA;GRACE;;1989;F;10042017;ROGUE RIVER;;BELMONT;MI;49306
33275907;GRAZIADEI;RAPHAELLE;ANGELA;;1948;F;4262017;STONE;;PORT HURON;MI;48060
33257864;HENLEY;DUSTIN;DUANE;;1992;M;4172017;ROBINSON;;BATTLE CREEK;MI;49017
33635428;HILL;LAURA;LYN;;1962;F;10042017;PORTICO;;NOVI;MI;48375
1630113198;COLLOPY;ARIANNE;XAVIERA;;1990;F;10122017;WINDWOOD;#224;ANN ARBOR;MI;48105
33636733;RINCONES;LEE;;;1974;M;4172007;RIVERFIELD;;WYOMING;MI;49418
33613426;LEININGER;JOHN;EDWARD;;1966;M;9252017;GROVE;;GRAND BLANC;MI;48439
33615643;DIEWALD;JON;DAVID;;1966;M;5252004;FOREST;;ROYAL OAK;MI;48067
530079713;MEYER;EVAN;SEAN;;1999;M;10102017;DENNISON;;EAST LANSING;MI;48823
33413747;ANDERSON;JADE;LOREN;;1993;F;6302017;HUBBARD;APT 2B;MOUNT CLEMENS;MI;48043
3624874;HOEZEE;ELIZABETH;;;1949;F;2091976;14TH;;HOLLAND;MI;49423
33218263;BAIK;JAMES;;;1991;M;4032017;DIAMOND;UNIT F;ROYAL OAK;MI;48067
33214026;LEPAGE;NORMAN;ROGER;;1941;M;3292017;ETON;APT 404;BIRMINGHAM;MI;48009
33226562;TARAN;BORIS;;;1982;M;4052017;TANBARK;;BLOOMFIELD HILLS;MI;48302
2816728;DAILEY;MARSHA;L;;1949;F;4041990;MAIN;#1;CLARKSTON;MI;48346
245059415;VINCENT;PHYLLIS;JEAN;;1959;F;9142007;DEWEY;;FLINT;MI;48505
3004196;WILSON;PEGGY;MURPHY;;1949;F;3051998;SUPERIOR;;YPSILANTI;MI;48198
33285103;GUINEY;KEITH;CARLTON;JR;1998;M;5012017;PARMATER;;GAYLORD;MI;49735
7039618;ENGLISH;CINDY;LEE;;1957;F;8251994;CALKINS;;DRYDEN;MI;48428
8355698;ECKERD;LORRAINE;CAROLINE;;1941;F;11071972;HOTCHKISS;;BAY CITY;MI;48706
33286894;TAUBITZ;DAKOTA;THOMAS;;1998;M;5012017;REID;;SWARTZ CREEK;MI;48473
5882990;LEMMEN;JANE;LAUREL;;1961;F;1011996;145TH;;HOLLAND;MI;49424
33309185;EASTMAN-JOHNSON;PEGGY;JEAN;;1951;F;4012014;GEORGE;;MIDLAND;MI;48640
6638113;KUJAWSKI;KIRK;DAVID;;1952;M;3221988;JAQUAY;;BOYNE CITY;MI;49712
665000321;DAVIS;KIM;MICHELLE;;1960;F;6271997;EATON GATE;;AUBURN HILLS;MI;48326
6715534;ROBINSON;ANGELIA;IRINE;;1967;F;10141993;56TH;;GRAND JUNCTION;MI;49056
33310730;SMITH;MARY;KATHRINE;;1957;F;5112017;CEDAR LAKE;;HOWELL;MI;48843
33299108;ZIBBY;TINA;MARIE;;1976;F;9192013;BELLE RIVER;;ALLENTON;MI;48002
7868748;KRAJEWSKI;JOANN;P;;1934;F;4121994;GOOD HARBOR;;CEDAR;MI;49621
245056684;TRULY;JASMINE;ARIELLE;;1998;F;6102016;CHURCH;;FLINT;MI;48503
7972726;EMMEL;JASON;ANDREW;;1973;M;4271992;HENDERSON LAKE;;PRESCOTT;MI;48756
33296224;LINK;BONNIE;JEAN;;1946;F;5022017;MAYWOOD;;PLEASANT RIDGE;MI;48069
33303311;FELKER;DAVID;EARL;;1947;M;5092017;BROCKTON;;ROYAL OAK;MI;48067
8459006;SCHANTZ;DANIEL;ALAN;;1967;M;10261998;MCKINLEY;;FLUSHING;MI;48433
930002485;JIVIDEN;RONALD;DEAN;;1945;M;3101999;STACEY;;BROWNSTOWN TOWNSHIP;MI;48183
33410929;CASE;ERIC;STEVEN;;1981;M;6292017;BALMARS;;JACKSON;MI;49201
33345382;REIFF;ANDREW;JOHN;;1995;M;5302017;FRANKLIN;APT 336;SOUTHFIELD;MI;48034
33352804;WHITESIDE;BLAIR;NATHANIEL;;1983;M;10282014;ADAMS;;DETROIT;MI;48226
9188307;MAHITKA;KEITH;ALLEN;;1978;M;8301999;FOREST;;RIVER ROUGE;MI;48218
33365475;AL-OBYDI;HYTHAM;;;1980;M;6242015;FOUNTAIN;;STERLING HEIGHTS;MI;48313
33368383;WARE;TIMOTHY;DREWMICUS;;1979;M;1142010;BAYVIEW;APT 88;LANSING;MI;48911
33375610;HARRISON;KATHLEEN;OROURKE;;1978;F;6132017;SAN QUENTIN;;LATHRUP VILLAGE;MI;48076
33375897;LEVERT;PAUL;HENRY;;1988;M;6152015;LAKESHORE;;CARSONVILLE;MI;48419
32262450;DAILEY;WANDA;JEAN;;1972;F;2202016;OSBORN;;SUMNER;MI;48889
33313473;RICHARDS;JESSICA;LYN;;1973;F;5122017;15 1/2;;BUCKLEY;MI;49620
33340557;CHILDERS;DAMEON;JAMES;;1990;M;5262017;HILLSDALE;LOT 13;HILLSDALE;MI;49242
33425451;HERSHA;JASON;ROBERT;;1978;M;7062017;CARTWRIGHT;;GAYLORD;MI;49735
33426263;MORDEN-LEE;KIMBERLIE;ANNE;;1969;F;7062017;OAKNOLL;;AUBURN HILLS;MI;48326
33326293;DEGROFT;CASSIDY;JO;;1998;F;5192017;VAN BUREN;;RIVERDALE;MI;48877
33442147;JUSTICE-DUPREE;BRIANNA;EVANGELINE;;1991;F;7132017;RIVERSIDE;APT 1721;SOUTHFIELD;MI;48033
33473623;DAVIS;MATTHEW;MICHAEL;;1978;M;7292017;8TH;;KALAMAZOO;MI;49009
33378773;LEATH;ISAAC;DAVID;;1982;M;6142017;CHESTNUT;;REED CITY;MI;49677
33452944;RINTAMAKI;KAREN;LOUISE;;1965;F;7182017;EL CAMINO GRANDE;;WEIDMAN;MI;48893
33452804;QUADER;TAMIM;;;1965;M;7182017;DEER RUN;;PLAINWELL;MI;49080
108092083;AVERY;KENNETH;DALE;;1950;M;9192013;KEIBER;;GREENVILLE;MI;48838
33481179;CRAMPTON;CHERYL;;;1964;F;7312017;4TH;;HERMANSVILLE;MI;49847
32166737;FRENCH;TIFFINI;DACHON;;1985;F;1262016;TYLER;;WAYNE;MI;48184
106884224;ATANOSIAN-BAX;JENNIFER;AMY;;1978;F;5302012;MORRISON;;CANTON;MI;48187
33421013;BROWN;KEITH;IAN;;1991;M;7052017;ESPLANADE;;FRANKFORT;MI;49635
33423954;REIHL;ANGELA;MAE;;1977;F;7062017;GILMORE;;WEIDMAN;MI;48893
33526371;KALASZ-ENNIS;MARY;CATHERINE;;1956;F;8172017;SUNSET;;ALANSON;MI;49706
2510002798;REYNOLDS;DEBRA;IRENE;;1961;F;1162015;BRENDA;;KALAMAZOO;MI;49004
2695082966;BRIDGEFORTH;BIANCA;MONEA;;1991;F;1192012;LIBERTY;APT 1;GRAND RAPIDS;MI;49503
33576855;COLEMAN;WILLIE;JAMES;;1937;M;12042013;BRITTANY;;EASTPOINTE;MI;48021
33570205;KAMPER;MINDY;SUE;;1979;F;9062017;DECKER;APT 308;GRAND HAVEN;MI;49417
33572541;WEBER;CHRISTINE;;;1943;F;9062017;FAIRWAY;;FORT GRATIOT;MI;48059
33446961;WEISS;RONALD;ANTHONY;;1966;M;7142017;HUNT;;LAPEER;MI;48446
2370006829;MAYNARD;JESSICA;RAE;;1983;F;2262008;CHERRY;;STEVENSVILLE;MI;49127
33571370;MILLER;AMANDA;MARIE;;1981;F;9062017;POPLAR;;CLIO;MI;48420
33579150;SHINE;DELRICO;DEONTAE;;1988;M;1022014;TITAN;;MOUNT MORRIS;MI;48458
33507418;WRIGHT;THOMAS;RICHARD;II;1980;M;8092017;RIDGE;;STEVENSVILLE;MI;49127
4000736185;STEVENS;RAYMOND;SHAWN;;1966;M;5312002;FLANDERS;;WARREN;MI;48088
33550073;MCLOSKEY;JILL;ELIZABETH;;1961;F;8282017;CANAL;# 203;STERLING HEIGHTS;MI;48314
33506054;MITCHELL;NAYLA;ASHA;;1997;F;8092017;18TH;;ECORSE;MI;48229
33584212;HEMPHILL;JOHNNIE;;;1928;M;9132017;BURGIS;;KENTWOOD;MI;49508
1715008309;RODRIGUEZ;ABEL;JONATHON;;1987;M;9142017;CONCORD;;SUTTONS BAY;MI;49682
33449643;PEACE;DAVID;STUART;;1959;M;7172017;MONTFAUCON;;TRENTON;MI;48183
33585084;PERRY;ADAM;DOUGLAS;;1988;M;9132017;PAULINE;;LAPEER;MI;48446
4001139356;CASTLE;STACY;LYNN;;1974;F;11062002;BROWN;;MUNGER;MI;48747
103287082;CARLSTROM;JOHN;RAYMOND;JR;1984;M;3212008;BASELINE;;MOUNT PLEASANT;MI;48858
1660006522;CRAIN;BRIAN;CHARLES;;1970;M;8182005;WOODWILL;;PRESCOTT;MI;48756
31352021;HAFNER;LAURA;BETH;;1983;F;5292015;AINGER;;OLIVET;MI;49076
33524659;WILLIAMSON-EVINS;DALISA;MANTRICE;;1994;F;6262012;MARX;;DETROIT;MI;48203
33653075;BUDGICK;COREY;PAUL;;1980;M;10142017;JACK PINE;;WEST OLIVE;MI;49460
2805006820;SULLIVAN;MEGAN;KATE;;1997;F;6292016;BOBWHITE;;PLYMOUTH;MI;48170
31973072;POMA-NOWINSKI;FRANCES;PATRICIA;;1978;F;12042015;TROUT CREEK;;OAKLAND;MI;48363
33646201;RATLIFF;TERRY;LYNN;;1976;F;10092017;GODDARD;APT 172;LINCOLN PARK;MI;48146
33522063;DOYLE;DENISE;MARIE;;1962;F;8162017;WALNUT;APT 802;BAY CITY;MI;48706
32938878;HALPIN;CHRIS;MICHAEL;;1968;M;11032016;PAPIN;;PELKIE;MI;49958
33036610;CHARLESTON;STARLITHA;SHAMARO;;1995;F;12292016;BRADFORD;;DETROIT;MI;48205
108402069;GASTON;ERICA;DIONNE;;1983;F;2202004;WILTSHIRE;;SOUTHFIELD;MI;48076
32277770;BULKA;HELENA;;;1983;F;2272016;CRYSTAL;;ROCHESTER HILLS;MI;48309
285002855;OBOYLE;AMANDA;MAY;;1981;F;10062016;BURNING BUSH;;FLUSHING;MI;48433
2000451721;ROPER;WILLIE;LEE;;1942;M;3282013;WOODWARD;;DETROIT;MI;48202
33666916;CRANEY;IZABELA;MARZENA;;1996;F;10182017;SCHAFER;;BURTON;MI;48509
33610558;OSBORNE;JOSEPH;ROBERT;II;1990;M;9222017;SEMINOLE;;REDFORD;MI;48240
33552299;DOUTSAS;CHRIS;;;1959;M;8302017;SPRING VALLEY;;WESTLAND;MI;48185
33610991;SOUTH;ROBERT;CHRISTIAN;;1973;M;9222017;MEIER;;SAINT CLAIR SHORES;MI;48081
33554280;THOMAS;JASMINE;TATANESHA;;1992;F;5192011;DUCHESS;;DETROIT;MI;48224
33609050;CARR;WANDA;MARIE;;1949;F;9222017;GARFIELD;;CHARLEVOIX;MI;49720
33609952;KASHAT;MAYSOON;PIUS;;1957;F;9222017;WHISPERING;;COMMERCE TOWNSHIP;MI;48390
33496041;PROVENZOLA;CAROL;ANN;;1952;F;8042017;YORKLEIGH;;LANSING;MI;48906
32762785;MARTIN;NICHOLAS;CLARK;;1986;M;9082016;GOODWIN;;LYONS;MI;48851
33104962;BOND;LEONARD;ANTHONY;;1971;M;4182012;ADMIRAL;APT 1;PORTAGE;MI;49002
33651342;LONDEAU;ERIN;LYNN;;1995;F;10122017;MARIGA;;NOVI;MI;48374
33495334;KRAUSE;ASHLEY;MARIE;;1995;F;3212016;LEXINGTON;;SHELBY TOWNSHIP;MI;48317
33554836;BUSCEMI;FABIO;;;1967;M;8312017;ISLAND;;GIBRALTAR;MI;48173
945020614;MARSHALL;JYLEE;CELIA;;1999;F;9262017;HUDSON;;WYOMING;MI;49509
33556955;OBRIEN;NAHUM;MICHAEL;;1985;M;8302017;SUPERIOR;;MUNISING;MI;49862
33187425;ANDERS;VERNICE;MAE;;1935;F;3162017;ANTLER;APT 307;GLADWIN;MI;48624
33592911;BOUWMAN;ROGER;LANCE;;1963;M;9182017;4 MILE;APT 2C;GRAND RAPIDS;MI;49544
2695089117;RIJOS-MERCADO;EULALIO;;;1958;M;9162004;BURTON;;GRAND RAPIDS;MI;49507
33605271;BEDOLLA;REBECCA;ELAINE;;1968;F;9202017;BLACKMER;APT 8;RAVENNA;MI;49451
33598229;PALACIOS;ABLE;JAMES;JR;1974;M;9182017;MARKET;;SAINT JOSEPH;MI;49085
1630103296;BAYLESS;PAIGE;ROSS;;1988;F;9172016;WHITE;;ANN ARBOR;MI;48104
33628523;FETTERHOFF;STEVEN;GERARD;;1976;M;10022017;KRAPF;;CASS CITY;MI;48726
4002887015;ZAGRZEBSKI;MELISSA;DALE;;1966;F;10152004;M 216;;MARCELLUS;MI;49067
33017062;AUSTIN;TIARA;CORLON;;1989;F;12152016;CRESCENT;;ALBION;MI;49224
33187549;BANKS;OLIVER;WENDELL;JR;1971;M;3162017;PARK PLACE;;SOUTHFIELD;MI;48033
32055091;CLARK;DANIELLE;MAY;;1988;F;12222015;BARNES LAKE;;COLUMBIAVILLE;MI;48421
940029469;OURCHANE;FATIMA;;;1963;F;6232016;PAYNE;;DEARBORN;MI;48126
31220700;POE;ANGELA;MARIE;;1988;F;3282015;HUDSON;;MUSKEGON;MI;49441
1065057823;MURRAY;LIAM;JOSEPH;;1996;M;2152016;ELDRIDGE HALL;;KALAMAZOO;MI;49008
33065647;DEAN;ISABELLA;ANN-CATHERINE;;1999;F;1132017;HARDIN;;SAGINAW;MI;48602
32851063;CRANE;WILLIAM;T;;1960;M;10082016;PINEWOOD;;GRAND RAPIDS;MI;49534
31925441;BANWELL;LINDA;CHERYL;;1963;F;11192015;HOBBS;;TRAVERSE CITY;MI;49696
33065711;EAGLE;NICOLAAS;LEE;;1993;M;1132017;WATER;;PORT HURON;MI;48060
4004285637;KITCHEN;JANET;MAE;;1935;F;7052006;GILFORD;;DEFORD;MI;48729
31371355;SHELDON;RACHEL;NAM-HEE;;1981;F;11122009;DANBURY;;GRAND RAPIDS;MI;49506
109011859;RILEY;OLIVIA;LAUREN;;1991;F;11062014;OAK;;BRIDGMAN;MI;49106
1110004857;KIRBY;KEITH;CHARLES;;1971;M;9042007;ARCIERO;;HOWELL;MI;48855
32981001;BOVEE;JENNA;LEE;;1984;F;11282016;OAKWOOD;;ORTONVILLE;MI;48462
33165365;DAWOOD;KATRENA;YOKHANNA;;1975;F;6272016;SAN MARCO;;STERLING HEIGHTS;MI;48313
33146269;FERRIS;AMANDA;KAY;;1976;F;2242017;CELIA;;WYOMING;MI;49548
33027996;ROMERO;TOMAS;RANGEL;;1958;M;12212016;DICKINSON;;GRAND RAPIDS;MI;49507
33056259;SMITH;AARON;JAMES;;1997;M;1092017;CAMBRIA;;EAST LANSING;MI;48823
32947932;JOHNSON;MARY;MONAHAN;;1989;F;11112016;VISTA;;FRASER;MI;48026
33099261;CAREY;BRIANNA;MARIE;;1999;F;2012017;BRITTON;;BYRON;MI;48418
32746718;WHITFIELD;DENISE;RENEE;;1970;F;8112016;6TH;;ROYAL OAK;MI;48067
32686375;SCHIMMEL;HEATHER;MARIA;;1978;F;8122016;PRINCESS;;CANTON;MI;48188
32007858;LOCKWOOD;KRISTINA;CHANTEL;;1976;F;12022015;SPAULDING HILLS;APT 205;ADA;MI;49301
31190818;BIGNELL;MARTHA;LUELLA;;1933;F;3122015;STEWART;;OWOSSO;MI;48867
32037000;HAWKINS;LATAYNA;;;1970;F;12172015;8TH;APT 207;BENTON HARBOR;MI;49022
2275011737;OLIVER-KNOLL;CINDY;TERESE;;1954;F;7212015;LAKE;;HOLLAND;MI;49424
108039217;GILLES;SARAH;LINDSEY;;1984;F;9092013;TIMBER WOOD;;KALAMAZOO;MI;49006
31157490;DURHAM;MIRANDA;ROSE;;1983;F;3012015;MISSION HILLS;;DEWITT;MI;48820
31790992;DEAN;AMANDA;LOUISE;;1989;F;10222015;YORKLAND;APT 8;COMSTOCK PARK;MI;49321
32981813;FOSTER;SHAWN;DARLENE;;1979;F;11282016;GRATIOT;;DURAND;MI;48429
31888484;BOSSERDET;CODY;JOHN;;1991;M;1302012;DIXIE;;BIRCH RUN;MI;48415
32438649;HUGHES;JONATHON;ROY;;1990;M;5032016;SHERIDAN;;WESTLAND;MI;48185
33004616;JOLLY;TIFFANEY;AMBER;;1996;F;12082016;BACON;;JACKSON;MI;49201
32510131;WILSON;JAMES;EDMOND;JR;1984;M;6022016;BATAVIA;;RIVER ROUGE;MI;48218
102052272;FOWLER;TAMMRA;CHEREE-RICKS;;1960;F;9272006;PETES;;HARBOR SPRINGS;MI;49740
102432652;ANDRIACCHI;ROSE;MARY;;1960;F;3162007;CURTIS;;LIVONIA;MI;48152
32439257;WOOD;MISTY;PATRICIA;;1988;F;5032016;LE GRANDE;;MACOMB;MI;48044
33146974;LAFATA;JOSEPH;SAMMY;;1947;M;2242017;FRANCIS;;SAINT CLAIR SHORES;MI;48082
107452247;WHITEHEAD;RITA;COWPER;;1954;F;12202012;KLINGENSMITH;UNIT 72;BLOOMFIELD HILLS;MI;48302
32782654;WEED;JUDITH;LYNN;;1948;F;9172016;ARCADIA;;BELLEVILLE;MI;48111
31423952;ABU-AJWAH;HUSAMEDDIN;SAMIR;;1976;M;6302015;WALDEN;;SPRING LAKE;MI;49456
31632786;DAVIS;VAUGHN;EDWARD;JR;1984;M;11072002;HALEH;APT G;GRAND RAPIDS;MI;49546
32198249;AMMON;DEBORAH;SUE;;1965;F;2012016;CHURCHILL;;RIVES JUNCTION;MI;49277
31092517;BARK;VICTORIA;LANE;;1997;F;1262015;JENNY;;WARREN;MI;48088
31092603;WALKER;AMBER;ROSE-BURNETT;;1987;F;1262015;COGSWELL;;ROMULUS;MI;48174
31855211;JONES;WEYMAN;RYAN;;1974;M;10162003;ARMITAGE;;MONROE;MI;48162
33041152;MIDDLETON;SARAH;ANN;;1978;F;1032017;GRAND RAPIDS;;MIDDLEVILLE;MI;49333
32139257;NEWCOMB;SETH;WILLIAM;;1994;M;1142016;ORANGE GROVE;;GAYLORD;MI;49735
107020573;HATTEBERG;KRISTEN;LEE;;1965;F;7202012;TUCK;;FARMINGTON HILLS;MI;48336
33070109;PAYNE;COLLIN;RUSSELL;;1997;M;4202016;LEONA;;GARDEN CITY;MI;48135
32825579;FREEMAN;DAJUAN;DARREL-WESLEY;;1990;M;9042012;BELDEN;;DETROIT;MI;48238
107388112;WALTERS;ERIC;STEVEN;;1984;M;11252012;WRIGHT;;MARQUETTE;MI;49855
106008280;DANKS;DAVID;HENRY;;1946;M;5312011;HERPS;;IRONS;MI;49644
32475755;IBRAHIM;SANDRA;KAY;;1951;F;5182016;MADISON;APT 304;ZEELAND;MI;49464
32590893;ESHAQ;MARSEEL;YOUSUF;;1984;M;7072016;DICKSON;;STERLING HEIGHTS;MI;48310
31598437;CHRISTIE;MAXINE;JO;;1997;F;9102015;CALHOUN;;BEAVERTON;MI;48612
31860080;ANDERSON;ZACKARY;RAY;;1997;M;11062015;STATE;;NUNICA;MI;49448
32008783;VINARSKI;GLORIA;;;1966;F;11132012;SAINT LAWRENCE;APT R2;DETROIT;MI;48210
31052245;BENNINK;JOHN;CARROLL;;1995;M;1062015;BIRCHWOOD;;JENISON;MI;49428
32324973;KIMMERLY;TONYA;MARIE;;1974;F;3152016;PAW PAW;;COLOMA;MI;49038
33043405;CRANDALL;MICHAEL;;;1947;M;1042017;VALLEY;;LANSING;MI;48906
104417318;TERRILL;JOANNE;HARRIET;;1932;F;7132009;ACKERSON LAKE;;JACKSON;MI;49201
32281637;PHILLIPS;WENDELL;WOODROW;;1957;M;9152011;DEERFIELD;;LANSING;MI;48911
32230876;MOHSIN;ABRHIM;HAIL;;1996;M;2052016;ELM;;COLDWATER;MI;49036
103650544;PINCOMB;EDWARD;JAMES;;1966;M;8182008;EASTWOOD;;BURTCHVILLE;MI;48059
32008875;WILSON;MARILYN;ADELINE;;1937;F;12102015;SWAN CREEK;;PORTAGE;MI;49024
31561058;HORNUNG;STEPHANIE;LYNN;;1989;F;8262015;CANTERBURY;;RICHMOND;MI;48062
109080501;BERG;TIFFANY;ANNE;;1985;F;12122014;8TH;;PORT HURON;MI;48060
31927375;VANWIEREN;LARRY;ALLEN;;1951;M;11192015;FRONT;APT 206;BELDING;MI;48809
32512992;SOWA;CRYSTAL;MICHELE;;1995;F;6032016;ELM;;MOUNT MORRIS;MI;48458
32139892;WHITE;FREAZIE;;III;1982;M;1142016;CHELMSFORD;;SOUTHFIELD;MI;48076
108284418;ROBISON;CODY;WILLIAM;;1988;M;12202013;QUEENSWAY;;WEIDMAN;MI;48893
31580988;KNUDSON;KELLY;MAE;;1984;F;9022015;VIEW;;WATERFORD;MI;48327
865007454;BURBAR;LINA;YOUSEF;;1962;F;9252008;MAPLETREE;;FLINT;MI;48532
33045215;ROBERTS;MARY;LINDA;;1953;F;1052017;WEYBRIDGE;APT 102;CLINTON TOWNSHIP;MI;48036
31191445;GARFI;CASEY;ALLEN;;1987;M;3122015;VALLEY;;BURTON;MI;48519
31707135;AUSTIN;DANIELLE;JEAN;;1967;F;10022015;WENDELL;;CLINTON TOWNSHIP;MI;48036
31896785;THOMAS;DONALD;;;1967;M;11122015;MARX;;DETROIT;MI;48203
33147831;STOKES;JAMANTRAY;JUNE;;1998;M;2242017;FREDA;;DETROIT;MI;48204
33114501;HERNANDEZ;ANGELINA;;;1945;F;2092017;AIRPORT;;BRIDGEPORT;MI;48722
2755002582;EVANS;JOSLYNN;MARIE;;1985;F;10032008;HOOKER;;THREE RIVERS;MI;49093
33111155;BENNETT;ROBERT;LEE;;1958;M;2072017;MANCHESTER;APT 204;HIGHLAND PARK;MI;48203
32994385;HUTTON;CHELSEA;ELLEN;;1997;F;12052016;PALMER;;MADISON HEIGHTS;MI;48071
32273819;CHAVIS;DARREN;K;;1974;M;2232016;SYRACUSE;;TAYLOR;MI;48180
32726846;CONLEY;KAYLAH;KENYATTA;;1997;F;8252016;KATHRYN;;GARDEN CITY;MI;48135
32748550;TAIT;JORDAN;ROBERTSON;;1988;M;9012016;MARGUERITE;;LANSING;MI;48912
1495014043;HIMMELEIN;ROBERT;LYNN;JR;1966;M;8121998;BRUCE;;SAGINAW;MI;48603
33112921;SINGH;SAIVY;;;1971;M;2072017;RIVERSIDE;APT B1;LITCHFIELD;MI;49252
33171114;COUGHENOUR;ANTHONY;LEE;;1984;M;3092017;WINTERBERRY;;WEST OLIVE;MI;49460
31191612;HINSKE;JAMIE;LEE;;1986;F;3122015;MINNESOTA;APT 2;TROY;MI;48083
31263183;CRAINE;PETER;JOHN;;1949;M;4152015;BRIDGE WATER;;OXFORD;MI;48371
31052471;CHAMBERLAIN;ELLEN;PETEY;;1958;F;1062015;4 MILE;;EAST LEROY;MI;49051
31522509;COOPER;GARY;ROBERT;;1961;M;4112012;WOODCREEK;APT 204;YPSILANTI;MI;48198
31732718;ZIGA;JANIE;ANN;;1969;F;7031998;BEECH;;DEARBORN;MI;48124
32726976;DEWULF;TAD;SPENCER;;1971;M;8252016;GREEN ARBOR;;GENESEE;MI;48437
31527927;SILVERTHORNE;JAMIE;LYNN;;1990;F;4022014;PARK;APT 2W;GRAND RAPIDS;MI;49525
31901129;CONNER;ANGELA;SIMONE;;1989;F;11132015;SPRENGER;;EASTPOINTE;MI;48021
32923147;WENDEL;MARCIA;ANN;;1953;F;10272016;CONCORD;;COLDWATER;MI;49036
31191836;KOSCO;KEVIN;MICHAEL;;1975;M;3122015;GREAT OAKS;;BLOOMFIELD HILLS;MI;48304
32013618;HERMAN;GEORGE;ROBERT;II;1996;M;12112015;BRAUN;;SALINE;MI;48176
32748922;WRISLEY;ALBERTA;JEAN;;1959;F;9012016;MOYER;APT 1;ALMA;MI;48801
32533312;RAMSEY;KOFFI;ELIZABETH;;1994;F;6132016;DAVISON;;AUBURN HILLS;MI;48326
2000453788;ALAM;MD;JAHANGIR;;1985;M;9292016;COMMOR;;DETROIT;MI;48212
500007324;MILLER;BRENDAN;SHAE;;1997;M;2272015;RIDGE;;SAULT STE MARIE;MI;49783
31217761;HUFFMAN;VALERIE;KAYE;;1980;F;3262015;LENNON;;SWARTZ CREEK;MI;48473
31131200;CASE;SYLVIA;;;1958;F;2122015;FLUSHING;;FLINT;MI;48504
32283905;DOORNBOS;CRAIG;DOUGLAS;;1971;M;2292016;HOUGHTON HEIGHTS;APT 205;HOUGHTON LAKE;MI;48629
31473383;HILL;BENJAMIN;JOSEPH;;1986;M;7232015;ELY;;ALMA;MI;48801
105310404;YAUCH;WILLIAM;ERIK;;1975;M;7282010;HARPER;;HOLT;MI;48842
31112102;DAVIS;DULCY;MARQUITA;;1972;F;2042015;DEPEW;;WEST BLOOMFIELD;MI;48324
32197709;WILSON;KATELYN;BROOKE;;1994;F;8022012;CHESAPEAKE;;COMMERCE TOWNSHIP;MI;48390
33183305;MABRY;LINDSEY;RENEE;;1986;F;3142017;BAYVIEW;APT 38309;CLINTON TOWNSHIP;MI;48038
31332080;HERNANDEZ;SOPHIA;;;1973;F;8032005;CASPER;;DETROIT;MI;48209
105535314;RICHARDS;CAROL;LYNN;;1957;F;10202010;MULBERRY;;ADRIAN;MI;49221
106154191;STONE;SHIRLEY;ROBERTA;;1927;F;8012011;KAYWOOD;;KALAMAZOO;MI;49006
31063279;FULLER;MAKENNA;EMILY-GUERNSEY;;1990;F;1132015;EASTERN;;GRAND HAVEN;MI;49417
32784224;KIRKLAND;KOLONY;PHYLLIS;;1984;F;4222013;CLEVELAND;;FLINT;MI;48503
31281242;MULDER;LARRY;LEE;;1961;M;4232015;BEECH;;FOUNTAIN;MI;49410
109081432;HANIS;NORMA;JEAN;;1940;F;12112014;EASY;;WHITEHALL;MI;49461
31316561;BLACKBURN;MONTEZ;DEONTA;JR;1997;M;5092015;FLAGSTONE;;FLUSHING;MI;48433
109052768;JACKSON;ASIA;RENEE;;1996;F;11262014;RAMBLEWOOD;;FARMINGTON HILLS;MI;48334
32634942;MCCAFFERTY;KARA;LYNN;;1987;F;7102015;CARRIAGE HILL;;KENTWOOD;MI;49508
32691261;COXON;ADAM;JOHN;;1981;M;8122016;ROBINSON;;PERRINTON;MI;48871
31574821;SCOTT;CHAD;WILLIAM;;1966;M;8312015;HOLDEN;;WATERFORD;MI;48329
31096239;EARHART;AUDREY;ELOISE;;1929;F;1272015;BUTTERCUP;;CEDAR SPRINGS;MI;49319
31738013;NASZRADI;KRISTEN;OBEIRNE;;1986;F;10092015;HOMER;;PLYMOUTH;MI;48170
31538601;REYNA;REYNALDO;;;1956;M;7092013;WASHINGTON;APT 1;KALAMAZOO;MI;49001
31227929;GARZA;EDWARD;;;1944;M;6151996;FRIENDSHIP;APT 213;LANSING;MI;48912
106300873;LUKONEN;WENDY;RENE;;1968;F;9272011;FRANCES;;CLIO;MI;48420
31158639;GRAMZA;GLENN;ROBERT;;1949;M;2262015;PINE CREEK;;MANISTEE;MI;49660
32639078;BACHELDER;MEGHAN;CAROLYN;;1984;F;7262016;EDGAR;;MASON;MI;48854
31238843;MCWATTERS;MELISSA;ANN;;1996;F;4012015;40TH;;RAVENNA;MI;49451
31541801;PALMER;MELVIN;DWAYNE;;1977;M;8182015;CLARK;APT N8;DEWITT;MI;48820
109051559;DOUGLAS;ELIZEBETH;ANNE;;1984;F;12012014;DECKER;;ORLEANS;MI;48865
109025371;HAGEMEISTER;CYNTHIA;MARIE;;1962;F;11132014;11TH;;PORT HURON;MI;48060
31016689;MILLER;CASSANDRA;P;;1994;F;11182014;TOWNSEND;;MILAN;MI;48160
107094731;MATTHEWS;SHAWN;;;1965;M;8152012;DIXIE;;SAGINAW;MI;48601
31291624;BOARDMAN;BELINDA;KAY;;1978;F;4292015;SUN VALLEY;;JENISON;MI;49428
32676920;MCLERNON-BROWN;NANCY;STILWELL;;1954;F;8082016;VERNON;;HUNTINGTON WOODS;MI;48070
32683621;HUFF;NICKOLAS;TYLER;;1994;M;8102016;KANE;;WEBBERVILLE;MI;48892
32412815;BURNS;LEONARD;JOSEPH;III;1982;M;4242016;BEECHWOOD;;WESTLAND;MI;48185
31073383;GRAY;ALISA;YVETTE;;1969;F;3282011;HURON;APT 4;ANN ARBOR;MI;48104
31301705;DINWIDDIE;TIFFANY;RENEE;;1986;F;5192005;GREENVIEW;;DETROIT;MI;48219
31641240;ALLEN;JENNIFER;DOREEN;;1968;F;9182015;FORTRESS;;GWINN;MI;49841
31920210;GONZALEZ;JAMES;MICHAEL;;1977;M;11182015;SILVER CREEK;;ROCKWOOD;MI;48173
31064360;HEPWORTH;ALYSSA;ANNE;;1988;F;1102015;LAKEVIEW;APT 201;YPSILANTI;MI;48198
107346541;MALLOY;MARK;ANTHONY;;1962;M;11012012;OAKDALE;;PRUDENVILLE;MI;48651
31989332;EARL;SCOTT;EUGENE;;1958;M;12072015;WALLACE;APT B10;WILLIAMSTON;MI;48895
107254700;SMOLENYAK;ELLISE;NOEL;;1991;F;10032012;KNOLLCREST;;CHARLEVOIX;MI;49720
32706636;KATO;SAIF;;;1988;M;8212016;PORTOBELLO;;TROY;MI;48083
31170781;HINTON;KRISTEN;DARLENE-JONETE;;1985;F;3042015;MARY CATHERINE;;YPSILANTI;MI;48198
31971084;MILLER;RITA;DOREEN;;1936;F;12022015;FOX HOLLOW;;METAMORA;MI;48455
1025007662;RICHARDSON;ROBYN;DENISE;;1977;F;12112014;CHATEAU;;NORTON SHORES;MI;49441
32679922;FARR;KENNETH;JAMES;;1968;M;8092016;18TH;;DORR;MI;49323
31334960;HALPIN-DYE;MELANIE;KATHLEEN;;1974;F;5192015;M 72;;WILLIAMSBURG;MI;49690
1340008881;DORTMAN;VIOLETTA;SUZANNE;;1958;F;10042012;HANCOCK;;PORT HURON;MI;48060
32928268;MCKINNON;JOSHUA;TYLER;;1984;M;10312016;OPDYKE;LOT 197;AUBURN HILLS;MI;48326
32832095;KAUFMAN;SCOTT;M;;1968;M;9302016;PARDEE;;TAYLOR;MI;48180
31672158;HYDE;AMANDA;NICOLE;;1989;F;9282015;REVERE;;WARREN;MI;48092
240027663;BAIG;MIRZA;;;1937;M;8172016;MICHAEL;;STERLING HEIGHTS;MI;48310
32701270;MCINTOSH;CAMBRIELLA;ANN;;1985;F;8162016;BUDD;;BURT;MI;48417
107367894;METZNER;CHRISTOPHER;MICHAEL;;1976;M;11092012;LINDEN;;SWARTZ CREEK;MI;48473
1630106401;ZHOU;JINGSHA;;;1986;F;10062008;VILLAGE OAKS;;ANN ARBOR;MI;48103
107538763;BURNS;KENDALL;PHILIP;;1962;M;2052013;WAYNE;;NILES;MI;49120
31920407;HILL;SHAWNDA;RENE;;1972;F;11182015;PHEASANT RUN;APT 5;SAGINAW;MI;48638
32019706;FEINBERG;GLENN;MORRIS;;1991;M;12142015;SOUTHLAND;;CLINTON TOWNSHIP;MI;48036
31099643;LYNCH;MEGAN;CHRISTINE;;1986;F;1282015;WINIFRED;;PINCKNEY;MI;48169
31155639;MALKOWSKI;LESLEY;LYNNE;;1981;F;2252015;FREE SOIL;;FREE SOIL;MI;49411
32699139;BROWN;GAYLE;LYNN;;1955;F;8162016;LYONS;;WARREN;MI;48092
32305933;LAMBRIX;COLE;PATRICK;;1995;M;3072016;LIGHTHOUSE;;MONROE;MI;48161
32678814;HENRY;MEGAN;ANNE;;1991;F;8102016;RAMBLEWOOD;;CEDAR;MI;49621
31027487;GOREE;LETICIA;MERIA;;1988;F;12222014;BURTON;;WYOMING;MI;49519
32236162;HUFF;LEON;FRANCIS;JR;1969;M;2082016;PALMAIR;;WYOMING;MI;49418
108981618;TROTTER;WILLIAM;LEE;;1962;M;10242014;SPICA;;GRAND RAPIDS;MI;49508
32680169;HALL;SANDRA;KAY;;1943;F;8092016;CRESTMONT;;SAGINAW;MI;48603
32236381;HOLMES;TERRY;STEPHEN;;1965;M;2082016;STERNS;;LAMBERTVILLE;MI;48144
31166137;PLUME;JOHN;HARRY;;1946;M;3022015;SPENCE;;CORAL;MI;49322
32723406;BELL;ALISON;RENAE;;1992;F;8242016;CABARET;APT E;SAGINAW;MI;48603
32733977;HICKS;KIMBERLY;LOUISE;;1964;F;8292016;OAK;;HERMANSVILLE;MI;49847
32713844;ATKINS;STEPHEN;JEFFERY;;1976;M;12132012;CONSEAR;;LAMBERTVILLE;MI;48144
32715569;HARRINGTON;JAMES;ARNOLD;;1965;M;8222016;SANDY SHORE;;METAMORA;MI;48455
31642829;MURRAY;LAIRD;DOUGLAS;;1940;M;9182015;ROSE;;KALAMAZOO;MI;49001
32020290;KELLY;DOUGLAS;ANDREW;;1984;M;12142015;BETSIE RIVER;;INTERLOCHEN;MI;49643
32020326;KOENIGSHOF;EMILY;JEAN;;1990;F;12142015;WIMBLETON;;KALAMAZOO;MI;49009
31697816;CORGAN;JENNA;RENEE;;1997;F;9242015;MARQUARD;;MUSKEGON;MI;49445
32714107;GALLATIN;AUGUST;KATHERINE;;1998;F;8162016;GORDONVILLE;;MIDLAND;MI;48640
108543635;GINDLESPERGER;JOESY;EMMALINE;;1992;F;4232014;SIMCOE;;FLINT;MI;48507
31750564;STEINMAN;CHRISTOPHER;JAMES;;1990;M;10152015;BOOTH;;GRAND LEDGE;MI;48837
108537499;CHETTY;INDRIN;;;1971;M;3032000;CORNERSTONE;;CANTON;MI;48188
33032689;MILLS;RYAN;SCOTT;;1987;M;12272016;CEDAR;APT 410;LANSING;MI;48912
108601018;RAY;TIFFANY;MARKETTER;;1988;F;5202014;PENROD;;DETROIT;MI;48223
31964880;PROFIT-SPENCER;LORENA;JAYNE;;1969;F;12012015;TYRRELL;;OWOSSO;MI;48867
31971639;STUEF;CAROLE;JOAN;;1944;F;12022015;SHEPHERD;;CANTON;MI;48188
31995100;CRAIG;JONATHAN;PAUL;;1997;M;12082015;GROVE;;GREENVILLE;MI;48838
31793010;MATUSKY;ERIK;DANIEL;;1977;M;10262015;TARA;;NEW BALTIMORE;MI;48047
31965105;SBEITY;IBRAHIM;HASSAN;;1984;M;12012015;INKSTER;;DEARBORN HEIGHTS;MI;48127
31643685;UHER;JASON;MATTHEW-ZAPATA;;1984;M;9182015;BALDWIN PRAIRIE;;UNION;MI;49130
865009120;TUCKER;SHANNA;LYNN;;1996;;9182014;LENNON;;SWARTZ CREEK;MI;48473
32743610;OCONNER;PEARLY-MAE;PLATIL;;1983;F;8312016;TROY CENTER;APT 2025;TROY;MI;48084
108859651;STEELE;BARBARA;ANN;;1956;F;10052009;MONTE CARLO;;ROMULUS;MI;48174
32095093;TURNER;BRANDEN;MARQUIS;;1997;M;1052016;GREYFRIAR;;DETROIT;MI;48217
32720857;SHORT;GREGORY;QUINLAN;;1957;M;8232016;NORTHRIDGE WOODS;;BRIGHTON;MI;48116
108834017;FOSTER;STACEY;KATHLEEN;;1970;F;8272014;KRISS CROSSING;;BRIGHTON;MI;48114
31684224;WOLTERS;DERICK;JASON;;1977;M;9282015;RAVINE;APT A;ALLEGAN;MI;49010
108905665;HORNSBY;MICHAEL;DANIEL;;1970;M;12082008;ADAMS;;SAGINAW;MI;48609
32774431;LOVE;MINNIE;LEE;;1954;F;9142016;ILENE;;DETROIT;MI;48221
33033130;STEPHAN;REBECCA;ANN;;1990;F;12272016;WHITING;;PENTWATER;MI;49449
31689362;SANCHEZ;ALEICIA;MARIE;;1997;F;9292015;LIBERTY;;LAPEER;MI;48446
108933403;EDMONDSON;KIM;WANDA;;1957;F;10062014;NEW JERSEY;;SOUTHFIELD;MI;48075
108961711;ROJAS;GABRIEL;;III;1985;M;10162014;OCONNOR;;ALLEN PARK;MI;48101
108970920;LAWHEAD;MICHAEL;FRANZ;;1962;M;7092012;HIDDEN HILLS;APT 202;KALAMAZOO;MI;49006
32780644;PETERSON;ALICIA;ANN;;1985;F;12222004;GRAND;APT 320;DETROIT;MI;48208
108997311;EL-HAGE;MAHMOUD;ABASS;;1954;M;10312014;VERNON;;DEARBORN;MI;48128
650012086;OHARA;RYAN;DANIEL;;1997;M;10012015;FOX CHASE;;BLOOMFIELD HILLS;MI;48301
31012252;TAYLOR;KELLY;ANN;;1996;F;10062014;ASTRO;;BIG RAPIDS;MI;49307
790008800;DELIE;ROBERTA;LOU-SAGAR;;1949;F;8202012;BALD MOUNTAIN;;LAKE ORION;MI;48360
108968925;VILLANUEVA;LUIS;GUILLERMO;;1993;M;10202014;KAREN;;WATERFORD;MI;48328
32153760;ORTIZ;YESMARIE;TORRES;;1985;F;12292015;EMMET;;PETOSKEY;MI;49770
2000448833;MAUSLEH;SINA;ALI;;1994;F;5062016;SMART;;DETROIT;MI;48210
32191511;VITALE;PIETRO;;;1969;M;1272016;VREELAND;;WOODHAVEN;MI;48183
765000503;RICH;AMANDA;M;;1998;F;8292016;BIRD;;LINDEN;MI;48451
31048857;ANGUS;BRANDIE;LYN;;1992;F;1052015;MONTROSE;;MIDLAND;MI;48640
31129043;PHILLIPO;JASON;CRAIG;;1988;M;2112015;KENORA;;NORTON SHORES;MI;49444
31050043;MCCLEAN;DEBRA;DIANE;;1958;F;1052015;GRAND LEDGE;;GRAND LEDGE;MI;48837
109090407;MCDOWELL;VANCE;DEONDRE;;1994;M;12162014;POLO CLUB;APT 103;FARMINGTON HILLS;MI;48335
2625010301;BEGUM;ZAHADA;;;1972;F;11032015;TROWBRIDGE;;HAMTRAMCK;MI;48212
31057598;WOOSTER;MARCUS;JAMES;;1967;M;9092013;WILLMAN;;BURTON;MI;48529
32772860;MANORE;MICAH;DAVID;;1985;M;9122016;3 MILE;;GRAND RAPIDS;MI;49505
31213211;JONES;JAQUE;MEAGHAN-KANDENCE;;1991;F;3232015;CORDOBA;APT 1209;FARMINGTON HILLS;MI;48334
31216371;KRAUSZ;SOMMER;ALLISON;;1995;F;3242015;GOODWIN;;LYONS;MI;48851
31306172;PORTER;ALEXIS;DARLENE;;1967;F;5272011;WATSON;;DETROIT;MI;48201
31083093;PERUZZI;MALISSA;ANN;;1996;F;1212015;YATES;;NEW HAVEN;MI;48048
31217125;SMITH;STEVEN;VINCENT;;1967;M;3242015;MAPLE;;HARTFORD;MI;49057
109054495;HUBERS;KYLE;JEFFREY;;1986;M;12022014;26TH;;HOLLAND;MI;49423
33193797;FUERTES;JERRY;GAY;;1961;F;3212017;DEERFIELD;;FLINT;MI;48532
31299736;SHAW;WALLACE;DAVID;;1974;M;5012015;M 52;;OWOSSO;MI;48867
31744085;RATLIFF;VERONICA;NICOLE;;1985;F;10122015;MICHIGAN;LOT 241;YPSILANTI;MI;48198
31169147;SIKORA;EMELIA;;;1932;F;3032015;EUREKA;APT 348;TAYLOR;MI;48180
1065058981;MOORE;CLARENCE;SHAWNCHEE;;1978;M;9282016;HOTOP;;KALAMAZOO;MI;49048
31396463;BEVIL;BETHANY;ANN;;1949;F;6172015;LINDSEY;;SWARTZ CREEK;MI;48473
31397342;HOLLIS;ANGELA;NICOLE;;1974;F;6152015;BETHUNE;;DETROIT;MI;48202
31448050;KITCHAK;KAREN;SUE;;1952;F;7132015;EASTWOOD VILLAGE;APT 104;CLINTON TOWNSHIP;MI;48035
31359641;FORD;DANNY;;;1954;M;7072008;GRAND;;DETROIT;MI;48208
1065058941;STROUPE;CLAUDIA;CAROL;;1998;F;9222016;DUNHILL;;KALAMAZOO;MI;49006
31367329;SOBLESKI;PETER;ALAN;;1961;M;6032015;ELY;;PELLSTON;MI;49769
31330653;SNIDER;REBECCA;RENE;;1976;F;5192015;WARWICK;;BLOOMFIELD HILLS;MI;48304
31141522;PANIGI;CHELSEA;ANN;;1992;F;2182015;HENRY VIII;;FLINT;MI;48507
31375925;HETCHLER;MICHAEL;DALE;;1953;M;6082015;CHEYENNE;;LAPEER;MI;48446
31242552;CHAPPELL;LISA;LORRAINE;;1966;F;4062015;FIRETHORN;;WARREN;MI;48092
31333830;DRAKE;JONATHAN;THOMAS;;1992;M;5202015;MILITARY;;PORT HURON;MI;48060
31196150;WHALEY;BRYON;THOMAS;;1970;M;2272015;PARKVIEW;;TAYLOR;MI;48180
31442070;DOTSON;DANIEL;JOSEPH;;1997;M;7082015;RICHFIELD;;DAVISON;MI;48423
31350498;LUYK;MARIANNE;ELIZABETH;;1967;F;5272015;WOODLAWN;;ZEELAND;MI;49464
32846610;LINZNER;CHELSI;RAE;;1988;F;10052016;ANTON;;SEBEWAING;MI;48759
31446760;OWENS;CIAIRA;ALAURA;;1994;F;7092015;ROBINDALE;;REDFORD;MI;48239
2260001985;HAYNES;DUANE;E;;1951;M;3312015;16 MILE;;CEDAR SPRINGS;MI;49319
2410020228;MAWI;LAL;NUN;;1991;F;9252016;GETHINGS;;BATTLE CREEK;MI;49015
31364368;TOWAS;MICHAEL;ALAN;;1954;M;6022015;DRACKA;;TRAVERSE CITY;MI;49685
109079886;WOLF;CHARLES;SCOTT;;1988;M;12102014;BON HEUR;;SAINT CLAIR SHORES;MI;48081
31429471;NAUSLEY;CANDY;RENEE;;1964;F;7012015;WESTCHESTER;;WESTLAND;MI;48186
31440821;YORK;RODERICK;;;1977;M;4231996;LAPEER;;SAGINAW;MI;48601
31283062;COLLINS;BRETT;WILLIAM;;1975;M;4242015;SUGAR MAPLE;;CEDAR;MI;49621
31407237;RAY;BONNIE;JEAN;;1947;F;6222015;TOWNLINE;;GRAND BLANC;MI;48439
31452648;JONES;GENE;ALLEN;;1971;M;7132015;FREMONT;;COLDWATER;MI;49036
31320702;MELTON;JENNIFER;LOUISE;;1977;F;5122015;MYRTLEWOOD;;MARYSVILLE;MI;48040
31492287;TRUDEAU;DANIEL;JOSEPH;II;1986;M;7292015;CHELSEA;;OXFORD;MI;48371
32473709;STEVENSON;FRANCESCA;LEE;;1985;F;5172016;SANFORD;;MUSKEGON;MI;49444
32367527;BESTER;ROBERT;MICHAEL;;1997;M;3312016;LUANNE;;TRAVERSE CITY;MI;49685
32471997;BASHANS;MARY;KATHERINE;;1954;F;4292010;STATE;;SAGINAW;MI;48602
32613005;REYNOLDS;KEITH;FRANKLIN;;1981;M;7152016;WALNUT;APT 210;LANSING;MI;48933
32615083;EDWARDS;EDWARD;DOUGLAS;;1940;M;7182016;RED PINE;;FARMINGTON HILLS;MI;48335
32233218;LOWNDS;MEGAN;ELIZABETH;;1978;F;2082016;OLD 99;;MONTAGUE;MI;49437
32353260;PRIEHS;JAMES;LAWRENCE;;1968;M;5222013;ILENE;;CLINTON TOWNSHIP;MI;48036
32623845;REYNOLDS-MOLINA;REBEL;JEAN;;1978;F;7202016;HORSESHOE;;CLARKSTON;MI;48348
32552673;ROGERS;OTISTINE;;;1939;F;6212016;WESTWICK;;WAYNE;MI;48184
1020002300;LOTHRINGER;JOSHUA;ALAN;;1997;M;3012016;READY;;CARLETON;MI;48117
32464560;UDDIN;JAMAL;;;1942;M;5122016;PULASKI;;HAMTRAMCK;MI;48212
32290555;ANDERSON;JACI;MARIE;;1990;F;3022016;IRVING;;GREENVILLE;MI;48838
32265891;ADAM;HANI;EMANOEL;;1992;M;2182016;NICKOLAS;;STERLING HEIGHTS;MI;48310
32292434;MAIALE;SCOTT;JOSEPH;;1983;M;3022016;VILLAGE PARK;APT C1;SOUTHGATE;MI;48195
32461746;RANDOLPH;TIMOTHY;EDWIN;;1963;M;5142016;HILE;;MUSKEGON;MI;49444
32244884;LAW;TRISTAN;JAMES;;1987;M;2102016;SEMINDALE;;CLARKSTON;MI;48346
32424648;CARTER;DIONNA;VICTORIA;;1986;F;4272016;FREEDOM;;FARMINGTON HILLS;MI;48335
32426630;TISCH;PATRICK;MICHAEL;;1983;M;10062008;DUBOIS;;CLINTON TOWNSHIP;MI;48035
1090004042;WOODFORD;RICHARD;IRVING;JR;1946;M;11061998;BRIARCLIFF;;SAINT JOSEPH;MI;49085
32432604;ROWLEY;WILLIAM;EUGENE;;1970;M;4292016;CHICAGO;APT 1;COLDWATER;MI;49036
32377025;VANHARE;TIFFANY;CHRISTINE;;1988;F;4062016;FISHER LAKE;;THREE RIVERS;MI;49093
32597188;BAYLE;PATRICIA;YVONNE;;1946;F;7112016;PRIEST;;MANCELONA;MI;49659
32541277;MARTIN;JUSTIN;ALLEN;;1998;M;5242016;JEFFERSON CENTER;;CASSOPOLIS;MI;49031
32349887;MCKEE;JESSICA;MAE;;1984;F;3232016;SOUTH;LOT 18;JACKSON;MI;49201
32362824;SULLIVAN;BRYANT;ANDRE;;1980;M;3292016;FRANCINE;APT 8066;WARREN;MI;48093
32598722;DENLINGER;BRITTANY;ROSE;;1990;F;7112016;WASHINGTON;APT 2401;DETROIT;MI;48226
32420751;RULE;KE-IAH;LAASHA-SYMON;;1990;F;9302012;BAKER;APT 2;MUSKEGON;MI;49444
32481944;HEIT;BENJAMIN;ADAM;;1985;M;5202016;COLORADO;;FLINT;MI;48506
32658649;KEETH;LISA;ANN;;1974;F;8032016;BROCKER;;METAMORA;MI;48455
32365898;ROSEN;WILLIAM;JOSEPH;;1965;M;3302016;LILLEY;APT 119;PLYMOUTH;MI;48170
32659114;NUZUM;CORINNE;MARIE-LOUELLA;;1991;F;8032016;5TH;;FENTON;MI;48430
32526168;TAYLOR;KEVIN;DOUGLAS;JR;1993;M;7282011;FAIRPORT;;DETROIT;MI;48205
32413709;FERGUSON;TROY;SCOTT;JR;1989;M;2122009;VIRGINIA;;CARLETON;MI;48117
32335321;NANASY;LORI;LEE;;1977;F;2172016;NEWTON;APT. 2;KINGSFORD;MI;49802
32334300;PAULK;JAMIE;;;1980;F;3162016;FOSTER;;LANSING;MI;48912
32797322;HOLTY;STEVEN;PHILIP;;1975;M;4212016;PLYMOUTH;;MIDLAND;MI;48642
32224586;WILLIS;JENNO;;;1966;M;3061998;RANGELEY;APT 8;FLINT;MI;48503
32820804;COURVILLE;KRISTIN;ELLEN;;1981;F;9282016;FOREST;APT 6;DETROIT;MI;48201
1080012514;SCHREFFLER;ERIC;SCOTT;;1980;M;2072016;OSBAND;;YPSILANTI;MI;48198
1200021500;BONO;JUSTIN;MICHAEL;;1995;M;2052016;TERRA BELLA;;CLINTON TOWNSHIP;MI;48038
32416349;FLORES;ANASTASIA-LEE;RENDER;;1977;F;4222016;LAKE;;NOVI;MI;48377
240027211;RACE;IRENE;AGNES;;1935;F;5232016;DOBRY;APT 223;STERLING HEIGHTS;MI;48314
32602882;TAYLOR;EMMANUEL;JEROME;;1981;M;7122016;DUKE;APT B2;KALAMAZOO;MI;49008
32272536;STONE;DEMETRIUS;TARAN;;1997;M;2222016;ROOSEVELT;;DEARBORN;MI;48124
32442669;NUTT;BAILEY;ROSE;;1990;F;9292014;WILDWOOD;;WESTLAND;MI;48185
32494534;GROVE;TIMOTHY;ADAM;;1965;M;5262016;LAKE FOREST;;NILES;MI;49120
32360312;PAULEY;NICOLE;RENEE;;1998;F;3302016;COURT;;BOYNE CITY;MI;49712
2805006613;LANAVA;NICHOLAS;J;;1996;M;2102016;OAKLAND;;PLYMOUTH;MI;48170
32404898;DUNN;JAMES;HIXSON;;1958;M;8121998;EDGEWOOD;APT 313;LANSING;MI;48911
32604812;FARMER;LAURA;ELIZABETH;;1990;F;6122015;COUNTY ROAD 405;;NEWBERRY;MI;49868
32609522;ROHDE;MICHAEL;RICHARD;;1978;M;7142016;WHITTAKER;;YPSILANTI;MI;48197
32518028;BROWN;STERLING;;;1946;M;6072016;SANTA ROSA;;DETROIT;MI;48221
1525003723;MEYER;LAUREN;MARIE;;1996;F;2032016;ROSEWOOD;;MONROE;MI;48161
1630099109;MODELL;MARRISA;LYNNE;;1997;F;2052016;DEER CREEK;;ANN ARBOR;MI;48105
32227457;SPLAN;HANNAH;MAE;;1991;F;2042016;PRESQUE ISLE;APT 218;MARQUETTE;MI;49855
32521374;DYE;ABIGAIL;SOPHIA;;1997;F;6082016;LAMBETH;;ROCHESTER HILLS;MI;48306
32254655;MENARD;KATHLEEN;MARIE;;1960;F;9012015;SAINT ANDREWS;;GRAND BLANC;MI;48439
32392770;DIXSON;NYKIAYIA;ASHANTI;;1985;F;4122016;RAUSCH;;EASTPOINTE;MI;48021
33014888;GRELL;WHITNEY;LAYNE;;1992;F;12142016;STROHM;;TRENTON;MI;48183
33058536;REDD;ALLEN;JAMONE;JR;1985;M;1102017;KENOSHA;;HARPER WOODS;MI;48225
33072236;HILL;MATTHEW;STEPHEN;;1980;M;1182017;INDIAN HILLS;;FLINT;MI;48506
33013521;STOUT;NANCY;ELIZABETH;;1988;F;2272007;OXFORD;;ADRIAN;MI;49221
32871260;STANCZAK;SYLWESTER;;;1951;M;10102016;BORDMAN;;ROMEO;MI;48065
32872668;PARSONS;BREANA;MARIE;;1998;F;10042016;PARCHMOUNT;;KALAMAZOO;MI;49004
32897918;PIASECKI;VICTOR;CRAIG;;1962;M;10172016;HIVELEY;;WESTLAND;MI;48186
2765002844;NOMAN;PARIS;SAEED-ALI;;1993;F;10102016;WHISPERING;O;COLDWATER;MI;49036
32870448;PILACHOWSKI;JEFFREY;STEPHEN;;1987;M;10102016;ROBERTSON;;BRIGHTON;MI;48116
33091668;BARNETT;TRAVION;DEVONTE;;1987;M;1032006;WARREN;;SAGINAW;MI;48601
33109210;KEYS;SHELETHA;LASHALE;;1974;F;10051992;BEECHFIELD;;LANSING;MI;48911
33079776;SHARP;CHAD;ROGER;;1973;M;1202017;48;;CADILLAC;MI;49601
33203700;THOMAS;TIFFANY;RENA;;1976;F;5171994;24TH;;DETROIT;MI;48208
33176734;BALDWIN;CLINTON;;JR;1958;M;10102000;FERGUSON;;DETROIT;MI;48227
32934552;NICKERSON;ALAN;WILLIAM;;1962;M;11022016;WHITE;;LINCOLN PARK;MI;48146
1630111867;GOODMAN;MADISON;B;;1996;F;10112016;HILL;;ANN ARBOR;MI;48104
32965725;SCHULZ;DOROTHY;WARREN;;1940;F;11162016;POTOMAC;;SOUTH LYON;MI;48178
33200131;MATTHAEUS-OKIMOTO;MARY;E;;1956;F;3222017;BUCKINGHAM;;BERKLEY;MI;48072
33134623;POMA;MARY;HELEN;;1978;F;2212017;TURNBERRY;;DEARBORN;MI;48120
530078162;BLAIR;PATRICK;JAMES;;1995;M;10112016;GRAND RIVER;APT 11;EAST LANSING;MI;48823
33133390;ELIAS;FADI;BASAM;;1992;M;2172017;TYLER;;STERLING HEIGHTS;MI;48310
33133400;ELMORE;ADAM;BENJAMIN;;1983;M;5232001;MILLBROOK;;MIDLAND;MI;48640
32874964;BROWN;KAYLA;MARIE;;1994;F;10112016;WALTON;;PONTIAC;MI;48340
32875405;COLLINS;JERNARD;CORDELL;;1989;M;10112016;CIVIC CENTER;STE 2113;SOUTHFIELD;MI;48076
33097376;KNAUSS;AARON;MICHAEL;;1989;M;1312017;COVE RESORT;;BRONSON;MI;49028
595001022;NUMERICK;JUSTIN;D;;1998;M;10102016;MISTY RIDGE;;MIDDLEVILLE;MI;49333
33097241;JACKSON;RUSSELL;MICHAEL;;1979;M;1312017;KINGSTON;;DEARBORN HEIGHTS;MI;48125
32902012;ROBERTS;JAMES;JEREMY;;1973;M;10202016;OXFORD;;BATTLE CREEK;MI;49017
