id;Director;Name;Year
tt0014341;John G. Blystone,Buster Keaton;Our Hospitality;1923
tt0021749;Charles Chaplin;City Lights;1931
tt0022208;William A. Wellman;Night Nurse;1931
tt0022550;James Whale;Waterloo Bridge;1931
tt0024115;William A. Wellman;Heroes for Sale;1933
tt0024184;James Whale;The Invisible Man;1933
tt0026835;John S. Robertson;Our Little Girl;1935
tt0027800;Lambert Hillyer;The Invisible Ray;1936
tt0027977;Charles Chaplin;Modern Times;1936
tt0028092;Norman Z. McLeod;Pennies from Heaven;1936
tt0028333;George Stevens;Swing Time;1936
tt0029442;John Cromwell,W.S. Van Dyke;The Prisoner of Zenda;1937
tt0030657;Allan Dwan;Rebecca of Sunnybrook Farm;1938
tt0031381;Victor Fleming,George Cukor;Gone with the Wind;1939
tt0031750;Edmund Goulding;The Old Maid;1939
tt0032376;Dorothy Arzner,Roy Del Ruth;Dance, Girl, Dance;1940
tt0032455;Norman Ferguson,James Algar;Fantasia;1940
tt0032637;A. Edward Sutherland;The Invisible Woman;1940
tt0034583;Michael Curtiz;Casablanca;1942
tt0036261;Arthur Lubin;Phantom of the Opera;1943
tt0037303;Roy William Neill;The Spider Woman;1944
tt0037913;Michael Curtiz;Mildred Pierce;1945
tt0038776;Michael Curtiz;Night and Day;1946
tt0040367;Billy Wilder;A Foreign Affair;1948
tt0040369;John Ford;Fort Apache;1948
tt0040694;Vincente Minnelli;The Pirate;1948
tt0041547;Fred C. Brannon;King of the Rocket Men;1949
tt0042250;Andrew L. Stone;Highway 301;1950
tt0043131;John Farrow;Where Danger Lives;1950
tt0043274;Clyde Geronimi,Wilfred Jackson;Alice in Wonderland;1951
tt0043338;Billy Wilder;Ace in the Hole;1951
tt0043778;Edgar G. Ulmer;The Man from Planet X;1951
tt0043924;George Stevens;A Place in the Sun;1951
tt0044672;Cecil B. DeMille;The Greatest Show on Earth;1952
tt0045094;Hal Walker;Road to Bali;1952
tt0045492;Douglas Sirk;All I Desire;1953
tt0045810;Howard Hawks;Gentlemen Prefer Blondes;1953
tt0046269;William Dieterle;Salome;1953
tt0047422;Otto Preminger,Jean Negulesco;River of No Return;1954
tt0048261;Robert Aldrich;Kiss Me Deadly;1955
tt0048554;Jack Arnold;Revenge of the Creature;1955
tt0048728;Alfred Hitchcock;To Catch a Thief;1955
tt0048960;Michael Anderson,John Farrow;Around the World in Eighty Days;1956
tt0048967;Robert Aldrich;Autumn Leaves;1956
tt0049406;Stanley Kubrick;The Killing;1956
tt0050147;Roger Corman;Attack of the Crab Monsters;1957
tt0050371;Elia Kazan;A Face in the Crowd;1957
tt0051622;Kurt Neumann;The Fly;1958
tt0051658;Vincente Minnelli;Gigi;1958
tt0052655;Roger Corman;A Bucket of Blood;1959
tt0053054;George Marshall;The Mating Game;1959
tt0053085;Terence Fisher;The Mummy;1959
tt0053363;William Castle;The Tingler;1959
tt0054195;David Swift;Pollyanna;1960
tt0055031;Stanley Kramer;Judgment at Nuremberg;1961
tt0055304;Roger Corman;Pit and the Pendulum;1961
tt0055633;John Frankenheimer;The Young Savages;1961
tt0055781;Edward L. Cahn;Beauty and the Beast;1962
tt0055824;J. Lee Thompson;Cape Fear;1962
tt0057193;Stanley Kramer;It's a Mad, Mad, Mad, Mad World;1963
tt0057449;Roger Corman;The Raven;1963
tt0057518;Robert Stevenson;Son of Flubber;1963
tt0057693;Roger Corman;X: The Man with the X-Ray Eyes;1963
tt0058530;Byron Haskin;Robinson Crusoe on Mars;1964
tt0062362;George Roy Hill;Thoroughly Modern Millie;1967
tt0067454;John Waters;Multiple Maniacs;1970
tt0067525;Boris Sagal;The Omega Man;1971
tt0067800;Sam Peckinpah;Straw Dogs;1971
tt0067927;Richard C. Sarafian;Vanishing Point;1971
tt0069280;George Roy Hill;Slaughterhouse-Five;1972
tt0069303;Martin Ritt;Sounder;1972
tt0070257;Jack Deerson,Barbara Peeters;The Dark Side of Tomorrow;1970
tt0072926;Clint Eastwood;The Eiger Sanction;1975
tt0074285;Brian De Palma;Carrie;1976
tt0074540;Bert I. Gordon;The Food of the Gods;1976
tt0075005;Richard Donner;The Omen;1976
tt0076295;Roger Watkins;The Last House on Dead End Street;1977
tt0077402;George A. Romero;Dawn of the Dead;1978
tt0077416;Michael Cimino;The Deer Hunter;1978
tt0077663;Warren Beatty,Buck Henry;Heaven Can Wait;1978
tt0077745;Philip Kaufman;Invasion of the Body Snatchers;1978
tt0077869;Ralph Bakshi;The Lord of the Rings;1978
tt0078723;Steven Spielberg;1941;1979
tt0079082;Abel Ferrara;The Driller Killer;1979
tt0079688;Jonathan Kaplan;Over the Edge;1979
tt0080130;Fred Walton;When a Stranger Calls;1979
tt0080354;Lewis Teague;Alligator;1980
tt0080749;John Carpenter;The Fog;1980
tt0081974;Sydney Pollack;Absence of Malice;1981
tt0082146;Carl Gottlieb;Caveman;1981
tt0082200;Michael Apted;Continental Divide;1981
tt0082377;Graham Baker;The Final Conflict;1981
tt0082474;Jim Henson;The Great Muppet Caper;1981
tt0082812;Ken Hughes;Night School;1981
tt0082971;Steven Spielberg;Raiders of the Lost Ark;1981
tt0082979;Warren Beatty;Reds;1981
tt0085334;Bob Clark;A Christmas Story;1983
tt0086050;Tom McLoughlin;One Dark Night;1982
tt0087054;Alan Rudolph;Choose Me;1984
tt0087065;Richard Franklin;Cloak & Dagger;1984
tt0087262;Mark L. Lester;Firestarter;1984
tt0087796;John 'Bud' Cardos,Mark Rosman;Night Shadows;1984
tt0087799;Thom Eberhardt;Night of the Comet;1984
tt0088275;Rob Epstein;The Times of Harvey Milk;1984
tt0088707;John Badham;American Flyers;1985
tt0088708;Sam Firstenberg;American Ninja;1985
tt0088993;George A. Romero;Day of the Dead;1985
tt0089118;Robert Mandel;F/X;1986
tt0089424;Hector Babenco;Kiss of the Spider Woman;1985
tt0089885;Stuart Gordon;Re-Animator;1985
tt0090056;John Landis;Spies Like Us;1985
tt0090886;Bruce Beresford;Crimes of the Heart;1986
tt0091338;William Fruet;Killer Party;1986
tt0091790;Howard Deutch;Pretty in Pink;1986
tt0091993;Harry Winer;SpaceCamp;1986
tt0092099;Tony Scott;Top Gun;1986
tt0092513;Chris Columbus;Adventures in Babysitting;1987
tt0092626;Eugene Marner;Beauty and the Beast;1987
tt0092675;Newt Arnold;Bloodsport;1988
tt0093349;Jean-Luc Godard;King Lear;1987
tt0094072;Carl Reiner;Summer School;1987
tt0094737;Penny Marshall;Big;1988
tt0095270;John Waters;Hairspray;1988
tt0095271;Dwight H. Little;Halloween 4: The Return of Michael Myers;1988
tt0095756;Jim Wynorski;Not of This Earth;1988
tt0096378;Ken Kwapis;Vibes;1988
tt0096445;Zalman King;Wildfire;1988
tt0096874;Robert Zemeckis;Back to the Future Part II;1989
tt0096928;Stephen Herek;Bill & Ted's Excellent Adventure;1989
tt0097625;John Fasano;The Jitters;1989
tt0097659;Mark DiSalle,David Worth;Kickboxer;1989
tt0097662;John Dahl;Kill Me Again;1989
tt0097731;Joe Pytka;Let It Ride;1989
tt0098621;Danny DeVito;The War of the Roses;1989
tt0099512;John R. Cherry III;Ernest Goes to Jail;1990
tt0099528;William Peter Blatty;The Exorcist III;1990
tt0099674;Francis Ford Coppola;The Godfather: Part III;1990
tt0099685;Martin Scorsese;Goodfellas;1990
tt0100054;Harry Hook;Lord of the Flies;1990
tt0100114;Dwight H. Little;Marked for Death;1990
tt0100157;Rob Reiner;Misery;1990
tt0100212;Herbert Ross;My Blue Heaven;1990
tt0100258;Tom Savini;Night of the Living Dead;1990
tt0100405;Garry Marshall;Pretty Woman;1990
tt0100419;Dennis Dugan;Problem Child;1990
tt0100928;Clint Eastwood;White Hunter Black Heart;1990
tt0101516;Barry Levinson;Bugsy;1991
tt0101587;Ron Underwood;City Slickers;1991
tt0101627;Kristine Peterson;Critters 3;1991
tt0101757;Stephen Herek;Don't Tell Mom the Babysitter's Dead;1991
tt0101812;Dyan Cannon;The End of Innocence;1990
tt0101821;John R. Cherry III;Ernest Scared Stupid;1991
tt0101912;Garry Marshall;Frankie and Johnny;1991
tt0102065;George Jackson,Doug McHenry;House Party 2;1991
tt0102655;Mark DiSalle;The Perfect Weapon;1991
tt0102798;Kevin Reynolds;Robin Hood: Prince of Thieves;1991
tt0103262;Steve Miner;Wild Hearts Can't Be Broken;1991
tt0103670;Martin Bell;American Heart;1992
tt0103893;Fran Rubel Kuzui;Buffy the Vampire Slayer;1992
tt0104291;Steve Miner;Forever Young;1992
tt0104511;John Landis;Innocent Blood;1992
tt0104694;Penny Marshall;A League of Their Own;1992
tt0104868;Stephen Herek;The Mighty Ducks;1992
tt0105411;Hal Hartley;Simple Men;1992
tt0105415;Cameron Crowe;Singles;1992
tt0105417;Emile Ardolino;Sister Act;1992
tt0105698;Roland Emmerich;Universal Soldier;1992
tt0106223;Stephen Sommers;The Adventures of Huck Finn;1993
tt0106665;Luca Bercovici;Dark Tide;1994
tt0106912;Robert Lieberman;Fire in the Sky;1993
tt0107870;Albert Band,Charles Band;Prehysteria!;1993
tt0107927;Russell Mulcahy;The Real McCoy;1993
tt0108002;David Anspaugh;Rudy;1993
tt0108473;George Sluizer;The Vanishing;1993
tt0108525;Stephen Surjik;Wayne's World 2;1993
tt0109198;Jonathan Kaplan;Bad Girls;1994
tt0109297;Michael Apted;Blink;1994
tt0109506;Alex Proyas;The Crow;1994
tt0109838;Tom Stern,Alex Winter;Freaked;1993
tt0110146;Mark Rydell;Intersection;1994
tt0110432;Stephen Furst;Magic Kid II;1994
tt0110475;Chuck Russell;The Mask;1994
tt0110622;Peter Segal;Naked Gun 33 1/3: The Final Insult;1994
tt0110687;Rob Reiner;North;1994
tt0110955;Ted Demme;The Ref;1994
tt0111280;David Carson;Star Trek: Generations;1994
tt0112435;Melanie Mayron;The Baby-Sitters Club;1995
tt0112851;Robert Rodriguez;Desperado;1995
tt0113080;Hal Hartley;Flirt;1995
tt0113613;Stacy Title;The Last Supper;1995
tt0113748;Ian Corson;Malicious;1995
tt0113870;Marc Rocco;Murder in the First;1995
tt0113987;Oliver Stone;Nixon;1995
tt0114508;Roger Donaldson;Species;1995
tt0115798;Ben Stiller;The Cable Guy;1996
tt0116191;Douglas McGrath;Emma;1996
tt0116908;Renny Harlin;The Long Kiss Goodnight;1996
tt0116928;Joseph Bologna,Rene Taylor;Love Is All There Is;1996
tt0117500;Michael Bay;The Rock;1996
tt0118689;Mel Smith;Bean;1997
tt0118755;Peter Hewitt;The Borrowers;1997
tt0118972;Alan J. Pakula;The Devil's Own;1997
tt0119011;Mark L. Lester;Double Take;1998
tt0119099;Gregory Hoblit;Fallen;1998
tt0119223;Alfonso Cuarn;Great Expectations;1998
tt0119432;John Pasquin;Jungle 2 Jungle;1997
tt0119502;Stephen Kay;The Last Time I Committed Suicide;1997
tt0119544;Art Camacho;Little Bigfoot;1997
tt0119670;Peter Chelsom;The Mighty;1998
tt0119784;Mark Pavia;The Night Flier;1997
tt0120157;Paul W.S. Anderson;Soldier;1998
tt0120510;M. Night Shyamalan;Wide Awake;1998
tt0120723;Doug Ellin;Kissing a Fool;1998
tt0120744;Randall Wallace;The Man in the Iron Mask;1998
tt0120890;John McNaughton;Wild Things;1998
tt0122933;Harold Ramis;Analyze This;1999
tt0123977;Mario Van Peebles;Love Kills;1998
tt0124014;Buddy Cooper,John Douglass;The Mutilator;1984
tt0124198;Peter Berg;Very Bad Things;1998
tt0126916;Sam Raimi;For Love of the Game;1999
tt0131484;Mark L. Lester;Misbegotten;1998
tt0139134;Roger Kumble;Cruel Intentions;1999
tt0144084;Mary Harron;American Psycho;2000
tt0146984;Robert Redford;The Legend of Bagger Vance;2000
tt0160916;Rob Reiner;The Story of Us;1999
tt0161100;Rick Famuyiwa;The Wood;1999
tt0163187;Garry Marshall;Runaway Bride;1999
tt0166485;Andy Tennant;Anna and the King;1999
tt0167059;Hal Hartley;The Book of Life;1998
tt0167261;Peter Jackson;The Lord of the Rings: The Two Towers;2002
tt0167360;Sean McNamara;Race to Space;2001
tt0167427;Bruce McCulloch;Superstar;1999
tt0172156;Michael Bay;Bad Boys II;2003
tt0175880;Paul Thomas Anderson;Magnolia;1999
tt0183505;Bobby Farrelly,Peter Farrelly;Me, Myself & Irene;2000
tt0190138;Jonathan Lynn;The Whole Nine Yards;2000
tt0190590;Joel Coen,Ethan Coen;O Brother, Where Art Thou?;2000
tt0195685;Steven Soderbergh;Erin Brockovich;2000
tt0198386;Michael Dinner;The Crew;2000
tt0199753;Antony Hoffman;Red Planet;2000
tt0200472;Stephen Metcalfe;Beautiful Joe;2000
tt0209475;Adam Shankman;The Wedding Planner;2001
tt0212985;Ridley Scott;Hannibal;2001
tt0215750;Jean-Jacques Annaud;Enemy at the Gates;2001
tt0218967;Brett Ratner;The Family Man;2000
tt0221027;Ted Demme;Blow;2001
tt0230600;Alejandro Amenbar;The Others;2001
tt0232500;Rob Cohen;The Fast and the Furious;2001
tt0242653;Andy Wachowski,Lana Wachowski;The Matrix Revolutions;2003
tt0244000;Les Mayfield;American Outlaws;2001
tt0251075;Ivan Reitman;Evolution;2001
tt0255819;John Singleton;Baby Boy;2001
tt0257076;Clark Johnson;S.W.A.T.;2003
tt0259182;Adam Simon;The American Nightmare;2000
tt0259711;Cameron Crowe;Vanilla Sky;2001
tt0263757;Boaz Yakin;Uptown Girls;2003
tt0266915;Brett Ratner;Rush Hour 2;2001
tt0268695;Simon Wells;The Time Machine;2002
tt0270288;George Clooney;Confessions of a Dangerous Mind;2002
tt0270560;Craig Shapiro;Our Lips Are Sealed;2000
tt0273923;Jake Kasdan;Orange County;2002
tt0278823;Woody Allen;Hollywood Ending;2002
tt0279688;Barrett J. Leigh,Thom Maurer;Beyond the Wall of Sleep;2006
tt0280720;Daisy von Scherler Mayer;The Guru;2002
tt0280969;Marc Evans;My Little Eye;2002
tt0283530;Michael Hoffman;The Emperor's Club;2002
tt0294870;Chris Columbus;Rent;2005
tt0302640;Tom Brady;The Hot Chick;2002
tt0305206;Shari Springer Berman,Robert Pulcini;American Splendor;2003
tt0314166;Tuck Tucker;Hey Arnold! The Movie;2002
tt0318850;Simon Wincer;The Young Black Stallion;2003
tt0318974;John Lee Hancock;The Alamo;2004
tt0319470;Jim Simpson;The Guys;2002
tt0322330;Mark Waters;Freaky Friday;2003
tt0327850;Peter Berg;The Rundown;2003
tt0329774;Lee Tamahori;xXx: State of the Union;2005
tt0331632;Raja Gosnell;Scooby-Doo 2: Monsters Unleashed;2004
tt0338751;Martin Scorsese;The Aviator;2004
tt0340163;Florent-Emilio Siri;Hostage;2005
tt0343660;Peter Segal;50 First Dates;2004
tt0343818;Alex Proyas;I, Robot;2004
tt0352248;Ron Howard;Cinderella Man;2005
tt0353324;Lance Mungia;The Crow: Wicked Prayer;2005
tt0356470;Mark Rosman;A Cinderella Story;2004
tt0360139;Andy Cadiff;Chasing Liberty;2004
tt0362165;Lawrence Guterman;Son of the Mask;2005
tt0363473;Kevin Spacey;Beyond the Sea;2004
tt0363547;Zack Snyder;Dawn of the Dead;2004
tt0368008;Jonathan Demme;The Manchurian Candidate;2004
tt0368891;Jon Turteltaub;National Treasure;2004
tt0371746;Jon Favreau;Iron Man;2008
tt0372491;Christopher N. Rowley;The Remembering Movies;2004
tt0372784;Christopher Nolan;Batman Begins;2005
tt0373152;Eric Schaeffer;Mind the Gap;2004
tt0377066;Ralph E. Portillo;The Ghost Club;2003
tt0379786;Joss Whedon;Serenity;2005
tt0380623;Mark Rosman;The Perfect Man;2005
tt0381707;Keenen Ivory Wayans;White Chicks;2004
tt0395169;Terry George;Hotel Rwanda;2004
tt0396652;Tim Fywell;Ice Princess;2005
tt0396707;Gabor Csupo;The Secret of Moonacre;2008
tt0396752;Kirk Jones;Nanny McPhee;2005
tt0397065;Jaume Collet-Serra;House of Wax;2005
tt0405325;Mike Mitchell;Sky High;2005
tt0407732;David Kendall;Dirty Deeds;2005
tt0410297;Alejandro Agresti;The Lake House;2006
tt0413300;Sam Raimi;Spider-Man 3;2007
tt0415119;Lewis Helfer;Life on the Ledge;2005
tt0415306;Adam McKay;Talladega Nights: The Ballad of Ricky Bobby;2006
tt0417001;Gary David Goldberg;Must Love Dogs;2005
tt0418819;George A. Romero;Land of the Dead;2005
tt0419434;Paul Rachman;American Hardcore;2006
tt0421729;John Whitesell;Big Momma's House 2;2006
tt0422774;Steve Carr;Are We Done Yet?;2007
tt0431213;Charles Sturridge;Lassie;2005
tt0432348;Darren Lynn Bousman;Saw II;2005
tt0433362;Michael Spierig,Peter Spierig;Daybreakers;2009
tt0433963;Craig Singer;Dark Ride;2006
tt0436697;Stephen Frears;The Queen;2006
tt0443272;Steven Spielberg;Lincoln;2012
tt0443456;Anthony Minghella;Breaking and Entering;2006
tt0443536;Cory Edwards,Todd Edwards;Hoodwinked!;2005
tt0445990;Ericson Core;Invincible;2006
tt0449467;Alejandro Gonzlez Irritu;Babel;2006
tt0450345;Neil LaBute;The Wicker Man;2006
tt0451079;Jimmy Hayward,Steve Martino;Horton Hears a Who!;2008
tt0452608;Paul W.S. Anderson;Death Race;2008
tt0453467;Tony Scott;Deja Vu;2006
tt0455944;Antoine Fuqua;The Equalizer;2014
tt0457297;John R. Leonetti;The Butterfly Effect 2;2006
tt0457400;Brad Silberling;Land of the Lost;2009
tt0457433;James Foley;Perfect Stranger;2007
tt0460791;Tarsem Singh;The Fall;2006
tt0462322;Robert Rodriguez,Eli Roth;Grindhouse;2007
tt0463960;James Oakley;The Devil You Know;2013
tt0466909;John Moore;The Omen;2006
tt0469903;Gary Fleder;The Express;2008
tt0471005;Rusty Gorman;Home of the Giants;2007
tt0471042;Brett Ratner;Tower Heist;2011
tt0472181;Raja Gosnell;The Smurfs;2011
tt0476964;Neil Jordan;The Brave One;2007
tt0478087;Robert Luketic;21;2008
tt0482571;Christopher Nolan;The Prestige;2006
tt0482606;Bryan Bertino;The Strangers;2008
tt0483726;Barry Levinson;Man of the Year;2006
tt0492931;Leila Conners,Nadia Conners;The 11th Hour;2007
tt0497432;Robert Kurtzman;The Rage;2007
tt0760185;Jeff Adachi;The Slanted Screen;2006
tt0780521;Ron Clements,John Musker;The Princess and the Frog;2009
tt0799954;Eric Steel;The Bridge;2006
tt0811106;David Wain;The Ten;2007
tt0811138;Marco Schnabel;The Love Guru;2008
tt0816442;Brian Percival;The Book Thief;2013
tt0822854;Antoine Fuqua;Shooter;2007
tt0834001;Patrick Tatopoulos;Underworld: Rise of the Lycans;2009
tt0844012;Duncan Pace;The Lost Princess;2005
tt0848557;George A. Romero;Diary of the Dead;2007
tt0864761;Saul Dibb;The Duchess;2008
tt0887912;Kathryn Bigelow;The Hurt Locker;2008
tt0892059;John Landis;The Great Sketch Experiment;2006
tt0892318;Gary Winick;Letters to Juliet;2010
tt0898367;John Hillcoat;The Road;2009
tt0906319;James Westby;The Auteur;2008
tt0933878;Jeff Daniel Phillips;Convict;2009
tt0949731;M. Night Shyamalan;The Happening;2008
tt0952640;Tim Hill;Alvin and the Chipmunks;2007
tt0959337;Sam Mendes;Revolutionary Road;2008
tt0963966;Jon Turteltaub;The Sorcerer's Apprentice;2010
tt0964517;David O. Russell;The Fighter;2010
tt0974661;Burr Steers;17 Again;2009
tt0980970;Michael Apted;The Chronicles of Narnia: The Voyage of the Dawn Treader;2010
tt0990407;Michel Gondry;The Green Hornet;2011
tt1014806;Lori Petty;The Poker House;2008
tt1015471;Caryn Waechter;The Sisterhood of Night;2014
tt1023114;Peter Weir;The Way Back;2010
tt1024255;Nick Moore;Wild Child;2008
tt1031969;Peter Cattaneo;The Rocker;2008
tt1073498;Jason Friedberg,Aaron Seltzer;Meet the Spartans;2008
tt1085779;Joe Dante;The Hole;2009
tt1091191;Peter Berg;Lone Survivor;2013
tt1103153;Robert Luketic;Killers;2010
tt1125849;Darren Aronofsky;The Wrestler;2008
tt1131734;Karyn Kusama;Jennifer's Body;2009
tt1142988;Robert Luketic;The Ugly Truth;2009
tt1145157;Scott S. Anderson;The Jerk Theory;2009
tt1153543;Brian Jun;The Coverup;2008
tt1155056;John Hamburg;I Love You, Man;2009
tt1170358;Peter Jackson;The Hobbit: The Desolation of Smaug;2013
tt1172991;John Wells;The Company Men;2010
tt1172994;Ti West;The House of the Devil;2009
tt1175709;Andrew Jarecki;All Good Things;2010
tt1182921;Isaac Florentine;Ninja;2009
tt1183921;Lee Toland Krieger;The Vicious Kind;2009
tt1205558;Derick Martini;Hick;2011
tt1214962;Roger Donaldson;Seeking Justice;2011
tt1232207;Michael Moore;Capitalism: A Love Story;2009
tt1235837;Steven E. Gordon,Boyd Kirkland;Happily N'Ever After 2;2009
tt1253864;Tarsem Singh;Immortals;2011
tt1262416;Wes Craven;Scream 4;2011
tt1279935;Shawn Levy;Date Night;2010
tt1298649;Akiva Schaffer;The Watch;2012
tt1300854;Shane Black;Iron Man 3;2013
tt1312237;Dana Schroeder;Lost Soul;2009
tt1320244;Daniel Stamm;The Last Exorcism;2010
tt1337137;Oliver Stone;South of the Border;2009
tt1341341;Max Winkler;Ceremony;2010
tt1355630;R.J. Cutler;If I Stay;2014
tt1390535;Joey Stewart;The Final;2010
tt1397514;Brad Peyton;Journey 2: The Mysterious Island;2012
tt1398426;F. Gary Gray;Straight Outta Compton;2015
tt1399683;Debra Granik;Winter's Bone;2010
tt1401152;Jaume Collet-Serra;Unknown;2011
tt1411250;David Twohy;Riddick;2013
tt1436568;Ernie Barbarash;Assassination Games;2011
tt1477076;Kevin Greutert;Saw 3D: The Final Chapter;2010
tt1517489;Robert Rodriguez;Spy Kids: All the Time in the World in 4D;2011
tt1521877;Maryam Henein,George Langworthy;Vanishing of the Bees;2009
tt1535970;Matthew Chapman;The Ledge;2011
tt1536044;Tod Williams;Paranormal Activity 2;2010
tt1537381;Kurt Jacobsen,Warren Leming;American Road;2013
tt1549920;Jee-woon Kim;The Last Stand;2013
tt1560747;Paul Thomas Anderson;The Master;2012
tt1564058;Dean Hamer,Joe Wilson;Out in the Silence;2009
tt1582507;Mark Tonderai;House at the End of the Street;2012
tt1599348;Daniel Espinosa;Safe House;2012
tt1600196;Michal R. Roskam;The Drop;2014
tt1601913;Joe Carnahan;The Grey;2011
tt1605783;Woody Allen;Midnight in Paris;2011
tt1606389;Michael Sucsy;The Vow;2012
tt1613092;Roko Belic;Happy;2011
tt1618442;Breck Eisner;The Last Witch Hunter;2015
tt1621039;Jimmy Hayward;Free Birds;2013
tt1631867;Doug Liman;Edge of Tomorrow;2014
tt1632708;Will Gluck;Friends with Benefits;2011
tt1634300;Rob Williams;Role/Play;2010
tt1650043;David Bowers;Diary of a Wimpy Kid: Rodrick Rules;2011
tt1663708;Heather Hale;Absolute Killers;2011
tt1666801;Ari Sandel;The DUFF;2015
tt1667310;Stefan Ruzowitzky;Deadfall;2012
tt1674771;Doug Ellin;Entourage;2015
tt1675759;M. Blash;The Wait;2013
tt1691917;Klay Hall;Planes;2013
tt1692928;Dereck Joubert;The Last Lions;2011
tt1756799;Douglas Aarniokoski;The Day;2011
tt1762399;Barry Cook,Neil Nightingale;Walking with Dinosaurs 3D;2013
tt1787837;David Weissman,Bill Weber;We Were Here;2011
tt1790864;Wes Ball;The Maze Runner;2014
tt1798684;Antoine Fuqua;Southpaw;2015
tt1815862;M. Night Shyamalan;After Earth;2013
tt1821658;Peter Lepeniotis;The Nut Job;2014
tt1824254;Alex Gibney;We Steal Secrets: The Story of WikiLeaks;2013
tt1852028;Justin Krumb;Minds in the Water;2011
tt1855199;David Ayer;End of Watch;2012
tt1860300;C.J. Goodman;Paranormal Parody;2011
tt1869716;Zal Batmanglij;The East;2013
tt1905041;Justin Lin;Furious 6;2013
tt1915581;Steven Soderbergh;Magic Mike;2012
tt1922748;Curtis Graham;The Investigator;2013
tt1951265;Francis Lawrence;The Hunger Games: Mockingjay - Part 1;2014
tt1954811;Nate Meyer;See Girl Run;2012
tt1972571;Anton Corbijn;A Most Wanted Man;2014
tt1980209;Michael Bay;Pain & Gain;2013
tt1985966;Cody Cameron,Kris Pearn;Cloudy with a Chance of Meatballs 2;2013
tt2005185;Nicholas Kalikow;Concrete Blondes;2013
tt2006295;Patricia Riggen;The 33;2015
tt2017486;Nae Caranfil;Closer to the Moon;2014
tt2025690;Craig Gillespie;The Finest Hours;2015
tt2053463;Steven Soderbergh;Side Effects;2013
tt2071550;Gonzalo Lpez-Gallego;Open Grave;2013
tt2071628;Peng Zhang Li;The Resistance;2011
tt2095742;Matthew Bolton;Paranormal Incident;2011
tt2101441;Harmony Korine;Spring Breakers;2012
tt2118624;Todd Strauss-Schulson;The Final Girls;2015
tt2171902;Amir Bar-Lev;Happy Valley;2014
tt2180411;Rob Marshall;Into the Woods;2014
tt2183056;Todd Lincoln;Leave Luck to Heaven;2002
tt2184339;James DeMonaco;The Purge;2013
tt2231251;John Ward;Heart of the Country;2013
tt2231253;Simon West;Wild Card;2015
tt2235779;John Pogue;The Quiet Ones;2014
tt2243537;Michael Tiddes;A Haunted House;2013
tt2262227;Jorge R. Gutirrez;The Book of Life;2014
tt2272350;Jeremy Gardner;The Battery;2012
tt2275471;Kees Van Oostrum;A Perfect Man;2013
tt2281159;Eric England;Contracted;2013
tt2294677;Lake Bell;In a World...;2013
tt2306783;Jon Garcia;The Falls;2012
tt2309260;Travis Cluff,Chris Lofing;The Gallows;2015
tt2314824;Tim Garrick;Behaving Badly;2014
tt2322482;Patrick Creadon;If You Build It;2013
tt2347497;Steven C. Miller;Silent Night;2012
tt2380342;Dennis Devine;Fat Planet;2013
tt2403029;Jason Friedberg,Aaron Seltzer;The Starving Games;2013
tt2415458;Crystal Moselle;The Wolfpack;2015
tt2420166;David Burris;The World Made Straight;2015
tt2435514;Jeremy Berg;The Invoking;2013
tt2443822;Craig William Macneill;The Boy;2015
tt2450186;Simon Barrett,Jason Eisener;V/H/S/2;2013
tt2488778;Daniel Barber;The Keeping Room;2014
tt2543336;John McNaughton;The Harvest;2013
tt2549138;Theo Love;Little Hope Was Arson;2013
tt2578608;Jason Hull;Krampus: The Christmas Devil;2013
tt2582846;Josh Boone;The Fault in Our Stars;2014
tt2634658;Morgan Spurlock;You Don't Know Jack;2013
tt2690634;Carlos Rincones;The Bad Guys;2015
tt2692904;Steven Knight;Locke;2013
tt2755016;Adam Bhala Lough;The Motivation;2013
tt2756032;Charlie McDowell;The One I Love;2014
tt2782232;Billy 'Bloody Bill' Pon;Circus of the Dead;2014
tt2788710;Evan Goldberg,Seth Rogen;The Interview;2014
tt2870648;Asif Kapadia;Amy;2015
tt2901516;Nancy Criss;A Horse for Summer;2015
tt2926810;Rodney Ascher,Julian Barratt;The ABCs of Death 2;2014
tt2946762;Robert Machoian,Rodrigo Ojeda-Beck;God Bless the Child;2015
tt2955096;Joe Swanberg;Happy Christmas;2014
tt2965446;Ramone Menon;The Black Tape;2014
tt2980592;Adam Wingard;The Guest;2014
tt3003470;John Lyde;Christmas for a Dollar;2013
tt3040412;Kevan Otto;In the Name of God;2013
tt3057836;Jose Antonio Vargas,Ann Raffaela Lupo;Documented;2013
tt3081268;Wen-Han Shih;Reaper;2014
tt3125220;Sara Colangelo;Little Accidents;2014
tt3165236;Matthew Douglas Grzeszak;Beyond the Dark;2014
tt3214068;Justin Suttles;The Owl;2014
tt3235888;David Robert Mitchell;It Follows;2014
tt3297330;Andrew Niccol;Good Kill;2014
tt3307800;Sean Olson;The Dog Who Saved Easter;2014
tt3312160;Jeff Sun;The Shades;2015
tt3316948;Nima Nourizadeh;American Ultra;2015
tt3346224;Mora Stephens;Zipper;2015
tt3442006;Daniel Barnz;Cake;2014
tt3467412;Miguel ngel Vivas;Extinction;2015
tt3479316;Christopher Leone;Parallels;2015
tt3500888;Rebecca Chaiklin,Fisher Stevens;Another World;2014
tt3517044;Jason Lew;The Free World;2016
tt3532976;Nikita Zubarev;The Current;2014
tt3543918;Daniel Anghelcev;The Second Coming of Christ;2016
tt3546802;James Tucker;Within These Walls;2015
tt3567288;M. Night Shyamalan;The Visit;2015
tt3569374;Sarah Adina Smith;The Midnight Swim;2014
tt3630104;Kevin Tancharoen;The Gable 5;2014
tt3698558;Adam Egypt Mortimer;Some Kind of Hate;2015
tt3707114;Amy Berg;Janis: Little Girl Blue;2015
tt3722420;Rob Diamond;The Last Straw;2014
tt3774466;Tony McNamara;Ashby;2015
tt3859076;James Vanderbilt;Truth;2015
tt3859304;Bryan Buckley;The Bronze;2015
tt3896198;James Gunn;Guardians of the Galaxy Vol. 2;2017
tt4028134;Michael Crum;Cypress Creek;2014
tt4076926;Mark Columbus,Lauren Hoekstra;The Heyday of the Insensitive Bastards;2014
tt4163020;Darren Lynn Bousman,Axelle Carolyn;Tales of Halloween;2015
tt4172430;Michael Bay;13 Hours: The Secret Soldiers of Benghazi;2016
tt4196776;Paul Greengrass;Untitled Matt Damon/Bourne Sequel;2016
tt4211516;Greg Barker;The Thread;2015
tt4460854;Xavier Manrique;Chronically Metropolitan;2016
tt4562728;Robert Schwartzman;MF;2015
tt4795692;Sean Hanish;Sister Cities;2016
tt4984930;Su Rynard;The Messenger;2015
