id;Director;Name;Year
the_last_man_on_earth_1924;John G. Blystone;The Last Man on Earth;1923 1924 1925
our-daily-bread-city-girl;F.W. Murnau,Friedrich Wilhelm Murnau;City Girl;1929 1930 1931
the-conquerors1932;William Wellman;The Conquerors;1931 1932 1933
1061171-old_dark_house;James Whale;The Old Dark House;1931 1932 1933
1016522-poor_little_rich_girl;Irving Cummings;Poor Little Rich Girl;1935 1936 1937
1038518-raven;Lew Landers,Louis Friedlander;The Raven;1934 1935 1936
1020729-swing_time;George Stevens,George Stevens Jr.;Swing Time;1935 1936 1937
pennies_from_heaven_1936;Norman McLeod,Norman Z. McLeod;Pennies From Heaven;1935 1936 1937
modern_times;Charlie Chaplin,Charles Chaplin;Modern Times;1935 1936 1937
banjo-on-my-knee;John Cromwell;Banjo on My Knee;1935 1936 1937
1009437-heidi;Allan Dwan;Heidi;1936 1937 1938
holiday;George Cukor;Holiday;1937 1938 1939
old_maid;Edmund Goulding;The Old Maid;1938 1939 1940
topper_returns;Roy Del Ruth;Topper Returns;1940 1941 1942
fantasia;Deems Taylor,Hugh Douglas,Julietta Novis,Leopold Stokowski,James Algar,Mickey Mouse,Samuel Armstrong,Ford Beebe,Walt Disney,Norman Ferguson,Jim Handley,Wilfred Jackson,Hamilton Luske,Bill Roberts,Paul Satterfield,T. Hee,Bianca Majolie,Ben Sharpsteen,Norman Wright,Albert Heath,Ford I. Beebe,Sylvia Moberly-Holland,Graham Heid;Fantasia;1939 1940 1941
invisible_man_returns;Joe May;The Invisible Man Returns;1939 1940 1941
yankee_doodle_dandy;Michael Curtiz,Hugh MacMullan;Yankee Doodle Dandy;1941 1942 1943
phantom_of_the_opera_1943;Anthony D.P. Mann,Arthur Lubin;Phantom of the Opera;1942 1943 1944
sherlock_holmes_and_the_spider_woman;Roy William Neill;Sherlock Holmes and the Spider Woman;1943 1944 1945
sherlock_holmes_and_the_woman_in_green;Roy William Neill;Sherlock Holmes and the Woman in Green;1944 1945 1946
1015000-night_and_day;Michael Curtiz;Night and Day;1945 1946 1947
foreign_affair;Billy Wilder;A Foreign Affair;1947 1948 1949
fort_apache;John Ford;Fort Apache;1947 1948 1949
paleface;Norman McLeod,Norman Z. McLeod;The Paleface;1947 1948 1949
1007154-father_of_the_bride;Vincente Minnelli;Father of the Bride;1949 1950 1951
highway-301-1950;Andrew L. Stone;Highway 301;1949 1950 1951
copper_canyon;John Farrow;Copper Canyon;1949 1950 1951
1004186-cinderella;Clyde Geronimi,Wilfred Jackson,Hamilton Luske;Cinderella;1949 1950 1951
place_in_the_sun;George Stevens,George Stevens Jr.;A Place in the Sun;1950 1951 1952
1017062-radar_men_from_the_moon;Fred Brannon,Fred C. Brannon;Radar Men from the Moon;1951 1952 1953
red_planet_mars;Harry Horner;Red Planet Mars;1951 1952 1953
greatest_show_on_earth;Cecil B. DeMille;The Greatest Show on Earth;1951 1952 1953
thats-my-boy-sailor-beware;Hal Walker;That's My Boy;1950 1951 1952
magnificent_obsession;Douglas Sirk;Magnificent Obsession;1953 1954 1955
1014138-monkey_business;Howard Hawks;Monkey Business;1951 1952 1953
salome_1953;William Dieterle;Salome;1952 1953 1954
river_of_no_return;Otto Preminger;River of No Return;1953 1954 1955
kiss_me_deadly;Robert Aldrich;Kiss Me Deadly;1954 1955 1956
1004906-creature_from_the_black_lagoon;Jack Arnold;Creature from the Black Lagoon;1953 1954 1955
dial_m_for_murder;Alfred Hitchcock;Dial M for Murder;1953 1954 1955
the_man_who_knew_too_much_1956;Alfred Hitchcock;The Man Who Knew Too Much;1955 1956 1957
1209731-1984;Michael Anderson;1984;1955 1956 1957
killers_kiss;Stanley Kubrick;Killer's Kiss;1954 1955 1956
godzilla_king_of_the_monsters;Ishir Honda,Terry O. Morse;Godzilla, King of the Monsters!;1955 1956 1957
miracle_in_the_rain;Ben Hecht,Rudolph Mat;Miracle in the Rain;1955 1956 1957
1007600-fly;Kurt Neumann;The Fly;1957 1958 1959
kronos;Kurt Neumann;Kronos;1957 1958 1959
gigi;Corinne Marchand,Charles Walters,Edwin Jerome,Eva Gabor,Hermione Gingold,Isabel Jeans,Jacques Bergerac,John Abbott,Leslie Caron,Louis Jourdan,Maurice Chevalier,Vincente Minnelli;Gigi;1957 1958 1959
bucket_of_blood;Roger Corman;A Bucket of Blood;1958 1959 1960
mating_game;George Marshall;The Mating Game;1958 1959 1960
1010004-hound_of_the_baskervilles;Terence Fisher;The Hound of the Baskervilles;1958 1959 1960
13_ghosts;William Castle;13 Ghosts;1959 1960 1961
1016512-pollyanna;David Swift (II),David Swift;Pollyanna;1959 1960 1961
1010555-inherit_the_wind;Stanley Kramer;Inherit the Wind;1959 1960 1961
tower-of-london;Roger Corman;Tower of London;1961 1962 1963
young_savages;John Frankenheimer;The Young Savages;1960 1961 1962
1016369-pit_and_the_pendulum;Roger Corman;Pit and the Pendulum (The Pit and the Pendulum);1960 1961 1962
kings_of_the_sun;J. Lee Thompson;Kings of the Sun;1962 1963 1964
its_a_mad_mad_mad_mad_world;Stanley Kramer;It's a Mad, Mad, Mad, Mad World;1962 1963 1964
1021067-terror;Roger Corman;Tales of Terror;1961 1962 1963
the_intruder_1962;Roger Corman;The Intruder;1961 1962 1963
mary_poppins;Robert Stevenson;Mary Poppins;1963 1964 1965
the-masque-of-the-red-death;Roger Corman;The Masque of the Red Death;1963 1964 1965
robinson_crusoe_on_mars;Byron Haskin;Robinson Crusoe on Mars;1963 1964 1965
thoroughly_modern_millie;George Roy Hill;Thoroughly Modern Millie;1966 1967 1968
blood_mania;Robert Vincent O'Neill,Robert Vincent O'Neil;Blood Mania;1969 1970 1971
scarecrow1972;Boris Sagal;Scarecrow;1971 1972 1973
1008243-getaway;Sam Peckinpah;The Getaway;1971 1972 1973
1022504-vanishing_point;Richard C. Sarafian,Stephen A. Smith,Julia Szucs;Vanishing Point;1970 1971 1972
slaughterhouse_five;George Roy Hill;Slaughterhouse-Five;1971 1972 1973
sounder;Martin Ritt;Sounder;1971 1972 1973
night_of_dark_shadows;Dan Curtis,Alex Stevens;Night of Dark Shadows;1970 1971 1972
the_collection_1976;Michael Apted;The Collection;1975 1976 1977
1003625-carrie;Brian DePalma;Carrie;1975 1976 1977
the-food-of-the-gods;Bert I. Gordon;The Food of the Gods;1975 1976 1977
deep;Peter Yates;The Deep;1976 1977 1978
death_weekend;William Fruet;Death Weekend (The House by the Lake);1975 1976 1977
1005339-dawn_of_the_dead;George A. Romero;Dawn of the Dead;1978 1979 1980
deer_hunter;Michael Cimino;The Deer Hunter;1977 1978 1979
1009427-heaven_can_wait;Warren Beatty,Buck Henry;Heaven Can Wait;1977 1978 1979
lord_of_the_rings;Ralph Bakshi;The Lord of the Rings;1977 1978 1979
1941;Steven Spielberg;1941;1978 1979 1980
the_driller_killer;Abel Ferrara,Sean Weathers;The Driller Killer;1978 1979 1980
over_the_edge;Jonathan Kaplan;Over the Edge;1978 1979 1980
1023461-when_a_stranger_calls;Fred Walton;When a Stranger Calls;1978 1979 1980
alligator;Lewis Teague;Alligator;1979 1980 1981
jerk;Carl Reiner;The Jerk;1978 1979 1980
tootsie;Sydney Pollack;Tootsie;1981 1982 1983
caveman;Carl Gottlieb;Caveman;1980 1981 1982
continental_divide;Michael Apted;Continental Divide;1980 1981 1982
final_conflict_omen_iii;Graham Baker;Omen III: The Final Conflict;1980 1981 1982
the_grim_reaper_1980;Joe D'Amato;The Grim Reaper;1979 1980 1981
1015095-nighthawks;Bruce Malmuth;Nighthawks;1980 1981 1982
et_the_extraterrestrial;Steven Spielberg;E.T. The Extra-Terrestrial;1981 1982 1983
reds;Warren Beatty;Reds;1980 1981 1982
1004151-christmas_story;Bob Clark (III),Bob Clark;A Christmas Story;1982 1983 1984
hell_night;Tom DeSimone,Tom De Simone;Hell Night;1980 1981 1982
choose_me;Alan Rudolph;Choose Me;1983 1984 1985
psycho_2;Richard Franklin;Psycho II;1982 1983 1984
1004567-commando;Mark L. Lester;Commando;1984 1985 1986
1015060-night_patrol;Jackie Kong;Night Patrol;1983 1984 1985
1004047-children_of_the_corn;Fritz Kiersch;Children of the Corn;1983 1984 1985
the_times_of_harvey_milk;Robert Epstein,Rob Epstein;The Times of Harvey Milk;1983 1984 1985
1018891-short_circuit;John Badham;Short Circuit;1985 1986 1987
born_american;Renny Harlin;Born American;1985 1986 1987
1024232-year_of_the_dragon;Michael Cimino;Year of the Dragon;1984 1985 1986
big_shots;Robert Mandel;Big Shots;1986 1987 1988
kiss_of_the_spider_woman;Hector Babenco;Kiss of the Spider Woman;1984 1985 1986
from_beyond;Stuart Gordon;From Beyond;1985 1986 1987
1021312-three_amigos;John Landis;Three Amigos!;1985 1986 1987
to_live_and_die_in_la;William Friedkin;To Live and Die in L.A.;1984 1985 1986
some_kind_of_wonderful;Howard Deutch;Some Kind of Wonderful;1986 1987 1988
spaceballs;Mel Brooks;Spaceballs;1986 1987 1988
beverly_hills_cop_2;Tony Scott;Beverly Hills Cop II;1986 1987 1988
adventures_in_babysitting;Chris Columbus;Adventures in Babysitting;1986 1987 1988
1017002-quick_and_the_dead;Robert Day;The Quick and the Dead;1986 1987 1988
bloodsport;Newt Arnold;Bloodsport;1987 1988 1989
true_blood;Frank Kerr,Peter Maris;True Blood;1988 1989 1990
1039810-king_lear;Jean-Luc Godard;King Lear;1986 1987 1988
back-to-school;Alan Metter;Back to School;1985 1986 1987
beaches;Garry Marshall;Beaches;1987 1988 1989
1009096-hairspray;John Waters;Hairspray;1987 1988 1989
halloween_4_the_return_of_michael_myers;Dwight H. Little,Mark Cullingham;Halloween 4: The Return of Michael Myers;1987 1988 1989
big_bad_mama_ii;Jim Wynorski;Big Bad Mama II;1986 1987 1988
not_of_this_earth_1988;Jim Wynorski;Not of this Earth;1987 1988 1989
vibes;Ken Kwapis;Vibes;1987 1988 1989
two_moon_junction;Zalman King;Two Moon Junction;1987 1988 1989
return_of_the_living_dead_2;Ken Wiederhorn;Return of the Living Dead Part II;1987 1988 1989
bill_and_teds_excellent_adventure;Stephen Herek;Bill and Ted's Excellent Adventure;1988 1989 1990
critters_2_the_main_course;Mick Garris,Mick Harris;Critters 2: The Main Course;1987 1988 1989
1011487-kickboxer;David Worth (II),David Worth,Mark DiSalle,Mark Di Salle;Kickboxer;1988 1989 1990
get_smart_again_the_movie;Gary Nelson,Mel Brooks;Get Smart Again;1988 1989 1990
let_it_ride;Joe Pytka;Let It Ride;1988 1989 1990
1016239-phantom_of_the_opera;Dwight H. Little,Dwight Little;The Phantom of the Opera;1988 1989 1990
food-of-the-gods-ii;Damian Lee;Food of the Gods II;1988 1989 1990
ernest-scared-stupid;John Cherry,John R. Cherry III;Ernest Scared Stupid;1990 1991 1992
exorcist_3;William Peter Blatty;The Exorcist III;1989 1990 1991
back_to_the_future_2;Robert Zemeckis;Back to the Future Part II;1988 1989 1990
1037581-cape_fear;Martin Scorsese;Cape Fear;1990 1991 1992
children_of_the_night;Tony Randel;Children of the Night;1990 1991 1992
misery;Rob Reiner;Misery;1989 1990 1991
steel_magnolias;Herbert Ross;Steel Magnolias;1988 1989 1990
pretty_woman;Garry Marshall;Pretty Woman;1989 1990 1991
problem_child;Robert Simonds,Dennis Dugan;Problem Child;1989 1990 1991
1031635-rookie;Clint Eastwood;The Rookie;1989 1990 1991
bugsy;Barry Levinson;Bugsy;1990 1991 1992
tremors;Ron Underwood;Tremors;1989 1990 1991
housesitter;Frank Oz;Housesitter;1991 1992 1993
dangerous_game_1990;Stephen Hopkins;Dangerous Game;1989 1990 1991
end_of_innocence;Dyan Cannon;The End of Innocence;1989 1990 1991
1037161-frankie_and_johnny;Garry Marshall;Frankie & Johnny;1990 1991 1992
house_party_2;Doug McHenry,George Jackson;House Party 2;1990 1991 1992
lethal_weapon_3;Richard Donner;Lethal Weapon 3;1991 1992 1993
1033052-robin_hood;John Irvin;Robin Hood;1990 1991 1992
1041862-forever_young;Steve Miner;Forever Young;1991 1992 1993
wild_at_heart;David Lynch;Wild At Heart;1989 1990 1991
american_ninja_v;Bobby Jean Leonard,Bobby Leonard,Bobby Gene Leonard;American Ninja V;1992 1993 1994
buffy_the_vampire_slayer;Fran Rubel Kuzui;Buffy the Vampire Slayer;1991 1992 1993
wild_hearts_cant_be_broken;Steve Miner;Wild Hearts Can't Be Broken;1990 1991 1992
innocent_blood;John Landis;Innocent Blood;1991 1992 1993
league_of_their_own;Penny Marshall;A League of Their Own;1991 1992 1993
dont_tell_mom_the_babysitters_dead;Stephen Herek;Don't Tell Mom the Babysitter's Dead;1990 1991 1992
trust_1991;Hal Hartley;Trust;1990 1991 1992
single_white_female;Barbet Schroeder;Single White Female;1991 1992 1993
sister_act_2_back_in_the_habit;Bill Duke;Sister Act 2: Back in the Habit;1992 1993 1994
universal_soldier;Roland Emmerich;Universal Soldier;1991 1992 1993
young-indiana-jones-and-the-hollywood-follies;Michael Schultz;The Adventures of Young Indiana Jones: Hollywood Follies;1993 1994 1995
dark_tide;Luca Bercovici;Dark Tide;1992 1993 1994
in_the_line_of_fire;Wolfgang Petersen;In the Line of Fire;1992 1993 1994
robot_wars;Albert Band,Charles Band;Robot Wars;1992 1993 1994
ref;Ted Demme;The Ref;1993 1994 1995
rudy;David Anspaugh;Rudy;1992 1993 1994
vagrant;Chris Walas;The Vagrant;1991 1992 1993
waynes_world;Penelope Spheeris;Wayne's World;1991 1992 1993
before-your-eyes-angelies-secret;Jonathan Klein;Before Your Eyes: Angelie's Secret;1994 1995 1996
1068182-heat;Michael Mann;Heat;1994 1995 1996
crow;Alex Proyas;The Crow;1993 1994 1995
daybreak_1993;Stephen Tolkin;Daybreak;1992 1993 1994
intersection;Mark Rydell;Intersection;1993 1994 1995
skateboard_kid_2;Andrew Stevens;The Skateboard Kid II;1994 1995 1996
1045175-wrong_man;Jim McBride,Jim McBride;The Wrong Man;1992 1993 1994
1059165-crew;Carl Colpaert;The Crew;1994 1995 1996
the_naked_gun_33_13_the_final_insult_1994;Peter Segal;The Naked Gun 33 1/3: The Final Insult;1993 1994 1995
american_president;Rob Reiner;The American President;1994 1995 1996
star_trek_generations;David Carson;Star Trek Generations;1993 1994 1995
babysitters_club_the_movie;Melanie Mayron,Lynn Hamrick;The Baby-Sitters Club;1994 1995 1996
desperado;Robert Rodriguez;Desperado;1994 1995 1996
flirt;Hal Hartley;Flirt;1995 1996 1997
1071464-last_supper;Stacy Title;The Last Supper;1995 1996 1997
1061809-malicious;Ian Corson;Malicious;1994 1995 1996
it_runs_in_the_family_1994;Bob Clark (III),Bob Clark;It Runs in the Family;1993 1994 1995
natural_born_killers;Oliver Stone;Natural Born Killers;1993 1994 1995
1047985-getaway;Roger Donaldson;The Getaway;1993 1994 1995
craft;Andrew Fleming;The Craft;1995 1996 1997
1073316-emma;Douglas McGrath;Emma;1995 1996 1997
kiss_the_girls_goodbye;Lee Karaim;Kiss the Girls Goodbye;1996 1997 1998
love_is_all_there_is;George Pappas,Rene Taylor,Joseph Bologna;Love Is All There Is;1996 1997 1998
1062483-bad_boys;Zak Levitt,Michael Bay;Bad Boys;1994 1995 1996
bean;Mel Smith;Bean;1996 1997 1998
1081203-borrowers;Peter Hewitt (I),Peter Hewitt;The Borrowers;1997 1998 1999
devils_advocate;Taylor Hackford;The Devil's Advocate;1996 1997 1998
1093614-double_jeopardy;Bruce Beresford;Double Jeopardy;1998 1999 2000
double_team;Tsui Hark,Dennis Rodman,Jean-Claude Van Damme,Mickey Rourke,Paul Freeman,Hark Tsui;Double Team;1996 1997 1998
fallen_knight;Jean-Marc Pich;Fallen Knight;1997 1998 1999
1081200-great_expectations;Alfonso Cuarn;Great Expectations;1997 1998 1999
jungle_2_jungle;John Pasquin;Jungle 2 Jungle;1996 1997 1998
holy_man;Stephen Herek;Holy Man;1997 1998 1999
little_boy_blue;Antonio Tibaldi;Little Boy Blue;1997 1998 1999
mighty;Peter Chelsom;The Mighty;1997 1998 1999
boogie_nights;Paul Thomas Anderson;Boogie Nights;1996 1997 1998
magnolia;Paul Thomas Anderson;Magnolia;1998 1999 2000
sixth_sense;M. Night Shyamalan;The Sixth Sense;1998 1999 2000
missing_link_1999;Ger Poppelaars;Missing Link;1998 1999 2000
iron_giant;Brad Bird;The Iron Giant;1998 1999 2000
wild_things;John McNaughton;Wild Things;1997 1998 1999
analyze_this;Harold Ramis;Analyze This;1998 1999 2000
1093745-love_bug;Peyton Reed;The Love Bug;1996 1997 1998
terminator;James Cameron;The Terminator;1983 1984 1985
for_love_of_the_game;Sam Raimi;For Love of the Game;1998 1999 2000
hitmans_run;Mark L. Lester;Hitman's Run;1998 1999 2000
cruel_intentions;Roger Kumble;Cruel Intentions;1998 1999 2000
american_beauty;Sam Mendes;American Beauty;1998 1999 2000
1097308-legend_of_sleepy_hollow;Jim Ormond,Pierre Gang;The Legend of Sleepy Hollow;1998 1999 2000
straight_story;David Lynch;The Straight Story;1998 1999 2000
waterboy;Frank Coraci;The Waterboy;1997 1998 1999
other_sister;Garry Marshall;The Other Sister;1998 1999 2000
all_the_kings_men_2000;Julian Jarrold;All the King's Men;1999 2000 2001
jeanne_and_the_perfect_guy_1999;Jacques Martineau,Olivier Ducastel;Jeanne and the Perfect Guy;1998 1999 2000
1081497-boxer;Jim Sheridan;The Boxer;1996 1997 1998
lord_of_the_rings_the_fellowship_of_the_ring_extended;Peter Jackson;The Lord of the Rings: The Fellowship of the Ring (Extended);2000 2001 2002
race_to_space;Sean McNamara;Race to Space;2000 2001 2002
1093874-superstar;Bruce McCulloch;Superstar;1998 1999 2000
collateral;Michael Mann;Collateral;2003 2004 2005
rushmore;Wes Anderson;Rushmore;1997 1998 1999
me_myself_i;Philippa Karmel,Phillipa Karmel,Pip Karmel;Me Myself I;1999 2000 2001
whole_nine_yards;Jonathan Lynn;The Whole Nine Yards;1999 2000 2001
man_who_wasnt_there;Ethan Coen,Joel Coen;The Man Who Wasn't There;2000 2001 2002
1103281-traffic;Steven Soderbergh;Traffic;1999 2000 2001
the_cell_2000;Jennifer Lopez,Marianne Jean-Baptiste,Musetta Vander,Tarsem Duamdwar,Vince Vaughn,Vincent D'Onofrio,Tarsem Singh;The Cell;1999 2000 2001
1108704-planet_of_the_apes;Tim Burton;Planet of the Apes;2000 2001 2002
beautiful_creatures;Bill Eagles;Beautiful Creatures;2000 2001 2002
walk_to_remember;Adam Shankman;A Walk to Remember;2001 2002 2003
gladiator;Ridley Scott;Gladiator;1999 2000 2001
enemy_at_the_gates;Jean-Jacques Annaud;Enemy at the Gates;2000 2001 2002
1093551-best_man;Malcolm D. Lee;The Best Man;1998 1999 2000
blow;Ted Demme;Blow;2000 2001 2002
four_feathers;Shekhar Kapur;The Four Feathers;2001 2002 2003
princess_and_the_pea_2002;Mark Swan;Princess and the Pea;2001 2002 2003
evolution2002;Alastair Reid,David Espar,Gail Willumsen,Joel Olicker,Kate Churchill,Noel Buckner,Richard Hutton,Robert Whittlesey,Susan K. Lewis;Evolution;2001 2002 2003
american_pie_2;James B. Rogers (II),J.B. Rogers;American Pie 2;2000 2001 2002
baby_boy;John Singleton;Baby Boy;2000 2001 2002
swat;Clark Johnson;S.W.A.T.;2002 2003 2004
american_pie;Chris Weitz,Paul Weitz;American Pie;1998 1999 2000
almost_famous;Cameron Crowe;Almost Famous;1999 2000 2001
mean_girls;Mark Waters,Mark Waters (VIII);Mean Girls;2003 2004 2005
rush_hour_2;Brett Ratner;Rush Hour 2;2000 2001 2002
1112951-time_machine;Simon Wells,Gore Verbinski;The Time Machine;2001 2002 2003
confessions_of_a_dangerous_mind;George Clooney;Confessions of a Dangerous Mind;2002 2003 2004
our_lips_are_sealed;Ashley Olsen,Mary-Kate Olsen,Craig Shapiro;Our Lips Are Sealed;1999 2000 2001
orange_county;Jake Kasdan;Orange County;2001 2002 2003
hollywood_ending;Woody Allen;Hollywood Ending;2001 2002 2003
beyond_the_sea_2005;Lisandro Perez-Rey;Beyond the Sea;2004 2005 2006
dish;Rob Sitch;The Dish;2000 2001 2002
my_little_eye;Marc Evans;My Little Eye;2001 2002 2003
the_razors_edge;Edmund Goulding;The Razor's Edge;2000 2001 2002
1152276-rent;Chris Columbus;Rent;2004 2005 2006
hot_chick;Tom Brady;The Hot Chick;2001 2002 2003
1118347-quiet_american;Phillip Noyce;The Quiet American;2002 2003 2004
american_splendor;Robert Pulcini,Shari Springer Berman;American Splendor;2002 2003 2004
december_7th_the_movie;John Ford;December 7th: The Movie;2000 2001 2002
1122674-monte_walsh;Simon Wincer;Monte Walsh;2002 2003 2004
animatrix;Peter Chung,Andy Jones,Yoshiaki Kawajiri,Takeshi Koike,Mahiro Maeda,Kji Morimoto,Shinichir Watanabe;The Animatrix;2002 2003 2004
the_animatrix;Wachowski Brothers,Andy Jones;The Animatrix;2002 2003 2004
wait;Aldo Garay;The Wait;2001 2002 2003
congo-white-king-red-rubber-black-death;Peter Bate;Congo: White King, Red Rubber, Black Death;2002 2003 2004
war_of_the_worlds;Steven Spielberg;War of the Worlds;2004 2005 2006
1145385-unleashed;Louis Leterrier;Unleashed;2004 2005 2006
alamo;John Lee Hancock;The Alamo;2003 2004 2005
1141099-hostage;Florent Emilio Siri;Hostage;2004 2005 2006
first_daughter;Forest Whitaker;First Daughter;2003 2004 2005
longest_yard;Peter Segal,Peter Segal;The Longest Yard;2004 2005 2006
i_robot;Alex Proyas;I, Robot;2003 2004 2005
cinderella_man;Ron Howard;Cinderella Man;2004 2005 2006
the_wicker_man_2006;Neil LaBute;The Wicker Man;2005 2006 2007
chasing_liberty;Andy Cadiff,Shelly Ziegler;Chasing Liberty;2003 2004 2005
phantom_of_the_opera;Joel Schumacher;The Phantom of the Opera;2004 2005 2006
mind_the_gap;Eric Schaeffer;Mind the Gap;2004 2005 2006
sinbad_legend_of_the_seven_seas;Patrick Gilmore (III),Patrick Gilmore,Tim Johnson;Sinbad: Legend of the Seven Seas;2002 2003 2004
my_flesh_and_blood;Jonathan Karsh;My Flesh and Blood;2002 2003 2004
final_examination;Fred Olen Ray;Final Examination;2002 2003 2004
iron_man;Jon Favreau;Iron Man;2007 2008 2009
batman_begins;Christopher Nolan;Batman Begins;2004 2005 2006
1153339-creep;Christopher Smith;Creep;2004 2005 2006
prestige;Christopher Nolan;The Prestige;2005 2006 2007
beyond_the_sea;Kevin Spacey;Beyond the Sea;2003 2004 2005
the-ghost-club;Rafe M. Portilo,Ralph Portillo,Ralph E. Portillo;The Ghost Club;2002 2003 2004
serenity;Joss Whedon;Serenity;2004 2005 2006
the-best-man2006;Alex Pillai;The Best Man;2005 2006 2007
white_chicks;Keenen Ivory Wayans;White Chicks;2003 2004 2005
hotel_2003;Mike Figgis;Hotel;2002 2003 2004
barbie_as_the_princess_and_the_pauper;William Lau;Barbie as the Princess and the Pauper;2003 2004 2005
secret_handshake;Harsha Wardhan,Harsh Gijre;A Secret Handshake;2006 2007 2008
1153987-nanny_mcphee;Kirk Jones;Nanny McPhee;2005 2006 2007
man_of_the_house;Stephen Herek;Man of the House;2004 2005 2006
1142872-sky_high;Mike Mitchell,Mike Mitchell (VI);Sky High;2004 2005 2006
dirty_shame;John Waters;A Dirty Shame;2003 2004 2005
the_11th_hour_2006;Zelalem Woldemariam;The 11th Hour;2005 2006 2007
spiderman_3;Sam Raimi;Spider-Man 3;2006 2007 2008
over_the_hedge;Tim Johnson,Karey Kirkpatrick;Over the Hedge;2005 2006 2007
talladega_nights_the_ballad_of_ricky_bobby;Adam McKay;Talladega Nights: The Ballad of Ricky Bobby;2005 2006 2007
must_love_dogs;Gary David Goldberg;Must Love Dogs;2004 2005 2006
man_of_the_year;Barry Levinson;Man of the Year;2005 2006 2007
hardcore_2005;Dennis Iliadis;Hardcore;2004 2005 2006
1154157-big_mommas_house_2;John P. Whitesell,Elton LeBlanc,Emily Procter,Emily Proctor,Kat Dennings,Marisol Nichols,Mark Moses,Martin Lawrence,Michelle Parylak,Nia Long,Sarah Brown,Stacy Keibler,John Whitesell;Big Momma's House 2;2005 2006 2007
are_we_done_yet;Steve Carr;Are We Done Yet?;2006 2007 2008
lassie;Charles Sturridge;Lassie;2005 2006 2007
saw_ii;Darren Bousman,Barry Flatman,Beverley Mitchell,Dina Meyer,Donnie Wahlberg,Emmanuelle Vaugier,Erik Knudsen,Franky G,Glenn Plummer,Shawnee Smith,Darren Lynn Bousman,Tim Burd,Tobin Bell;Saw II;2004 2005 2006
daybreakers;Peter Spierig,Michael Spierig;Daybreakers;2009 2010 2011
dark_corners;Ray Gower;Dark Corners;2005 2006 2007
queen;Stephen Frears;The Queen;2005 2006 2007
the_adventures_of_tintin_the_imax_experience;Steven Spielberg;The Adventures Of Tintin: The IMAX Experience;2010 2011 2012
breaking_and_entering;Anthony Minghella;Breaking and Entering;2006 2007 2008
1155109-hoodwinked;Anne Hathaway,Anthony Anderson,Chazz Palminteri,Glenn Close,James Belushi,Patrick Warburton,Sally Struthers,Tara Strong,Cory Edwards,Tom Kenny,Todd Edwards,Tony Leech,Xzibit;Hoodwinked;2004 2005 2006
invincible;Ericson Core;Invincible;2005 2006 2007
babel;Alejandro Gonzlez Irritu;Babel;2005 2006 2007
the-mangler-reborn;Matt Cunningham,Erik Gardner;The Mangler Reborn;2004 2005 2006
horton-hears-a-who2008;Steve Martino,Jimmy Hayward;Dr. Seuss' Horton Hears a Who!;2007 2008 2009
1175162-until_death;Simon Fellows;Until Death;2006 2007 2008
death_proof;Robert Rodriguez,Quentin Tarantino;Death Proof;2006 2007 2008
deja_vu;Tony Scott;Dj Vu;2005 2006 2007
southpaw_2015;Antoine Fuqua;Southpaw;2014 2015 2016
perfect_man;Mark Rosman;The Perfect Man;2004 2005 2006
platoon_of_the_dead;John Bowker;Platoon of the Dead;2008 2009 2010
the_strangers;Bryan Bertino,Daminico Lynch;The Strangers;2007 2008 2009
the_fountain;Darren Aronofsky;The Fountain;2005 2006 2007
grindhouse;Robert Rodriguez,Eli Roth,Quentin Tarantino,Edgar Wright,Rob Zombie;Grindhouse;2006 2007 2008
the_devil_inside;Joaquin Perea,William Brent Bell;The Devil Inside;2011 2012 2013
the_boxers_omen_2006;Chih-Hung Kwei,Chin Hung Kuei;The Boxer's Omen (Mo);2005 2006 2007
1185801-the_express;Gary Fleder;The Express;2007 2008 2009
10008607-day_of_the_dead;Steve Miner;Day of the Dead;2007 2008 2009
ivory_tower_2010;Adam Traynor;Ivory Tower;2009 2010 2011
the_sitter_2011;David Gordon Green;The Sitter;2010 2011 2012
1169498-bridge;Eric Steel;The Bridge;2005 2006 2007
omen;John Moore;The Omen;2005 2006 2007
ugly_truth;Robert Luketic;The Ugly Truth;2008 2009 2010
murder_at_the_presidio;John Fasano;Murder at the Presidio;2004 2005 2006
1171939-perfect_stranger;James Foley;Perfect Stranger;2006 2007 2008
shes_the_man;Andy Fickman;She's the Man;2005 2006 2007
11th_hour;Nadia Conners,Leila Conners Petersen;The 11th Hour;2006 2007 2008
reader;Stephen Daldry;The Reader;2007 2008 2009
painted_veil;John Curran,John J. Curran;The Painted Veil;2005 2006 2007
princess_of_nebraska;Wayne Wang;The Princess of Nebraska;2007 2008 2009
the-hive;Peter Manus,Peter McManus;The Hive;2007 2008 2009
longshots;Fred Durst;The Longshots;2007 2008 2009
identity_thief;Seth Gordon;Identity Thief;2012 2013 2014
shooter;Antoine Fuqua;Shooter;2006 2007 2008
zone_of_the_dead;Milan Konjevic,Milan Todorovic;Zone of the Dead;2008 2009 2010
princess_diaries_2_royal_engagement;Garry Marshall;The Princess Diaries 2 - Royal Engagement;2003 2004 2005
diary-of-the-dead2007;George A. Romero;Diary of the Dead;2006 2007 2008
10009055-rocker;Peter Cattaneo;The Rocker;2007 2008 2009
great_debaters;Denzel Washington;The Great Debaters;2006 2007 2008
bride_wars;Gary Winick;Bride Wars;2008 2009 2010
dead_silence;James Wan;Dead Silence;2006 2007 2008
conviction_2010;Tony Goldwyn;Conviction;2009 2010 2011
1184827-alvin_and_the_chipmunks;Tim Hill;Alvin and the Chipmunks;2006 2007 2008
reservation_road;Terry George;Reservation Road;2006 2007 2008
sorcerers_apprentice;Jon Turtletaub,Jon Turteltaub;The Sorcerer's Apprentice;2009 2010 2011
fighter-2009;Javier Barbera;The Fighter;2008 2009 2010
you_again;Andy Fickman;You Again;2009 2010 2011
ano_bisiesto;Michael Rowe;Leap Year;2010 2011 2012
green_hornet;Michel Gondry;The Green Hornet;2010 2011 2012
the_night_before_2015;Jonathan Levine;The Night Before;2014 2015 2016
way_of_the_puck;Eric D. Anderson (III);Way Of The Puck;2009 2010 2011
martian_child;Menno Meyjes;Martian Child;2006 2007 2008
hurt_locker;Kathryn Bigelow;The Hurt Locker;2008 2009 2010
epic_movie;Aaron Seltzer,Jason Friedberg;Epic Movie;2006 2007 2008
1208882-cove;Louie Psihoyos;The Cove;2008 2009 2010
the_last_survivors;Tom Hammock,Thomas S. Hammock;The Last Survivors (The Well);2013 2014 2015
1205971-camille;Gregory Mackenzie;Camille;2008 2009 2010
10011124-watch;Jim Donovan;The Watch;2007 2008 2009
jennifers_body;M. David Mullen,Karyn Kusama;Jennifer's Body;2008 2009 2010
beautiful_truth;Steve Kroschel;The Beautiful Truth;2007 2008 2009
chaos_theory;Marcos Siega;Chaos Theory;2007 2008 2009
cell_2;Tim Iacofano,Tim Lacofano;The Cell 2;2007 2008 2009
new_york_i_love_you;Faith Akin,Shunji Iwai,Yvan Attal,Natalie Portman,Allen Hughes,Fatih Akin,Shekhar Kapur,Joshua Marston,Jiang Wen,Brett Ratner,Randy Balsmeyer,Mira Nair,Randall Balsmeyer,Andrey Zvyagintsev;New York, I Love You;2008 2009 2010
the_hobbit_an_unexpected_journey;Peter Jackson;The Hobbit: An Unexpected Journey;2011 2012 2013
better_the_devil;Greg Augustine;Better the Devil You Know;2008 2009 2010
clash_of_the_titans_2010;Louis Leterrier;Clash of the Titans;2009 2010 2011
house_of_the_devil;Ti West;The House of the Devil;2008 2009 2010
where_the_wild_things_are;Spike Jonze;Where the Wild Things Are;2008 2009 2010
1198524-ninja_assassin;James McTeigue;Ninja Assassin;2008 2009 2010
fourth_kind;Olatunde Osunsanmi;The Fourth Kind;2008 2009 2010
hick_2012;Derick Martini;Hick;2011 2012 2013
justice_2011;Roger Donaldson;Seeking Justice;2011 2012 2013
transformers_revenge_of_the_fallen;Michael Bay;Transformers: Revenge of the Fallen;2008 2009 2010
happily-never-after-2;Boyd Kirkland,Steven E. Gordon;Happily N'Ever After 2: Snow White - Another Bite @ the Apple;2008 2009 2010
immortals_2011;Tarsem Singh,Tarsem Singh Dhandwar;Immortals;2010 2011 2012
dream_boy;James Bolton;Dream Boy;2009 2010 2011
fright_night-2011;Craig Gillespie;Fright Night;2010 2011 2012
jingle_all_the_way_2011;Chel White;Jingle All The Way;2010 2011 2012
the-way-back;Peter Weir;The Way Back;2010 2011 2012
the_waiting_room_2012;Peter Nicks;The Waiting Room;2011 2012 2013
the_wolverine_2012;James Mangold;The Wolverine;2012 2013 2014
iron_man_3;Shane Black;Iron Man 3;2012 2013 2014
cold_souls;Sophie Barthes;Cold Souls;2008 2009 2010
1205377-last_house_on_the_left;Dennis Iliadis;The Last House on the Left;2008 2009 2010
survival_of_the_dead;George A. Romero;Survival of the Dead;2009 2010 2011
ceremony_2010;Max Winkler;Ceremony;2010 2011 2012
stay_2013;Wiebke von Carolsfeld;Stay;2013 2014 2015
final_destination_final_death_trip_3D;David R. Ellis;The Final Destination;2008 2009 2010
mysterious_island_2011;Kai Cheung Chung;Mysterious Island;2010 2011 2012
friday_20th_anniversary;F. Gary Gray;Friday 20th Anniversary;2014 2015 2016
unknown_white_male;Jaume Collet-Serra;Unknown;2010 2011 2012
riddick;David Twohy;Riddick;2012 2013 2014
assassination_games;Ernie Barbarash;Assassination Games;2010 2011 2012
saw3d;Kevin Greutert;Saw 3D;2009 2010 2011
machete;Ethan Maniquis,Robert Rodriguez;Machete;2009 2010 2011
south-of-the-border;Oliver Stone;South of the Border;2009 2010 2011
the_lion_king;Roger Allers,Rob Minkoff;The Lion King;2010 2011 2012
paranormal_activity;Oren Peli;Paranormal Activity;2008 2009 2010
the_american_scream_2012;Michael Paul Stephenson;The American Scream;2011 2012 2013
771402205;Rob Diamond;The Last Straw;2013 2014 2015
the_three_musketeers_2011;Paul W.S. Anderson;The Three Musketeers;2010 2011 2012
aliens_in_the_attic;John Schultz;Aliens in the Attic;2008 2009 2010
seeking_a_friend_for_the_end_of_the_world;Lorene Scafaria;Seeking a Friend for the End of the World;2011 2012 2013
safe_haven;Lasse Hallstrom;Safe Haven;2012 2013 2014
the_33;Patricia Riggen;The 33;2014 2015 2016
a_team;Joe Carnahan;The A-Team;2009 2010 2011
to_rome_with_love;Woody Allen;To Rome with Love;2011 2012 2013
the_victim_2011;Michael Biehn;The Victim;2011 2012 2013
the_vow_2012;Michael Sucsy;The Vow;2011 2012 2013
happy_2011;Roko Belic;Happy;2010 2011 2012
the_last_witch_hunter;Breck Eisner;The Last Witch Hunter;2014 2015 2016
a_free_bird;Gregg Russell;A Free Bird;2013 2014 2015
tomorrowland_2015;Brad Bird;Tomorrowland;2014 2015 2016
friends_with_kids;Jennifer Westfeldt;Friends With Kids;2011 2012 2013
paranormal_activity_2;Tod Williams;Paranormal Activity 2;2009 2010 2011
diary_of_a_wimpy_kid_dog_days;David Bowers;Diary of a Wimpy Kid: Dog Days;2011 2012 2013
killers_2010;Robert Luketic;Killers;2009 2010 2011
d_train;Andrew Mogel,Jarrad Paul;The D Train;2014 2015 2016
the_mend;John Magary;The Mend;2014 2015 2016
deadline_2012;Curt Hahn;Deadline;2011 2012 2013
entourage;Doug Ellin;Entourage;2014 2015 2016
the_drop;Michal R. Roskam;The Drop;2013 2014 2015
planes;Klay Hall;Planes;2012 2013 2014
the_sessions;Ben Lewin;The Sessions;2011 2012 2013
walking_with_dinosaurs_3d;Neil Nightingale,Pierre De Lespinios,Barry Cook;Walking With Dinosaurs;2012 2013 2014
somos_lo_que_hay;Jorge Michel Grau,Jorge Grau;We Are What We Are;2010 2011 2012
the_martian;Ridley Scott;The Martian;2014 2015 2016
after_earth;M. Night Shyamalan;After Earth;2012 2013 2014
the_nut_job;Peter Lepeniotis;The Nut Job;2013 2014 2015
smash_and_grab_2012;Havana Marking;Smash & Grab: The Story of the Pink Panthers;2012 2013 2014
minds_in_the_water_2011;Justin Krumb;Minds In The Water;2011 2012 2013
end_of_watch;David Ayer;End of Watch;2011 2012 2013
fast_and_furious_6;Justin Lin;Fast & Furious 6;2012 2013 2014
side_effects_2013;Steven Soderbergh;Side Effects;2012 2013 2014
the_dictator_2012;Larry Charles;The Dictator;2011 2012 2013
the_hunger_games_catching_fire;Francis Lawrence;The Hunger Games: Catching Fire;2012 2013 2014
the_hunger_games_mockingjay_part_2_the_imax_experience;Francis Lawrence;The Hunger Games: Mockingjay - Part 2 The IMAX Experience;2014 2015 2016
see_girl_run_2012;Nate Meyer;See Girl Run;2012 2013 2014
life_2014;Anton Corbijn;Life;2014 2015 2016
cloudy_with_a_chance_of_meatballs_2_2013;Kris Pearn,Cody Cameron;Cloudy with a Chance of Meatballs 2;2012 2013 2014
concrete_blondes_2012;Nicholas Kalikow;Concrete Blondes;2012 2013 2014
the_duff;Ari Sandel;The DUFF;2014 2015 2016
the_walk_2015;Robert Zemeckis;The Walk;2014 2015 2016
rob_the_mob;Raymond De Felitta;Rob the Mob;2013 2014 2015
the_finest_hours_an_imax_3d_experience;Craig Gillespie;The Finest Hours: An IMAX 3D Experience;2015 2016 2017
the_forest_2016;Jason Zada;The Forest;2015 2016 2017
the_grand_budapest_hotel;Wes Anderson;The Grand Budapest Hotel;2013 2014 2015
crave_2013;Charles de Lauzirika;Crave;2012 2013 2014
the-revenant;D. Kerry Prior;The Revenant;2011 2012 2013
paranormal_activity_4_2012;Ariel Schulman,Henry Joost;Paranormal Activity 4;2011 2012 2013
hope_springs_2012;David Frankel;Hope Springs;2011 2012 2013
the_danish_girl_2015;Tom Hooper;The Danish Girl;2014 2015 2016
happy_valley_2014;Amir Bar-Lev,Brian DePalma;Happy Valley;2013 2014 2015
maps_to_the_stars;David Cronenberg;Maps to the Stars;2014 2015 2016
gate-to-heaven;Veit Helmer;Gate to Heaven;2002 2003 2004
the_purge_anarchy_2014;James DeMonaco;The Purge: Anarchy;2013 2014 2015
secret_of_the_wings;Bobs Gannaway,Peggy Holmes,Robert Gannaway;Secret of the Wings;2011 2012 2013
heat_2013;Simon West;Wild Card;2014 2015 2016
the_one_i_love;Charlie McDowell;The One I Love;2013 2014 2015
safe_house_2012;Daniel Espinosa;Safe House;2011 2012 2013
the_book_of_life_2014;Jorge R. Gutierrez;The Book of Life;2013 2014 2015
the_beaver_2010;Jodie Foster;The Beaver;2010 2011 2012
the_master_2011;Paul Thomas Anderson;The Master;2011 2012 2013
pitch_perfect;Jason Moore;Pitch Perfect;2011 2012 2013
contracted;Eric England;Contracted;2012 2013 2014
in_a_world_2013;Lake Bell;In a World...;2012 2013 2014
the_family_tree;Vivi Friedman;The Family Tree;2010 2011 2012
the_falling_2014;Carol Morley;The Falling;2014 2015 2016
behaving_badly_2014;Tim Garrick;Behaving Badly;2013 2014 2015
if_you_build_it;Patrick Creadon;If You Build It;2013 2014 2015
shark_night_3d;David R. Ellis;Shark Night 3D;2010 2011 2012
escape_plan;Mikael Hfstrm;Escape Plan;2012 2013 2014
video_games_the_movie;Jeremy Snead;Video Games: The Movie;2013 2014 2015
the_wonders_2015;Alice Rohrwacher;The Wonders;2014 2015 2016
how_to_change_the_world;Jerry Rothwell;How To Change The World;2014 2015 2016
771357233;Ralph Fiennes;The Invisible Woman;2012 2013 2014
vhs;Adam Wingard,David Brckner,Glenn McQuaid,Joe Swanberg,Ti West,Radio Silence;V/H/S;2011 2012 2013
cake_2015;Daniel Barnz;Cake;2014 2015 2016
the_host_2013;Andrew Niccol;The Host;2012 2013 2014
little_birds;Elgin James;Little Birds;2011 2012 2013
christmas_belle;Joany Kane;Christmas Belle;2012 2013 2014
the_fault_in_our_stars;Josh Boone;The Fault In Our Stars;2013 2014 2015
dont_look_back_2014;William Dickerson;Don't Look Back;2013 2014 2015
the_boy_2015;Craig Macneill,Craig William Macneill;The Boy;2014 2015 2016
locke;Steven Knight;Locke;2013 2014 2015
the_motivation_2013;Adam Bhala Lough;The Motivation;2012 2013 2014
shes_the_one_2013;Mae Czarina Cruz;She's The One;2012 2013 2014
the_quiet_ones_2013;John Pogue;The Quiet Ones;2013 2014 2015
the_abcs_of_death;Christopher Smith,Angela Bettis,Gadi Harel,Simon Rumley,Bruno Forzani,Kaare Andrews,Jason Eisener,Ernesto Daz Espinoza,Xavier Gens,Noboru Iguchi,Thomas Malling Cappelen,Jorge Michel Grau,Anders Morgenthaler,Yoshihiro Nishimura,Hlne Cattet,Banjong Pisanthanakun,Marcel Sarmiento,Tak Sakaguchi,Adrian Garca Bogliano,Jon Schnepp,Srdjan Spasojevic,Timo Tjahjanto,Andrew Traucki,Nacho Vigalondo,Jake West,Ti West,Ben Wheatley,Adam Wingard,Yudai Yamaguchi,Lee Hardcastle,Simon Barrette,Simon Barrett;The ABCs of Death;2012 2013 2014
the_intern;Nancy Meyers;The Intern;2014 2015 2016
amy_2015;Asif Kapadia;Amy;2014 2015 2016
a_horse_story;John Rogers (XVIII);A Horse Story;2014 2015 2016
abcs_of_death_2;Ahron Keshales,Various,Navot Papushado,Bill Plympton,Chris Nash,Dennison Ramalho,Erik Matti,Evan Katz,Hajime Ohata,Jen Soska,Sylvia Soska,Jerome Sable,Jim Hosking,Juan Martnez Moreno,Julian Barratt,Julian Gilbey,Alexandre Bustillo,Julien Maury,Kristina Buozyte,Bruno Samper,Alejandro Brugus,Lancelot Oduwa Imasuen,Larry Fessenden,Marvin Kren,Rob Boocheck,Robert Morgan,Rodney Ascher,Sichi Umezawa,Steven Kostanski,Todd Rohal,Vincenzo Natali;ABCs of Death 2;2013 2014 2015
god_bless_the_child_2015;Robert Machoian,Rodrigo Ojeda-Beck;God Bless The Child;2014 2015 2016
krampus_the_christmas_devil;Jason Hull;Krampus: The Christmas Devil;2012 2013 2014
sex_tape_2014;Jake Kasdan;Sex Tape;2013 2014 2015
the_guest_house_2012;Michael Baumgarten;The Guest House;2012 2013 2014
happy_christmas;Joe Swanberg;Happy Christmas;2013 2014 2015
battle_of_the_year;Benson Lee;Battle of the Year;2012 2013 2014
documented;Jose Antonio Vargas,Ann Raffaela Lupo;Documented;2013 2014 2015
reaper_2015;Wen-Han Shih;Reaper;2014 2015 2016
little_white_lie;James Adolphus,Lacey Schwartz;Little White Lie;2013 2014 2015
god_the_father;Simon Fellows;God the Father;2013 2014 2015
snow_girl_and_the_dark_crystal;Tian Yu Zhao,Peter Pau,Zhao Tianyu;Snow Girl and the Dark Crystal;2014 2015 2016
771430823;David Yarovesky;The Hive;2014 2015 2016
the_visit_2015;M. Night Shyamalan;The Visit;2014 2015 2016
it_follows;David Robert Mitchell;It Follows;2014 2015 2016
good_kill;Andrew Niccol;Good Kill;2014 2015 2016
the_east_2013;Zal Batmanglij;The East;2012 2013 2014
the_stranger_2015;Guillermo Amoedo;The Stranger;2014 2015 2016
american_ultra;Nima Nourizadeh;American Ultra;2014 2015 2016
zipper;Rachel Davis,Mora Stephens;Zipper;2014 2015 2016
the_keeping_room;Daniel Barber;The Keeping Room;2014 2015 2016
racing_extinction;Louie Psihoyos;Racing Extinction;2014 2015 2016
molly_moon_the_incredible_hypnotist;Christopher N. Rowley;Molly Moon and the Incredible Book of Hypnotism;2014 2015 2016
stand_up_guys;Fisher Stevens;Stand Up Guys;2012 2013 2014
the-croods;Chris Sanders,Chris Sanders (III),Kirk De Micco;The Croods;2012 2013 2014
now_you_see_me_the_second_act;Jon M. Chu;Now You See Me: The Second Act;2015 2016 2017
roger_waters_the_wall;Roger Waters the Wall,Roger Waters,Sean Evans;Roger Waters The Wall;2014 2015 2016
the_unspeakable_act_2012;Dan Sallitt;The Unspeakable Act;2012 2013 2014
some_kind_of_hate;Adam Egypt Mortimer;Some Kind of Hate;2014 2015 2016
every_secret_thing;Amy Berg;Every Secret Thing;2014 2015 2016
spare_parts_2015;Sean McNamara;Spare Parts;2014 2015 2016
tabloid_truth;Kwang-shik Kim,Kim Kwang-sik-I;Tabloid Truth;2013 2014 2015
guardians_of_the_galaxy_2;James Gunn;Guardians of the Galaxy 2;2016 2017 2018
transformers_age_of_extinction;Michael Bay;Transformers: Age of Extinction;2013 2014 2015
frank_the_bastard;Brad Coley;Frank The Bastard;2014 2015 2016
john_carpenters_halloween;John Carpenter;John Carpenter's Halloween;2014 2015 2016
the_martial_arts_kid;Michael Baumgarten;The Martial Arts Kid;2014 2015 2016
untitled_wolverine_sequel;James Mangold;Untitled Wolverine Sequel;2016 2017 2018
the_town_that_dreaded_sundown;Alfonso Gomez-Rejon;The Town That Dreaded Sundown;2013 2014 2015
the_metropolitan_opera_cavalleria_rusticanapagliacci;David McVicar;The Metropolitan Opera: Cavalleria Rusticana/pagliacci;2014 2015 2016
the_divergent_series_allegiant;Robert Schwentke;The Divergent Series: Allegiant;2015 2016 2017
sisters_2015;Em Cooper,Jason Moore;Sisters;2014 2015 2016
