id1;id2
tt0028092;pennies_from_heaven_1936
tt0031750;old_maid
tt0032455;fantasia
tt0036261;phantom_of_the_opera_1943
tt0038776;1015000-night_and_day
tt0040367;foreign_affair
tt0040369;fort_apache
tt0042250;highway-301-1950
tt0043924;place_in_the_sun
tt0044672;greatest_show_on_earth
tt0046269;salome_1953
tt0047422;river_of_no_return
tt0048261;kiss_me_deadly
tt0051622;1007600-fly
tt0051658;gigi
tt0052655;bucket_of_blood
tt0053054;mating_game
tt0054195;1016512-pollyanna
tt0055633;young_savages
tt0057193;its_a_mad_mad_mad_mad_world
tt0058530;robinson_crusoe_on_mars
tt0062362;thoroughly_modern_millie
tt0067927;1022504-vanishing_point
tt0069280;slaughterhouse_five
tt0069303;sounder
tt0074285;1003625-carrie
tt0074540;the-food-of-the-gods
tt0077402;1005339-dawn_of_the_dead
tt0077416;deer_hunter
tt0077663;1009427-heaven_can_wait
tt0077869;lord_of_the_rings
tt0078723;1941
tt0079082;the_driller_killer
tt0079688;over_the_edge
tt0080130;1023461-when_a_stranger_calls
tt0080354;alligator
tt0082146;caveman
tt0082200;continental_divide
tt0082979;reds
tt0085334;1004151-christmas_story
tt0087054;choose_me
tt0088275;the_times_of_harvey_milk
tt0089424;kiss_of_the_spider_woman
tt0092513;adventures_in_babysitting
tt0092675;bloodsport
tt0093349;1039810-king_lear
tt0095270;1009096-hairspray
tt0095271;halloween_4_the_return_of_michael_myers
tt0095756;not_of_this_earth_1988
tt0096378;vibes
tt0096928;bill_and_teds_excellent_adventure
tt0097659;1011487-kickboxer
tt0097731;let_it_ride
tt0099528;exorcist_3
tt0100157;misery
tt0100405;pretty_woman
tt0100419;problem_child
tt0101516;bugsy
tt0101812;end_of_innocence
tt0101821;ernest-scared-stupid
tt0101912;1037161-frankie_and_johnny
tt0102065;house_party_2
tt0103893;buffy_the_vampire_slayer
tt0104511;innocent_blood
tt0104694;league_of_their_own
tt0105698;universal_soldier
tt0106665;dark_tide
tt0108002;rudy
tt0109506;crow
tt0110146;intersection
tt0110622;the_naked_gun_33_13_the_final_insult_1994
tt0110955;ref
tt0111280;star_trek_generations
tt0112435;babysitters_club_the_movie
tt0112851;desperado
tt0113080;flirt
tt0113613;1071464-last_supper
tt0113748;1061809-malicious
tt0116191;1073316-emma
tt0116928;love_is_all_there_is
tt0118689;bean
tt0118755;1081203-borrowers
tt0119223;1081200-great_expectations
tt0119432;jungle_2_jungle
tt0119670;mighty
tt0120890;wild_things
tt0122933;analyze_this
tt0126916;for_love_of_the_game
tt0139134;cruel_intentions
tt0167360;race_to_space
tt0167427;1093874-superstar
tt0175880;magnolia
tt0190138;whole_nine_yards
tt0215750;enemy_at_the_gates
tt0221027;blow
tt0255819;baby_boy
tt0257076;swat
tt0266915;rush_hour_2
tt0268695;1112951-time_machine
tt0270288;confessions_of_a_dangerous_mind
tt0270560;our_lips_are_sealed
tt0273923;orange_county
tt0278823;hollywood_ending
tt0280969;my_little_eye
tt0294870;1152276-rent
tt0302640;hot_chick
tt0305206;american_splendor
tt0340163;1141099-hostage
tt0343818;i_robot
tt0352248;cinderella_man
tt0360139;chasing_liberty
tt0371746;iron_man
tt0377066;the-ghost-club
tt0379786;serenity
tt0381707;white_chicks
tt0396752;1153987-nanny_mcphee
tt0405325;1142872-sky_high
tt0413300;spiderman_3
tt0415306;talladega_nights_the_ballad_of_ricky_bobby
tt0417001;must_love_dogs
tt0421729;1154157-big_mommas_house_2
tt0422774;are_we_done_yet
tt0431213;lassie
tt0432348;saw_ii
tt0433362;daybreakers
tt0436697;queen
tt0443456;breaking_and_entering
tt0443536;1155109-hoodwinked
tt0445990;invincible
tt0449467;babel
tt0453467;deja_vu
tt0462322;grindhouse
tt0469903;1185801-the_express
tt0483726;man_of_the_year
tt0492931;11th_hour
tt0822854;shooter
tt0848557;diary-of-the-dead2007
tt0952640;1184827-alvin_and_the_chipmunks
tt0963966;sorcerers_apprentice
tt0990407;green_hornet
tt1131734;jennifers_body
tt1172994;house_of_the_devil
tt1205558;hick_2012
tt1214962;justice_2011
tt1235837;happily-never-after-2
tt1253864;immortals_2011
tt1300854;iron_man_3
tt1341341;ceremony_2010
tt1401152;unknown_white_male
tt1411250;riddick
tt1436568;assassination_games
tt1477076;saw3d
tt1606389;the_vow_2012
tt1613092;happy_2011
tt1618442;the_last_witch_hunter
tt1674771;entourage
tt1691917;planes
tt1762399;walking_with_dinosaurs_3d
tt1798684;southpaw_2015
tt1815862;after_earth
tt1821658;the_nut_job
tt1852028;minds_in_the_water_2011
tt1855199;end_of_watch
tt1954811;see_girl_run_2012
tt1985966;cloudy_with_a_chance_of_meatballs_2_2013
tt2005185;concrete_blondes_2012
tt2025690;the_finest_hours_an_imax_3d_experience
tt2053463;side_effects_2013
tt2171902;happy_valley_2014
tt2231253;heat_2013
tt2262227;the_book_of_life_2014
tt2281159;contracted
tt2294677;in_a_world_2013
tt2314824;behaving_badly_2014
tt2322482;if_you_build_it
tt2582846;the_fault_in_our_stars
tt2692904;locke
tt2755016;the_motivation_2013
tt2870648;amy_2015
tt2926810;abcs_of_death_2
tt2946762;god_bless_the_child_2015
tt3057836;documented
tt3081268;reaper_2015
tt3235888;it_follows
tt3297330;good_kill
tt3316948;american_ultra
tt3346224;zipper
tt3567288;the_visit_2015
tt3698558;some_kind_of_hate
tt3896198;guardians_of_the_galaxy_2
