id;address;city;name;phone;state;zipcode
20;500 Lawrence Expy;Sunnyvale;Luv Pho;(408) 733-8883;CA;94085
34;638 El Camino Real;Santa Clara;Fiorillo's Restaurant Inc.;(408) 766-7527;CA;95050
36;2789 El Camino Real;Santa Clara;Sushi O Sushi Japanese Cuisine;(408) 241-1677;CA;95051
48;443 Emerson St;Palo Alto;Jing-Jing Szechwan Hunan Gourmet;(650) 328-6885;CA;94301
63;1214 Apollo Way ;;;;;
68;511 Borregas Ave;Sunnyvale;Seto Japanese Cuisine;(408) 735-8280;CA;94085
139;911 E Duane Ave;Sunnyvale;Mediterranean Cuisine;(408) 685-2269;CA;94085
191;595 E El Camino Real;Sunnyvale;Chocolate Sushi & Tofu House;(408) 830-0638;CA;94087
199;411 E El Camino Real;Sunnyvale;Katana Sushi & Sake;(408) 746-3000;CA;94087
201;832 W El Camino Real;Sunnyvale;The Cheese Steak Shop;(408) 530-8159;CA;94087
226;2230 El Camino Real;Santa Clara;Mayuri Indian Cuisine;(408) 248-9747;CA;95050
227;2367 El Camino Real;Santa Clara;Andy's BBQ;(408) 249-8158;CA;95050
228;638 El Camino Real;Santa Clara;Fiorillos Restaurant Inc.;(408) 984-0414;CA;95050
229;2325 El Camino Real Ste 104;Santa Clara;Dusita Thai Cuisine;(408) 247-5199;CA;95050
240;2855 Stevens Creek Blvd Ste 2451;Santa Clara;Boudin Bakery;(408) 249-4101;CA;95050
272;2325 El Camino Real Ste 101;Santa Clara;Ninety-Nine Restaurant and Pub;(408) 241-9658;CA;95050
278;638 El Camino Real;Santa Clara;Fiorillo's Restaurant Inc.;(408) 766-7527;CA;95050
282;2367 El Camino Real;Santa Clara;Andy's BBQ;(408) 249-8158;CA;95050
283;638 El Camino Real;Santa Clara;Fiorillos Restaurant Inc.;(408) 984-0414;CA;95050
284;2325 El Camino Real Ste 104;Santa Clara;Dusita Thai Cuisine;(408) 247-5199;CA;95050
300;638 El Camino Real;Santa Clara;Fiorillo's Restaurant Inc.;(408) 766-7527;CA;95050
325;1000 Lafayette St Ste C;Santa Clara;Hungry Hound;(408) 241-2756;CA;95050
343;1111 El Camino Real;Santa Clara;Su's Mongolian Barbeque Restaurant;(408) 985-2958;CA;95050
348;2230 El Camino Real;Santa Clara;Mayuri Indian Cuisine;(408) 248-9747;CA;95050
349;2325 El Camino Real Ste 104;Santa Clara;Dusita Thai Cuisine;(408) 247-5199;CA;95050
391;2002 El Camino Real;Santa Clara;Peet's Coffee & Tea;(408) 831-7517;CA;95050
413;2219 The Alameda;Santa Clara;Tonkotsu Taka;(408) 564-4467;CA;95050
498;855 W El Camino Real;Mountain View;Chef Xue Restaurant;(650) 988-8820;CA;94040
509;2290 W El Camino Real;Mountain View;Amber India Restaurant;(650) 968-7511;CA;94040
510;176 S Murphy Ave;Sunnyvale;Gumba's Italian Restaurant;(408) 737-8384;CA;94086
516;705 E El Camino Real;Mountain View;Satsuma Restaurant;(650) 966-1122;CA;94040
545;977 E Hillsdale Blvd;Foster City;Corner Bakery Cafe;(650) 458-5511;CA;94404
551;1058 Shell Blvd;Foster City;Lotus Garden Restaurant;(650) 349-1151;CA;94404
554;1495 Beach Park Blvd;Foster City;Kenta Ramen;(650) 212-2883;CA;94404
558;973 E Hillsdale Blvd;Foster City;ABC Sea Food Restaurant;(650) 328-2288;CA;94404
568;1360 El Camino Real;Belmont;Iron Gate Restaurant;(650) 592-7893;CA;94002
572;3001 El Camino Real;Redwood City;Chantilly Restaurant;(650) 321-4080;CA;94061
624;969 Edgewater Blvd;Foster City;Waterfront Pizza;(650) 573-6634;CA;94404
680;751 El Camino Real;Menlo Park;Cook's Seafood Restaurant & Market;(650) 600-3490;CA;94025
685;1360 El Camino Real;Belmont;Iron Gate Restaurant;(650) 592-7893;CA;94002
690;3001 El Camino Real;Redwood City;Chantilly Restaurant;(650) 321-4080;CA;94061
722;980 Woodside Rd;Redwood City;Bravo Taqueria;(650) 364-3511;CA;94061
728;751 El Camino Real;Menlo Park;Cook's Seafood Restaurant & Market;(650) 600-3490;CA;94025
740;1225 El Camino Real;Menlo Park;Round Table Pizza;(650) 321-6861;CA;94025
754;2525 El Camino Real;Redwood City;El Grullense Grill;(650) 368-3172;CA;94061
756;2627 El Camino Real;Redwood City;Tacos El Camino;(650) 366-3630;CA;94061
769;593 Woodside Rd;Redwood City;Villa Roma;(650) 365-5060;CA;94061
777;1742 El Camino Real;Redwood City;Thai House Restaurant;(650) 299-9495;CA;94063
794;1041 Middlefield Rd;Redwood City;Donato Enoteca;(650) 701-1000;CA;94063
795;2639 Broadway St;Redwood City;Erawan Thai Restaurant;(650) 556-9966;CA;94063
804;314 El Camino Real;Redwood City;Stacks Restaurant;(650) 482-2850;CA;94062
805;949 Veterans Blvd;Redwood City;In-N-Out Burger;(800) 786-1000;CA;94063
810;2401 Middlefield Rd;Redwood City;El Grullense E & E;(650) 369-9013;CA;94063
813;825 El Camino Real;Redwood City;Bangkok Bay Thai Cuisine;(650) 365-5369;CA;94063
814;909 Main St;Redwood City;The Patty Shack;(650) 364-1400;CA;94063
816;831 Middlefield Rd;Redwood City;Pizza My Heart;(650) 361-1010;CA;94063
823;540 El Camino Real;Redwood City;Higuma Japanese Restaurant;(650) 369-3240;CA;94063
874;1360 El Camino Real;Belmont;Iron Gate Restaurant;(650) 592-7893;CA;94002
878;3001 El Camino Real;Redwood City;Chantilly Restaurant;(650) 321-4080;CA;94061
892;174 E 3rd Ave;San Mateo;San Mateo Prime;(650) 558-8918;CA;94401
895;88 E 4th Ave;San Mateo;Champagne Seafood Restaurant;(650) 343-6988;CA;94401
906;33 E 3rd Ave;San Mateo;Hotaru Japanese Restaurant;(650) 343-1152;CA;94401
908;428 E 3rd Ave;San Mateo;Fuji Sukiyak Restaurant;(650) 348-7810;CA;94401
917;215 E 3rd Ave;San Mateo;Little China Kitchen;(650) 348-3890;CA;94401
919;418 E 3rd Ave;San Mateo;Saigon City Restaurant;(650) 340-8878;CA;94401
928;41 W Hillsdale Blvd;San Mateo;The Counter;(650) 212-3200;CA;94403
929;1360 El Camino Real;Belmont;Iron Gate Restaurant;(650) 592-7893;CA;94002
933;3001 El Camino Real;Redwood City;Chantilly Restaurant;(650) 321-4080;CA;94061
973;147 E 3rd Ave;San Mateo;Vespucci Ristorante Italiano;(650) 685-6151;CA;94401
979;50 E 3rd Ave;San Mateo;Three Restaurant & Bar;(650) 344-9444;CA;94401
981;104 S El Camino Real;San Mateo;Yu Raku Japanese Chinese Restaurant;(650) 558-8239;CA;94401
990;223 E 4th Ave;San Mateo;Spiedo Restaurant;(650) 375-0818;CA;94401
1004;168 E 4th Ave;San Mateo;Little Sichuan Restaurant;(650) 345-9168;CA;94401
1009;320 S B St;San Mateo;B Street & Vine;(650) 347-8463;CA;94401
1016;2 N B St;San Mateo;The Melting Pot;(650) 342-6358;CA;94401
1018;359 S B St;San Mateo;Bean Street Coffee;(650) 579-1844;CA;94401
1052;855 El Camino Real Ste 158;Palo Alto;Sushi House;(650) 321-3453;CA;94301
1062;473 University Ave;Palo Alto;Arte Ristorante;(650) 329-8300;CA;94301
1071;1360 El Camino Real;Belmont;Iron Gate Restaurant;(650) 592-7893;CA;94002
1113;751 El Camino Real;Menlo Park;Cook's Seafood Restaurant & Market;(650) 600-3490;CA;94025
1123;3001 El Camino Real;Redwood City;Chantilly Restaurant;(650) 321-4080;CA;94061
1144;67 El Camino Real;Palo Alto;Hobees Restaurant;(650) 327-4111;CA;94301
1163;369 Lytton Ave;Palo Alto;Janta Indian Restaurant;(650) 462-5903;CA;94301
1165;855 El Camino Real;Palo Alto;Tava Indian Kitchen;(650) 321-8282;CA;94301
1171;1 El Camino Real;Palo Alto;Scotts Seafood Grill & Bar;(650) 323-1555;CA;94301
1196;642 Ramona St;Palo Alto;Coconuts Caribbean Restaurant & Bar;(650) 329-9533;CA;94301
1212;367 University Ave;Palo Alto;Crepevine;(650) 323-3900;CA;94301
1220;1360 El Camino Real;Belmont;Iron Gate Restaurant;(650) 592-7893;CA;94002
1242;1410 Old County Rd;Belmont;Saint James Gate;(650) 592-5923;CA;94002
1247;120 Harbor Blvd;Belmont;El Metate Taqueria;(650) 595-1110;CA;94002
1259;1360 El Camino Real;Belmont;Iron Gate Restaurant;(650) 592-7893;CA;94002
1263;3001 El Camino Real;Redwood City;Chantilly Restaurant;(650) 321-4080;CA;94061
1267;1324 El Camino Real;San Carlos;Round Table Pizza;(650) 591-1998;CA;94070
1276;1360 El Camino Real;Belmont;Iron Gate Restaurant;(650) 592-7893;CA;94002
1287;600 Ralston Ave;Belmont;China Village Seafood Restaurant;(650) 593-1831;CA;94002
1300;300 El Camino Real;Belmont;Shalizaar Restaurant;(650) 596-9000;CA;94002
1315;1360 El Camino Real;Belmont;Iron Gate Restaurant;(650) 592-7893;CA;94002
1331;1050 El Camino Real Ste D;Belmont;A G Ferrari Foods;(650) 632-1655;CA;94002
1332;1397 El Camino Real;Belmont;Sunshine Cafe;(650) 654-1230;CA;94002
1347;1316 El Camino Real;Belmont;Chez Saigon Thai & Vietnamese Restaurant;(650) 591-9888;CA;94002
1366;1397 El Camino Real;Belmont;Belmont Gyros House Mediterranean Grill;(650) 592-2107;CA;94002
1379;968 Ralston Ave;Belmont;Divino;(650) 620-9102;CA;94002
1380;210 El Camino Real;Belmont;The HoneyBaked Ham Company;(650) 595-8551;CA;94002
1382;1504 El Camino Real;Belmont;Cafe Monk;(650) 592-4837;CA;94002
1392;4000 S El Camino Real;San Mateo;Cube Bar & Grill;(650) 212-2643;CA;94403
1409;2456 S El Camino Real;San Mateo;Mama's Vietnamese Cuisine;(650) 572-8822;CA;94403
1411;552 El Camino Real;San Carlos;The New Patio;(650) 654-0654;CA;94070
1421;751 El Camino Real;Menlo Park;Cook's Seafood Restaurant & Market;(650) 600-3490;CA;94025
1425;1077 El Camino Real;Menlo Park;Trellis Restaurant;(650) 326-9028;CA;94025
1428;888 El Camino Real;Menlo Park;Jeffrey's Hamburgers Menlo Park;(650) 322-1959;CA;94025
1430;1225 El Camino Real;Menlo Park;Round Table Pizza;(650) 321-6861;CA;94025
1431;325 Sharon Park Dr Ste A2;Menlo Park;Restaurant Mitsunobu;(650) 234-1084;CA;94025
1435;1026 Alma St;Menlo Park;Iberia Restaurant;(650) 325-8981;CA;94025
1437;1438 El Camino Real;Menlo Park;Gombei Japanese Restaurant;(650) 329-1799;CA;94025
1439;1246 El Camino Real;Menlo Park;Jason's Cafe;(650) 321-3300;CA;94025
1443;211 El Camino Real;Menlo Park;Koma Sushi Restaurant;(650) 321-5662;CA;94025
1444;1352 El Camino Real;Menlo Park;Tenfu Chinese Restaurant;(650) 323-6134;CA;94025
1445;100 El Camino Real;Menlo Park;Menlo Grill Bistro & Bar;(650) 330-2790;CA;94025
1452;751 El Camino Real;Menlo Park;Cook's Seafood Restaurant & Market;(650) 600-3490;CA;94025
1468;751 El Camino Real;Menlo Park;Cook's Seafood Restaurant & Market;(650) 600-3490;CA;94025
1469;1137 Chestnut St;Menlo Park;Shiok Singapore Kitchen;(650) 838-9448;CA;94025
1470;820 Santa Cruz Ave;Menlo Park;Angelo Mio;(650) 323-3665;CA;94025
1486;1246 El Camino Real;Menlo Park;Jason's Cafe;(650) 321-3300;CA;94025
1490;211 El Camino Real;Menlo Park;Koma Sushi Restaurant;(650) 321-5662;CA;94025
1496;1189 Willow Rd;Menlo Park;Back A Yard Grill;(650) 323-4244;CA;94025
1499;751 El Camino Real;Menlo Park;Cook's Seafood Restaurant & Market;(650) 600-3490;CA;94025
1509;3001 El Camino Real;Redwood City;Chantilly Restaurant;(650) 321-4080;CA;94061
1515;635 Santa Cruz Ave;Menlo Park;Left Bank Menlo Park Brasserie;(650) 473-6543;CA;94025
1519;1368 El Camino Real;Menlo Park;Fey Restaurant;(650) 324-8888;CA;94025
1525;651 Oak Grove Ave;Menlo Park;Piccolo Italian Restaurant;(650) 326-1314;CA;94025
1533;925 El Camino Real;Menlo Park;Akasaka Sushi;(650) 325-0444;CA;94025
1550;1081 El Camino Real;Menlo Park;Mamacoco Mexican Restaurant;(650) 272-6634;CA;94025
1605;3401 El Camino Real;Atherton;Bonsai Japaness Cuisine;(650) 367-6547;CA;94027
1616;1225 El Camino Real;Menlo Park;Round Table Pizza;(650) 321-6861;CA;94025
1620;1438 El Camino Real;Menlo Park;Gombei Japanese Restaurant;(650) 329-1799;CA;94025
1623;1352 El Camino Real;Menlo Park;Tenfu Chinese Restaurant;(650) 323-6134;CA;94025
1625;635 Santa Cruz Ave;Menlo Park;Left Bank Menlo Park Brasserie;(650) 473-6543;CA;94025
1628;1328 El Camino Real;Menlo Park;Naomi Sushi;(650) 321-6902;CA;94025
1647;1225 El Camino Real;Menlo Park;Round Table Pizza;(650) 321-6861;CA;94025
1654;1850 El Camino Real;Atherton;Celias Mexican Restaurant.;(650) 321-8227;CA;94027
1660;1077 El Camino Real;Menlo Park;Trellis Restaurant;(650) 326-9028;CA;94025
1667;1438 El Camino Real;Menlo Park;Gombei Japanese Restaurant;(650) 329-1799;CA;94025
1672;635 Santa Cruz Ave;Menlo Park;Left Bank Menlo Park Brasserie;(650) 473-6543;CA;94025
1675;1328 El Camino Real;Menlo Park;Naomi Sushi;(650) 321-6902;CA;94025
1688;1360 El Camino Real;Belmont;Iron Gate Restaurant;(650) 592-7893;CA;94002
1692;443 Emerson St;Palo Alto;Jing-Jing Szechwan Hunan Gourmet;(650) 328-6885;CA;94301
1693;3001 El Camino Real;Redwood City;Chantilly Restaurant;(650) 321-4080;CA;94061
1694;1225 El Camino Real;Menlo Park;Round Table Pizza;(650) 321-6861;CA;94025
1730;593 Woodside Rd;Redwood City;Diner Japonica;(650) 364-4649;CA;94061
1745;1742 El Camino Real;Redwood City;Thai House Restaurant;(650) 299-9495;CA;94063
1748;2107 & 2111 El Camino Real;Palo Alto;Odori Sushi Teppanyaki;(650) 327-2222;CA;94306
1803;2000 Avenue Of The Stars Ste 25;Los Angeles;Habanero Grill;(310) 277-4440;CA;90067
1805;10250 Santa Monica Blvd;Los Angeles;Coral Tree Express;(310) 553-8733;CA;90067
1806;10250 Santa Monica Blvd;Los Angeles;Obika Mozzarella Bar;(310) 556-2452;CA;90067
1819;10100 Constellation Blvd;Los Angeles;Craft;(310) 279-4180;CA;90067
1834;1888 Century Park E ;;;;;
1841;2121 Avenue Of The Stars Ste MEZZ;Los Angeles;City Bean;(310) 203-0079;CA;90067
1845;10 W Century Dr;Los Angeles;Hinoki & The Bird;(310) 552-1200;CA;90067
1852;1840 Century Park E;Los Angeles;The Garden Cafe;(310) 788-5188;CA;90067
1859;10250 Santa Monica Blvd;Los Angeles;Massis Kabob;(818) 242-2333;CA;90067
1868;10250 Santa Monica Blvd Gelson's ;;;;;
1873;1880 Century Park E Ste 103;Los Angeles;1880 Cafe;(310) 553-1880;CA;90067
1894;10250 Santa Monica Blvd ;;;;;
1922;6027 Paseo Delicias;Rancho Santa Fe;Caffe Positano (village);(858) 759-1940;CA;92067
1923;5951 Linea Del Cielo;Rancho Santa Fe;The Inn at Rancho Santa Fe;(858) 756-1131;CA;92067
1937;162 S Rancho Santa Fe Rd;Encinitas;Bentley's Steak & Chop House;(760) 632-9333;CA;92024
1946;267 N El Camino Real;Encinitas;Savory Restaurant;(760) 634-5556;CA;92024
1961;257 N El Camino Real Suite D & E;Encinitas;Blue Fin Sushi Bar;(760) 479-1555;CA;92024
1996;267 N El Camino Real;Encinitas;Savory Restaurant;(760) 634-5556;CA;92024
2015;257 N El Camino Real Suite D & E;Encinitas;Blue Fin Sushi Bar;(760) 479-1555;CA;92024
2023;211 S El Camino Real;Encinitas;Miyabi Japanese Steakhouse & Sushi;(760) 632-0888;CA;92024
2029;120 N El Camino Real;Encinitas;El Camino Santa Fe Cafe;(760) 942-1366;CA;92024
2030;130 N El Camino Real;Encinitas;Kaito Sushi;(760) 634-2746;CA;92024
2034;138 N El Camino Real;Encinitas;Thaipan Cuisine;(760) 632-8800;CA;92024
2036;111 N El Camino Real Ste B;Encinitas;Mr Sushi;(760) 944-2800;CA;92024
2052;191 N El Camino Real;Encinitas;Giant New York Pizza & Pasta;(760) 334-5555;CA;92024
2093;7720 El Camino Real;Carlsbad;Rock & Roll Sushi;(760) 632-8787;CA;92009
2096;640 Via De La Valle;Solana Beach;The Fish Market;(858) 755-2277;CA;92075
2135;751 El Camino Real;Menlo Park;Cook's Seafood Restaurant & Market;(650) 600-3490;CA;94025
2137;751 El Camino Real;Menlo Park;Cook's Seafood Restaurant & Market;(650) 600-3490;CA;94025
2142;1360 El Camino Real;Belmont;Iron Gate Restaurant;(650) 592-7893;CA;94002
2147;3001 El Camino Real;Redwood City;Chantilly Restaurant;(650) 321-4080;CA;94061
2170;2107 & 2111 El Camino Real;Palo Alto;Odori Sushi Teppanyaki;(650) 327-2222;CA;94306
2175;2825 Sand Hill Rd;Menlo Park;Madera;(650) 561-1540;CA;94025
2183;751 El Camino Real;Menlo Park;Cook's Seafood Restaurant & Market;(650) 600-3490;CA;94025
2190;1360 El Camino Real;Belmont;Iron Gate Restaurant;(650) 592-7893;CA;94002
2195;3001 El Camino Real;Redwood City;Chantilly Restaurant;(650) 321-4080;CA;94061
2197;1225 El Camino Real;Menlo Park;Round Table Pizza;(650) 321-6861;CA;94025
2221;4546 El Camino Real Ste A6;Los Altos;Oregano's Wood-Fired Pizza;(650) 941-3600;CA;94022
2226;2515 El Camino Real;Palo Alto;Olive Garden Italian Restaurant;(650) 503-9028;CA;94306
2227;1225 El Camino Real;Menlo Park;Round Table Pizza;(650) 321-6861;CA;94025
2235;546 University Ave;Palo Alto;Tamarine Restaurant;(650) 325-8500;CA;94301
2237;2290 W El Camino Real;Mountain View;Amber India Restaurant;(650) 968-7511;CA;94040
2241;4224 El Camino Real;Palo Alto;Hobee's Restaurant;(650) 493-7823;CA;94306
2254;1026 Alma St;Menlo Park;Iberia Restaurant;(650) 325-8981;CA;94025
2255;3150 El Camino Real;Palo Alto;The Fish Market;(650) 493-9188;CA;94306
2259;855 El Camino Real Ste 158;Palo Alto;Sushi House;(650) 321-3453;CA;94301
2261;855 El Camino Real Ste 130;Palo Alto;Calafia Cafe;(650) 322-9200;CA;94301
2268;2310 El Camino Real;Palo Alto;Peking Duck Restaurant;(650) 856-3338;CA;94306
2279;209 University Ave;Palo Alto;Steam;(650) 322-1888;CA;94301
2290;3295 El Camino Real;Palo Alto;INDO Restaurant & Lounge;(650) 494-9184;CA;94306
2354;9777 Santa Monica Blvd;Beverly Hills;Ki Ra La;(310) 275-9003;CA;90210
2365;9689 Santa Monica Blvd;Beverly Hills;The Nosh Of Beverly Hills;(310) 271-3730;CA;90210
2377;9749 Santa Monica Blvd;Beverly Hills;Pasquale Restaurant;(310) 859-3884;CA;90210
2406;9631 Santa Monica Blvd;Beverly Hills;La Salsa Fresh Mexican Grill;(310) 276-2373;CA;90210
2414;445 N Beverly Dr;Beverly Hills;The Coffee Bean & Tea Leaf;(310) 278-1865;CA;90210
2418;474 N Beverly Dr;Beverly Hills;Beverly Hills Diner;(310) 271-2227;CA;90210
2480;21123 Newport Coast Dr;Newport Coast;Zov's Newport Coast;(949) 760-9687;CA;92657
2509;7946 E Coast Hwy;Newport Coast;Modo Mio Restaurant Cucina Restica;(949) 497-9770;CA;92657
2535;22701 Pelican Hill Rd S;Newport Coast;The Resort at Pelican Hill;(949) 612-1916;CA;92657
2538;3224 E Coast Hwy;Corona Del Mar;The Quiet Woman;(949) 640-7440;CA;92625
2590;143 Newport Center Dr;Newport Beach;Red O Fashion Island;(949) 718-0300;CA;92660
2598;1511 Newport Center Dr;Newport Beach;California Pizza Kitchen (Newport Center Dr);(800) 510-3663;CA;92660
2601;451 Newport Center Dr;Newport Beach;Hard Rock Cafe;(949) 640-8844;CA;92660
2619;2515 E Coast Hwy;Corona Del Mar;El Ranchito Mexican;(949) 644-8226;CA;92625
2624;1151 Newport Center Dr;Newport Beach;California Pizza Kitchen;(949) 759-5543;CA;92660
2665;34 Water St;New York;Pranzo;(212) 344-8068;NY;10004
2701;217 E 49th St Between 2nd & 3rd Ave;New York;Bukhara Grill (Indian Spice Rave);(646) 833-0580;NY;10017
2719;52 Stone St;New York;Stone Street Tavern;(212) 785-5658;NY;10004
2838;27 Whitehall St;New York;Flavors;(212) 269-6100;NY;10004
2845;620 Anderson Hill Rd;Purchase;Cobble Stone;(914) 253-9678;NY;10577
2994;128 Mamaroneck Ave;White Plains;David King Chinese Restrnt Inc;(914) 948-9290;NY;10601
3020;264 S County Rd;Palm Beach;264 The Grill;(561) 833-6444;FL;33480
3035;1 S County Rd;Palm Beach;Seafood Bar At The Breakers;(561) 659-8488;FL;33480
3066;264 S County Rd;Palm Beach;264 The Grill;(561) 833-6444;FL;33480
3134;264 S County Rd;Palm Beach;Two Sixty Four The Grill;(561) 833-6444;FL;33480
3138;1 S County Rd;Palm Beach;The Breakers;(561) 655-6611;FL;33480
3147;132 N County Rd;Palm Beach;Chez Jean-Pierre Bistro;(561) 833-1171;FL;33480
3202;123 N Wacker Dr;Chicago;Sushi Sai;(312) 332-8822;IL;60606
3205;3107 N Broadway St;Chicago;The Bagel Restaurant & Deli;(773) 997-2333;IL;60657
3220;300 W Adams St;Chicago;Hot Woks Cool Sushi;(312) 220-0011;IL;60606
3242;250 S Wacker Dr;Chicago;Panera Bread;(312) 496-0021;IL;60606
3267;130 S Canal St;Chicago;Arturo Express;(312) 474-9289;IL;60606
3335;2948 N Beverly Glen Cir;Los Angeles;Beverly Glen Deli;(310) 475-2719;CA;90077
3346;11929 Santa Monica Blvd, Los Angeles CA, 90025;Los Angeles;Monte Alban Restaurant;(310) 444-7736;CA;90025
3370;2960 N Beverly Glen Cir;Los Angeles;Fabrocini's-Beverly Glen;(310) 475-7404;CA;90077
3375;701 Stone Canyon Rd;Los Angeles;Wolfgang Puck at Bel Air Hotel;(310) 472-1211;CA;90077
3472;12953 Ventura Blvd;Studio City;Iroha Sushi of Tokyo;(818) 990-9559;CA;91604
3487;454 Old Post Rd;Bedford;Trattoria Lucia;(914) 234-7600;NY;10506
3493;954 Old Post Rd;Bedford;Altamarea Group;(914) 234-6570;NY;10506
3501;426 Old Post Rd;Bedford;Bedford Village Pastry;(914) 234-9555;NY;10506
3502;652 Old Post Rd;Bedford;Bedford Gourmet;(914) 234-9409;NY;10506
3544;426 Old Post Rd;Bedford;Bedford Village Pastry;(914) 234-9555;NY;10506
3545;652 Old Post Rd;Bedford;Bedford Gourmet;(914) 234-9409;NY;10506
3670;22211 W Interstate 10 ;;;;;
3679;24165 W Interstate 10 Ste 437;San Antonio;Bourbon Street Seafood Kitchen;(210) 698-9888;TX;78257
3835;15900 La Cantera Pkwy;San Antonio;The Cheesecake Factory;(210) 558-1900;TX;78256
3838;15900 La Cantera Pkwy;San Antonio;Perry's Restaurant;(210) 558-6161;TX;78256
3841;16641 La Cantera Pkwy;San Antonio;La Cantera Hill Country Resort;(210) 558-2442;TX;78256
3902;3149 Ocean Dr;Vero Beach;Cravings;(772) 231-0208;FL;32963
3929;1840 Wabasso Beach Rd;Vero Beach;Penny Hill Beach Emporium;(772) 581-0700;FL;32963
4107;309 Gray St ;;;;;
4131;801 Louisiana St ;;;;;
4196;1910 Bagby St;Houston;The Republic Smokehouse and saloon;(832) 925-8865;TX;77002
4252;218 Gray St;Houston;Coco's Crepes & Coffee;(713) 521-0700;TX;77002
4287;11111 N Central Expy Suite G;Dallas;Cindi's NY Deli Bakery & Restaurant;(214) 739-0918;TX;75243
4321;8687 N Central Expy;Dallas;Breadwinners Cafe & Bakery;(469) 232-9798;TX;75225
4355;8687 N Central Expy;Dallas;Pho Kitchen;(214) 706-3595;TX;75225
4361;8307 Westchester Dr;Dallas;Salata Restaurant;(214) 363-6991;TX;75225
4373;8687 N Central Expy;Dallas;La Duni Latin Kitchen & Coffee;(214) 987-2260;TX;75225
4429;6030 Luther Ln;Dallas;Hopdoddy Burger Bar;(214) 363-2337;TX;75225
4440;8687 N Central Expy;Dallas;Chipotle Mexican Grill;(214) 615-3887;TX;75225
4449;3393 Peachtree Rd NE;Atlanta;Zodiac Restaurant;(404) 266-8200;GA;30326
4459;3500 Peachtree Rd NE Ste G2;Atlanta;Mandarin Express;(404) 233-0600;GA;30326
4463;3400 Around Lenox Rd NE;Atlanta;Seven Lamps;(404) 467-8950;GA;30326
4467;3379 Peachtree Rd NE Ste 555;Atlanta;Meliora Organic Restaurant;(404) 965-0879;GA;30326
4468;3368 Peachtree Rd NE;Atlanta;Maggiano's - Buckhead;(404) 816-9650;GA;30326
4494;3393 Peachtree Rd NE Suite 3076A;Atlanta;The Cheesecake Factory;(404) 816-2555;GA;30326
4500;3434 Peachtree Rd NE , N E;Atlanta;The Cafe;(404) 240-7035;GA;30326
4501;3455 Peachtree Rd NE Ste 150;Atlanta;Pinnacle Cafe;(404) 495-0241;GA;30326
4514;3393 Peachtree Rd NE Ste 4033;Atlanta;Corner Bakery Cafe;(404) 266-8282;GA;30326
4540;3393 Peachtree Rd NE;Atlanta;California Pizza Kitchen;(404) 262-9221;GA;30326
4543;3393 Peachtree Rd NE;Atlanta;True Food Kitchen;(404) 481-2980;GA;30326
4545;3340 Peachtree Rd NE;Atlanta;Cafe 100;(404) 266-2433;GA;30326
4551;3438 Peachtree Rd NE;Atlanta;Table One At Phipps Plaza;(404) 869-5535;GA;30326
4555;3500 Peachtree Rd NE ;;;;;
4563;3393 Peachtree Rd NE;Atlanta;NM Cafe;(404) 279-5850;GA;30326
4568;3393 Peachtree Rd NE;Atlanta;The Labarca;(404) 842-0365;GA;30326
4599;3393 Peachtree Rd NE;Atlanta;Meatball Bar & Moore;(404) 814-1700;GA;30326
4600;3342 Peachtree Rd NE;Atlanta;DoubleTree by Hilton Hotel Atlanta - Buckhead;(404) 231-1234;GA;30326
4601;3500 Peachtree Rd NE;Atlanta;Nestle Toll House Cafe;(678) 905-3434;GA;30326
4659;1524 Northern Blvd;Manhasset;Stresa Italian Restaurant;(516) 365-6956;NY;11030
4670;1661 Northern Blvd;Manhasset;Munsey Park Bagels;(516) 869-8077;NY;11030
4794;1410 Pine Ridge Rd;Naples;Sushi One;(239) 354-0101;FL;34108
4799;9110 Strada Pl Ste 6130;Naples;The Counter;(239) 566-0644;FL;34108
4838;1410 Pine Ridge Rd;Naples;Sushi One;(239) 354-0101;FL;34108
4861;12820 Tamiami Trl N;Naples;Trail Cafe & Grill;(239) 300-2015;FL;34110
4882;843 Vanderbilt Beach Rd;Naples;Skillets;(239) 597-5577;FL;34108
4914;1410 Pine Ridge Rd Ste 23;Naples;Five Guys Burgers & Fries;(239) 261-5603;FL;34108
4984;800 N Michigan Ave (Park Hyatt Hotel);Chicago;NoMI;(312) 239-4030;IL;60611
5042;535 N Michigan Ave Ste 208;Chicago;Bandera Restaurant;(312) 644-3524;IL;60611
5075;900 N Michigan Ave;Chicago;Oak Tree Restaurant;(312) 751-1988;IL;60611
5078;620 N Fairbanks Ct;Chicago;West Egg Cafe;(312) 280-8366;IL;60611
5147;600 N Michigan Ave;Chicago;The Cheesecake Factory;(312) 254-0631;IL;60611
5433;94 Spring St;South Salem;The Horse & Hound;(914) 763-3108;NY;10590
5451;470 Main St;Ridgefield;Yuan Asian Cuisine;(203) 431-7688;CT;6877
5452;62 Main St;New Canaan;Vicolo Pizza & Trattoria;(203) 966-4966;CT;6840
5543;3842 Kennett Pike;Wilmington;Brew Ha Ha!;(302) 658-6336;DE;19807
5581;1901 Delaware Ave;Wilmington;Southeast Kitchen;(302) 691-7728;DE;19806
5608;906 N Union St;Wilmington;Kozy Korner Restaurant;(302) 658-0812;DE;19805
5799;7807 Clayton Rd;Saint Louis;Choice Saint Louis;(314) 932-1230;MO;63105
5809;8396 Musick Memorial Dr.;Saint Louis;Mai Lee Restaurant;(314) 645-2835;MO;63144
5813;1600 S Lindbergh Blvd;Saint Louis;Schneithorsts Restaurant & Bar;(314) 993-4100;MO;63131
5816;8001 Forsyth Blvd;Saint Louis;First Watch Restaurant;(314) 863-7330;MO;63105
5865;95 King St;Chappaqua;Kira Asian Bistro;(914) 861-2727;NY;10514
5873;10 S Greeley Ave;Chappaqua;Chappaqua Restaurant & Cafe;(914) 238-3869;NY;10514
5909;27 S Greeley Ave;Chappaqua;Jrr S Deli Inc;(914) 238-7153;NY;10514
5915;95 King St;Chappaqua;Le Jardin Du Roi;(914) 238-1368;NY;10514
5927;95 King St Ste 2;Chappaqua;Bagel Emporium Of Chappaque;(914) 238-9777;NY;10514
6095;655 Forest Ave;Lake Forest;Market House on the Square;(847) 234-8800;IL;60045
6174;28 E Center Ave Ste LL;Lake Bluff;Inovasi;(847) 295-1000;IL;60044
6214;303 Waukegan Rd;Lake Bluff;Noodles & Company;(847) 482-1680;IL;60044
10154;1 Central Ave S;Saint Stephen;Trobec's Bar & Grill;(320) 251-0946;MN;56375
