id;address;city;name;phone;state;zipcode
71;500 Lawrence Expy;Sunnyvale;Luv Pho Restaurant;(408) 733-8883;CA;94085
1702;1438 El Camino Real;Menlo Park;Gombei Japanese Restaurant;(650) 329-1799;CA;94025
192;2325 El Camino Real;Santa Clara;Dusita Thai Cuisine;(408) 247-5199;CA;95050
265;2232 El Camino Real;Santa Clara;Mayuri Indian Cuisine;(408) 248-9747;CA;95050
1810;925 El Camino Real;Menlo Park;Akasaka Sushi;(650) 325-0444;CA;94025
1473;443 Emerson St;Palo Alto;Jing-Jing Szechwan Hunan Gourmet;(650) 328-6885;CA;94301
141;;;;;;
76;511 Borregas Ave;Sunnyvale;Seto Restaurant;(408) 735-8280;CA;94085
3;911 E Duane Ave;Sunnyvale;Obed Mediterranean Cuisine;(408) 685-2269;CA;94085
1729;1328 El Camino Real;Menlo Park;Naomi Sushi;(650) 321-6902;CA;94025
1417;211 El Camino Real;Menlo Park;Koma Sushi Restaurant;(650) 321-5662;CA;94025
39;146 W El Camino Real;Sunnyvale;The Habit Burger Grill;(408) 774-9015;CA;94087
1081;855 El Camino Real Ste 162;Palo Alto;Tava Indian Kitchen;(650) 321-8282;CA;94301
339;3380 El Camino Real;Santa Clara;El Camino Mongolian BBQ;(408) 241-2413;CA;95051
1719;700 El Camino Real;Menlo Park;MP Mongolian BBQ;(650) 853-1118;CA;94025
1742;3001 El Camino Real;Redwood City;Chantilly Restaurant;(650) 321-4080;CA;94061
1354;366 El Camino Real;San Carlos;Sirayvah Organic Thai;(650) 637-1500;CA;94070
224;3275 Stevens Creek Blvd;San Jose;Yeganeh Bakery & Kafe Unik;(408) 666-1229;CA;95117
1762;1077 El Camino Real;Menlo Park;Trellis Restaurant;(650) 326-9028;CA;94025
244;2110 El Camino Real;Santa Clara;China Stix Restaurant;(408) 244-1684;CA;95050
1714;1368 El Camino Real;Menlo Park;Fey Restaurant;(650) 324-8888;CA;94025
1754;3401 W El Camino Real;Atherton;Bonsai Japanese Cuisine;(650) 367-6547;CA;94027
1414;1368 El Camino Real;Menlo Park;Fey Restaurant;(650) 324-8888;CA;94025
299;1000 Lafayette St;Santa Clara;Hungry Hound;(408) 241-2756;CA;95050
1382;1438 El Camino Real;Menlo Park;Gombei Japanese Restaurant;(650) 329-1799;CA;94025
1520;855 El Camino Real Ste 162;Palo Alto;Tava Indian Kitchen;(650) 321-8282;CA;94301
777;825 El Camino Real;Redwood City;Bangkok Bay Thai Cuisine;(650) 365-5369;CA;94063
216;3014 El Camino Real;Santa Clara;Big Mug Coffee Roaster;(408) 816-7932;CA;95051
208;2219 The Alameda;Santa Clara;Ramen Taka;(408) 564-4467;CA;95050
1451;1077 El Camino Real;Menlo Park;Trellis Restaurant;(650) 326-9028;CA;94025
72;140 S Murphy Ave;Sunnyvale;Tarragon Restaurant;(408) 737-8003;CA;94086
738;3001 El Camino Real;Redwood City;Chantilly Restaurant;(650) 321-4080;CA;94061
615;977 E Hillsdale Blvd;Foster City;Corner Bakery Cafe;(650) 458-5511;CA;94404
530;1058B Shell Blvd;Foster City;Lotus Garden Restaurant;(650) 349-1151;CA;94404
574;1495 Beach Park Blvd;Foster City;Kenta Ramen;(650) 212-2883;CA;94404
587;973 E Hillsdale Blvd;Foster City;ABC Seafood Restaurant;(650) 328-2288;CA;94404
1308;2507 S El Camino Real;San Mateo;Oceanic Restaurant;(650) 570-4234;CA;94403
540;969 D Edgewater Blvd;Foster City;Waterfront;(650) 573-6634;CA;94404
814;1742 El Camino Real;Redwood City;Thai House Restaurant;(650) 299-9495;CA;94063
1211;1360 El Camino Real;Belmont;The Iron Gate;(650) 592-7893;CA;94002
681;980 Woodside Rd;Redwood City;Bravo Taqueria;(650) 364-3511;CA;94061
1402;1001 El Camino Real;Menlo Park;Applewood Pizza;(650) 324-3486;CA;94025
174;980 El Camino Real;Santa Clara;Euro Grill;(408) 244-9745;CA;95050
784;1280 El Camino Real;Redwood City;Taqueria El Grullense;(650) 368-3737;CA;94063
788;999 El Camino Real;Redwood City;Tacos el Grullense E&E;(650) 568-3242;CA;94063
803;2627 El Camino Real;Redwood City;Tacos El Camino;(650) 366-3630;CA;94061
2155;13998 Old El Camino Real;San Diego;Rancho El Camino Equestrian;(858) 792-8466;CA;92130
812;593 Woodside Rd;Redwood City;The Villa Roma Cocktail Lounge;(650) 365-5060;CA;94061
152;909 W El Camino Real;Sunnyvale;Thai Spoons;(408) 739-1798;CA;94087
739;1041 Middlefield Rd;Redwood City;Donato Enoteca;(650) 701-1000;CA;94063
813;2639 Broadway St;Redwood City;Erawan Thai Restaurant;(650) 556-9969;CA;94063
4315;7940 N Central Expy;Dallas;In-N-Out Burger;(800) 786-1000;TX;75206
744;2401 Middlefield Rd;Redwood City;El Grullense E & E;(650) 369-9013;CA;94063
770;909 Main St;Redwood City;The Patty Shack;(650) 364-1400;CA;94063
808;831 Middlefield Rd.;Redwood City;Pizza My Heart;(650) 361-1010;CA;94063
943;174 3rd Ave;San Mateo;San Mateo Prime;(650) 558-8918;CA;94401
999;173 E 4th Ave;San Mateo;Thai Satay Restaurant;(650) 342-6451;CA;94401
905;50 E 3rd Ave;San Mateo;Three Restaurant & Bar;(650) 344-9444;CA;94401
917;33 E 3rd Ave;San Mateo;Hotaru Japanese Restaurant;(650) 343-1152;CA;94401
926;428 E 3rd Ave;San Mateo;Fuji Sukiyaki;(650) 348-7810;CA;94401
904;215 E 3rd Ave;San Mateo;Little China Kitchen;(650) 348-3890;CA;94401
989;500 E 3rd Ave;San Mateo;Wing Fat Restaurant;(650) 344-0751;CA;94401
1251;41 W Hillsdale Blvd;San Mateo;The Counter - San Mateo;(650) 212-3200;CA;94403
877;147 E 3rd Ave;San Mateo;Vespucci Ristorante Italiano;(650) 685-6151;CA;94401
1003;173 E 4th Ave;San Mateo;Thai Satay Restaurant;(650) 342-6451;CA;94401
966;47 E 4th Ave;San Mateo;Kisaku Japanese Restaurant;(650) 347-4121;CA;94401
861;320 S B St;San Mateo;B Street & Vine;(650) 347-8463;CA;94401
987;236 S B St;San Mateo;B Street Station;(650) 348-8008;CA;94401
955;2 N B St;San Mateo;Melting Pot;(650) 342-6358;CA;94401
116;595 E El Camino Real;Sunnyvale;Olleh Sushi and Tofu House;(408) 830-0628;CA;94086
1109;473 University Ave;Palo Alto;Arte Ristorante;(650) 329-8300;CA;94301
1131;369 Lytton Ave;Palo Alto;Janta Indian Cuisine;(650) 462-5903;CA;94301
1248;3799 S El Camino Real Ave;San Mateo;Cuban Kitchen;(650) 753-1735;CA;94403
1343;1397 El Camino Real;Belmont;Sumac Mediterranean Grill;(650) 592-2107;CA;94002
1416;642 Ramona St;Palo Alto;Coconuts Caribbean Restaurant & Bar;(650) 329-9533;CA;94301
1037;367 University Ave;Palo Alto;Crepevine;(650) 323-3900;CA;94301
1330;1410 Old County Rd;Belmont;St. James Gate Pub & Restaurant;(650) 592-5923;CA;94002
1225;120 Harbor Blvd;Belmont;Taqueria El Metate;(650) 595-1110;CA;94002
1442;1225 El Camino Real;Menlo Park;Round Table Pizza;(650) 321-6861;CA;94025
1235;600 Ralston Ave;Belmont;China Village Seafood Restaurant;(650) 593-1831;CA;94002
1821;875 El Camino Real;Menlo Park;A Perfect Tan;(650) 322-9900;CA;94025
1363;1010 El Camino Real;Menlo Park;Cafe Borrone;(650) 327-0830;CA;94025
1390;100 El Camino Real;Menlo Park;Menlo Grill Bistro & Bar;(650) 330-2790;CA;94025
1202;968 Ralston Ave;Belmont;Divino;(650) 620-9102;CA;94002
1325;4060 S El Camino Real;San Mateo;The Skin Spa;(650) 458-7278;CA;94403
1708;1010 El Camino Real;Menlo Park;Cafe Borrone;(650) 327-0830;CA;94025
1197;135 El Camino Real;San Carlos;Kabul Afghan Cuisine;(650) 594-2840;CA;94070
1831;241 El Camino Real;Menlo Park;The Oasis;(650) 326-8896;CA;94025
1380;100 El Camino Real;Menlo Park;Stanford Park Hotel;(650) 322-1234;CA;94025
1481;1011 El Camino Real;Menlo Park;Menlo Pilates & Yoga;(408) 480-8977;CA;94025
245;2002 El Camino Real;Santa Clara;MOD Pizza;;CA;95050
1738;1001 El Camino Real;Menlo Park;Applewood Pizza;(650) 324-3486;CA;94025
2239;325 Sharon Park Dr;Menlo Park;El Cerrito Mexican Restaurant;(650) 854-7300;CA;94025
1743;1026 Alma St;Menlo Park;Iberia Restaurant;(650) 325-8981;CA;94025
283;2783 El Camino Real;Santa Clara;Shabuway Japanese Style Hot Pot;(408) 244-8500;CA;95051
1508;925 El Camino Real;Menlo Park;Akasaka Sushi;(650) 325-0444;CA;94025
1721;1137 Chestnut St;Menlo Park;Shiok Singapore Kitchen;(650) 838-9448;CA;94025
1827;820 Santa Cruz Ave;Menlo Park;Angelo Mio;(650) 323-3665;CA;94025
166;1177 W El Camino Real;Sunnyvale;Madras Cafe;(408) 737-2323;CA;94087
110;411 E El Camino Real;Sunnyvale;Katana Sushi & Sake;(408) 746-3000;CA;94087
1377;1189 Willow Rd;Menlo Park;Back A Yard Caribbean American Grill;(650) 323-4244;CA;94025
1758;620 Santa Cruz Ave;Menlo Park;Menlo Cafe;(650) 321-6666;CA;94025
1828;950 Santa Cruz Ave;Menlo Park;Menlo Park Presbyterian Church;(650) 323-8600;CA;94025
1705;651 Oak Grove Ave;Menlo Park;Piccolo Ristorante Italiano;(650) 326-1314;CA;94025
1736;859 Santa Cruz Ave;Menlo Park;Fleet Feet Sports Menlo Park;(650) 325-9432;CA;94025
1119;855 El Camino Real;Palo Alto;Nespresso Boutique at Sur La Table;(800) 562-1465;CA;94301
1463;620 Santa Cruz Ave;Menlo Park;Menlo Cafe;(650) 321-6666;CA;94025
1076;443 Emerson St;Palo Alto;Jing-Jing Szechwan Hunan Gourmet;(650) 328-6885;CA;94301
1732;1225 El Camino Real;Menlo Park;Round Table Pizza;(650) 321-6861;CA;94025
682;593 Woodside Rd;Redwood City;Diner Japonica;(650) 364-4649;CA;94061
1935;1901 Avenue of the Stars;Los Angeles;Century Grill;(310) 553-6650;CA;90067
2020;2000 Avenue of the Stars;Century City;Habanero Grill;(310) 277-4440;CA;90067
1949;10250 Santa Monica Blvd;Los Angeles;Coral Tree Express;(310) 553-8733;CA;90067
2454;9465 S Santa Monica Blvd;Beverly Hills;Basanti Tea Bar;(213) 379-9026;CA;90210
2543;10100 Constellation Blvd;Los Angeles;Craft;(310) 279-4180;CA;90067
1995;;;;;;
2528;;;;;;
1885;2000 Avenue of the Stars;Los Angeles;The Coffee Bean & Tea Leaf;(310) 286-2273;CA;90067
1873;10 W Century Dr;Los Angeles;Hinoki & The Bird;(310) 552-1200;CA;90067
1904;10250 Santa Monica Blvd FC 11;Los Angeles;Massis Kabob - The Original Kabobery;(310) 556-4400;CA;90067
1878;1888 Century Park E;Century City;Cafe Paraggi;(310) 284-8555;CA;90067
1913;;;;;;
2053;6027 Paseo Delicias;Rancho Santa Fe;Caffe Positano;(858) 759-1940;CA;92067
2063;5951 Linea Del Cielo;Rancho Santa Fe;The Inn at Rancho Santa Fe;(858) 756-1131;CA;92067
2109;160 S Rancho Santa Fe Rd;Encinitas;The Original Pancake House;(760) 943-1939;CA;92024
294;2789 El Camino Real;Santa Clara;Sushi O Sushi;(408) 241-1677;CA;95051
2161;13998 Old El Camino Real;San Diego;Rancho El Camino Equestrian;(858) 792-8466;CA;92130
1468;1328 El Camino Real;Menlo Park;Naomi Sushi;(650) 321-6902;CA;94025
93;110 E El Camino Real;Sunnyvale;Pizza My Heart;(408) 245-4100;CA;94087
2045;3702 Via De La Valle;Del Mar;Market;(858) 523-0007;CA;92014
2230;2825 Sand Hill Rd;Menlo Park;Madera;(650) 561-1540;CA;94025
1385;546 University Ave;Palo Alto;Tamarine Restaurant;(650) 325-8500;CA;94301
1422;1026 Alma St;Menlo Park;Iberia Restaurant;(650) 325-8981;CA;94025
1389;241 El Camino Real;Menlo Park;The Oasis;(650) 326-8896;CA;94025
1195;1504 El Camino Real;Belmont;Good Bites Cafe;(650) 592-4837;CA;94002
1144;209 University Ave;Palo Alto;Steam;(650) 322-1888;CA;94301
2427;9785 Santa Monica Blvd;Beverly Hills;La Dolce Vita;(310) 278-1845;CA;90210
2414;9601 Santa Monica Blvd;Beverly Hills;Panini Cafe Beverly Hills;(310) 247-8300;CA;90210
3508;9749 S Santa Monica Blvd;Beverly Hills;Da Pasquale Restaurant;(310) 859-3884;CA;90210
2494;439 N Beverly Dr;Beverly Hills;The Farm of Beverly Hills;(310) 273-5578;CA;90210
2498;419 N Beverly Dr;Beverly Hills;The Cheese Store of Beverly Hills;(310) 278-2855;CA;90210
2582;21157 Newport Coast Dr;Newport Coast;Newport Animal Hospital;(949) 200-6675;CA;92657
2594;3840 E Coast Hwy;Corona Del Mar;Nagisa Sushi Restaurant;(949) 673-3933;CA;92625
2584;22651 Pelican Hill Rd;Newport Coast;Pelican Hill Golf Club;(855) 421-0443;CA;92657
2626;2325 E Coast Hwy;Corona del Mar;The Crow Bar and Kitchen;(949) 675-0070;CA;92625
2613;143 Newport Ctr Dr;Newport Beach;Red O;(949) 718-0300;CA;92660
2653;951 Newport Center Dr;Newport Beach;Cucina Enoteca Newport Beach;(949) 706-1416;CA;92660
2654;240 Newport Center Dr;Newport Beach;Wild Strawberry Cafe;(949) 706-0462;CA;92660
2651;3520 E Coast Hwy;Corona del Mar;El Cholo Corona del Mar;(949) 777-6137;CA;92625
2592;451 Newport Center Dr;Newport Beach;True Food Kitchen;(949) 644-2400;CA;92660
2754;34 Water St;New York;Pranzo;(212) 344-8068;NY;10004
902;144 E 3rd Ave;San Mateo;Rave Burger;(650) 342-6689;CA;94401
2798;52 Stone St;New York;Stone Street Tavern;(212) 785-5658;NY;10004
2768;27 Whitehall St;New York;Flavors;(212) 269-6100;NY;10004
2900;620 Anderson Hill Rd;Purchase;Cobble Stone;(914) 253-9678;NY;10577
3002;128 Mamaroneck Ave;White Plains;David King;(914) 948-9290;NY;10601
3081;1 S County Rd;Palm Beach;The Circle At The Breakers;(855) 435-5744;FL;33480
3097;1 S County Rd;Palm Beach;HMF at The Breakers;(561) 290-0104;FL;33480
3074;1 S County Rd;Palm Beach;The Seafood Bar;(561) 655-6611;FL;33480
3137;1 S County Rd;Palm Beach;The Breakers News & Gourmet;(561) 653-6370;FL;33480
3202;1 S County Rd;Palm Beach;The Breakers;(561) 655-6611;FL;33480
3091;132 N County Rd;Palm Beach;Chez Jean-Pierre;(561) 833-1171;FL;33480
3355;123 N Wacker Dr;Chicago;Sushi Sai;(312) 332-8822;IL;60606
4071;44 N Broadway St;Fellsmere;Marsh Landing Restaurant;(772) 571-8622;FL;32948
3301;312 W Adams St;Chicago;Hot Woks Cool Sushi;(312) 220-0011;IL;60606
3368;250 South Wacker Drive;Chicago;Panera Bread;(312) 496-0021;IL;60606
3271;122 S Canal St;Chicago;Arturo Express;(312) 474-9289;IL;60606
3441;2948 N Beverly Glen Cir;Los Angeles;Beverly Glen Deli;(310) 475-2719;CA;90077
1969;9907 1/2 S Santa Monica Blvd;Beverly Hills;Sunday Kitchen Pop-up Restaurant;(310) 553-1011;CA;90212
3552;1603 N Beverly Glen Blvd;Los Angeles;Glen Market;(310) 474-1272;CA;90077
3402;701 Stone Canyon Rd;Los Angeles;Wolfgang Puck At Hotel Bel-Air;(310) 472-1211;CA;90077
3511;12953 Ventura Blvd;Studio City;Iroha Sushi of Tokyo;(818) 990-9559;CA;91604
3571;454 Old Post Rd;Bedford;Ristorante Lucia;(914) 234-7600;NY;10506
3608;634 Old Post Rd;Bedford;Bedford Village Ortho Group;(914) 292-5154;NY;10506
3623;643 Old Post Rd;Bedford;Bedford Photo-Graphic;(914) 234-3123;NY;10506
3627;648 Old Post Rd;Bedford;Bedford Village Frame Shop;(914) 234-4811;NY;10506
3629;614 Old Post Rd;Bedford;Bedford Historical Society;(914) 234-9751;NY;10506
3611;460 Old Post Rd;Bedford;Bedford Pilates and Fitness Studio;(914) 234-4634;NY;10506
5347;635 Old Post Rd;Bedford;Bedford 234;(914) 234-5656;NY;10506
3794;;;;;;
3807;24165 IH 10 W;San Antonio;Bourbon Street Seafood Kitchen;(210) 698-9888;TX;78255
3887;16641 La Cantera Pkwy;San Antonio;The Resort Course at La Cantera;(210) 558-1307;TX;78256
3770;15900 La Cantera Pkwy;San Antonio;Mariposa Restaurant;(210) 694-3550;TX;78256
3828;15900 La Cantera Pkwy, Suite 6698;San Antonio;The Shops at La Cantera;(210) 582-6255;TX;78256
3934;3149 Ocean Dr;Vero Beach;Cravings;(772) 231-0208;FL;32963
4058;1840 Wabasso Beach Rd;Vero Beach;Penny Hill Beach Emporium;(772) 581-0700;FL;32963
4145;;;;;;
4162;;;;;;
4223;1910 Bagby St;Houston;The Republic Smokehouse & Saloon;(832) 925-8871;TX;77002
4129;218 Gray St;Houston;CoCo Crepes, Waffles & Coffee - Midtown;(713) 521-0700;TX;77002
4350;8687 N Central Expy;Dallas;Bread Winners Cafe and Bakery;(469) 232-9798;TX;75225
4331;8687 N Central Expy, Ste 1516;Dallas;La Duni Latin Kitchen & Coffee Studio;(214) 987-2260;TX;75225
4267;8307 Westchester Dr;Dallas;Salata;(214) 363-6991;TX;75225
4252;6030 Luther Ln;Dallas;Hopdoddy Burger Bar;(214) 363-2337;TX;75225
4302;7700 N Central Expy;Dallas;Chipotle Mexican Grill;(469) 232-0963;TX;75206
4473;3242 Peachtree Rd NE;Atlanta;Gordon Biersch Brewery Restaurant;(404) 264-0253;GA;30305
4469;3376 Peachtree Rd NE;Atlanta;Mandarin Oriental, Atlanta;(404) 995-7500;GA;30326
4422;3400 Around Lenox Rd;Atlanta;Seven Lamps;(404) 467-8950;GA;30326
4448;3500 Peachtree Rd NE;Atlanta;Twist Restaurant & Tapas Bar;(404) 869-1191;GA;30326
4549;3343 Peachtree Rd NE;Atlanta;City Club of Buckhead;(404) 442-2600;GA;30326
4492;3376 Peachtree Rd NE, 3rd Fl;Atlanta;The Spa at Mandarin Oriental, Atlanta;(404) 995-7526;GA;30326
4499;3455 Peachtree Rd NE;Atlanta;The Pinnacle Cafe;(404) 495-0241;GA;30326
4504;3340 Peachtree Rd NE;Atlanta;Cafe 100;(404) 812-9300;GA;30326
4454;3353 Peachtree Rd NE;Atlanta;Highland Bakery;(678) 904-2146;GA;30326
4478;3393 Peachtree Rd NE;Atlanta;NM Cafe at Neiman Marcus;(404) 266-8200;GA;30326
4484;3393 Peachtree Rd NE;Atlanta;California Pizza Kitchen - Temp. CLOSED;(404) 262-9221;GA;30326
4424;3393 Peachtree Rd NE;Atlanta;True Food Kitchen;(404) 481-2980;GA;30326
4443;;;;;;
4573;3350 Peachtree Rd NE;Atlanta;Big Apple Cafe & Catering Group;(404) 841-1004;GA;30326
4460;3393 Peachtree Road NE;Atlanta;The Cheesecake Factory;(404) 816-2555;GA;30326
4440;3393 Peachtree Rd NE;Atlanta;Zinburger Wine & Burger Bar;(404) 963-9611;GA;30326
4467;3434 Peachtree Rd NE;Atlanta;The Cafe at the Ritz-Carlton Buckhead;(404) 237-2700;GA;30326
4597;1524 Northern Blvd;Manhasset;Stresa Italian Restaurant;(516) 365-6956;NY;11030
4638;1661 Northern Blvd;Manhasset;Munsey Park Bagels;(516) 869-8077;NY;11030
4877;1585 Pine Ridge Rd;Naples;Noodles Italian Cafe & Sushi Bar;(239) 592-0050;FL;34109
4779;9110 Strada Place;Naples;The Counter;(239) 566-0644;FL;34108
4808;1575 Pine Ridge Rd;Naples;Komoon Thai Sushi & Ceviche;(239) 596-9991;FL;34109
4861;1410 Pine Ridge Rd;Naples;Sushi One;(239) 354-0101;FL;34105
4766;9853 Tamiami Trl N;Naples;Greek Island Cafe;(239) 593-5196;FL;34108
4835;4951 Tamiami Trl N;Naples;Pelagos Cafe;(239) 263-2996;FL;34103
4778;847 Vanderbilt Beach Rd;Naples;Skillets;(239) 330-2515;FL;34108
4826;1410 Pine Ridge Rd;Naples;Five Guys Burgers and Fries;(239) 261-5603;FL;34109
5069;800 N Michigan Ave;Chicago;Nomi Lounge;(312) 239-4030;IL;60611
4951;535 N Michigan Ave;Chicago;Bandera Restaurant;(312) 644-3524;IL;60611
5035;676 N Michigan Ave;Chicago;676 Restaurant & Bar;(312) 944-7676;IL;60611
5046;620 N Fairbanks Ct;Chicago;West Egg Cafe;(312) 280-8366;IL;60611
5073;875 N Michigan Ave;Chicago;The Signature Room at the 95th;(312) 787-9596;IL;60611
5277;94 Spring St;South Salem;The Horse & Hound;(914) 763-3108;NY;10590
5285;470 Main St;Ridgefield;Yuan Asian Cuisine;(203) 431-7688;CT;6877
5342;62 Main St;New Canaan;Vicolo Pizza & Trattoria;(203) 966-4966;CT;6840
5444;3842 Kennett Pike;Greenville;Brew Ha Ha;(302) 658-6336;DE;19807
5452;1901 Delaware Ave;Wilmington;Southeast Kitchen;(302) 691-7728;DE;19806
5481;906 N Union St;Wilmington;Kozy Korner Restaurant;(302) 658-0812;DE;19805
5734;7807 Clayton Rd;Clayton;Choice Saint Louis;(314) 932-1230;MO;63105
5655;8396 Musick Memorial Dr;Saint Louis;Mai Lee;(314) 645-2835;MO;63144
5614;535 S Lindbergh Blvd;Saint Louis;Kreis Restaurant;(314) 993-0735;MO;63131
5671;8001 Forsyth Blvd.;Clayton;First Watch;(314) 863-7330;MO;63105
5785;95 King St;Chappaqua;Waka Asian Fusion;(914) 861-2727;NY;10514
5816;59 S Greeley Ave;Chappaqua;Chappaqua Paint and Hardware;(914) 861-2777;NY;10514
5873;114 S Greeley Ave;Chappaqua;Preferred Auto Service Inc.;(914) 238-4437;NY;10514
5781;95 King St;Chappaqua;Le Jardin Du Roi;(914) 238-1368;NY;10514
5794;95 King St;Chappaqua;Bagel Emporium Of Chappaqua;(914) 238-9777;NY;10514
5963;655 Forest Ave;Lake Forest;Market House On The Square;(847) 234-8800;IL;60045
5983;28 E Center Ave;Lake Bluff;Inovasi;(331) 303-0559;IL;60044
6052;303 S Waukegan Rd;Lake Bluff;Noodles & Company;(847) 482-1680;IL;60044
5704;1 N Central Ave;Saint Louis;Chipotle Mexican Grill;(314) 725-5650;MO;63105
