id;FirstAuthor;ISBN;ISBN13;PageCount;PublishDate;Publisher;SecondAuthor;ThirdAuthor;Title
2;Betty Boothroyd;712679480;9780712679480.0;384;November 1st 2002;Random House UK;;;Betty Boothroyd: Autobiography
66;Charles Darwin;;;511;;;;;On The Origin of Species Illustrated and Bundled with the Autobiography
67;Jon E. Lewis;1849017204;9781849017206.0;320;;;;;SAS: The Autobiography
98;Eugenia Price;385276184;9780385276184.0;174;March 1st 1982;Dial Press;;;The Burden Is Light: The Autobiography of a Transformed Pagan Who Took God at His Word
110;Andrew Carnegie;;;0;October 18th 2010;Halcyon Press Ltd.;;;The Autobiography of Andrew Carnegie
113;Teresa of vila;486475980;9780486475981.0;352;July 21st 2010;Dover Publications;;;Autobiography of St. Teresa of Avila
115;Mark Twain;1441778403;9781441778406.0;0;November 15th 2010;Blackstone Audiobooks;Harriet E. Smith;Grover Gardner;Autobiography of Mark Twain: The Complete and Authoritative Edition, Volume 1, Part 1
117;Charles Grandison Finney;764201565;9780764201561.0;230;May 1st 2006;Bethany House Publishers;Helen Wessel;;The Autobiography of Charles G. Finney: The Life Story of America's Great Evangelist-In His Own Words
121;Graham Roumieu;091639784X;9780916397845.0;44;March 1st 2003;Manic D Pres;;;In Me Own Words: The Autobiography of Bigfoot (Bigfoot 
122;Benjamin Franklin;1275666787;9781275666788.0;568;February 1st 2012;Gale Ecc;;;Benjamin Franklin: His Autobiography.
126;Mark Twain;;;202;;;;;Autobiography of Mark Twain: The Authentic, Original Version
130;Jon E. Lewis;1849010838;9781849010832.0;544;January 28th 2010;Robinson Publishing;;;Rome: The Autobiography: The rise and fall of the Roman empire by those who saw it.
164;Mark Twain;;;46;2009;bibliolife;;;"Mark Twain's Burlesque Autobiography; and, First Romance"
180;Ingrid Pitt;434007625;9780434007622.0;320;August 2nd 1999;William Heinemann;;;Life's a Scream: Autobiography of Ingrid Pitt
200;Pat Martino;1617130273;9781617130274.0;192;September 1st 2011;Backbeat Books;Bill Milkowski;;Here and Now!: The Autobiography of Pat Martino
209;George Best;91884705;9780091884703.0;384;August 1st 2002;Ebury Press;;;Blessed: The Autobiography
216;Peter Sallis;752881663;9780752881669.0;256;November 1st 2007;Orion Publishing;;;Fading into the Limelight: The Autobiography
231;Nina Simone;306813270;9780306813276.0;192;September 4th 2003;Da Capo Press;Stephen Cleary;;I Put a Spell on You: The Autobiography of Nina Simone
265;John C. Whitehead;465050549;9780465050543.0;304;June 1st 2005;Basic Books;;;A Life In Leadership: From D-Day to Ground Zero: An Autobiography
266;Herbert W. Armstrong;943093058;9780943093055.0;0;1986;Worldwide Church of God;;;Autobiography of Herbert W. Armstrong (2 Volume Set)
275;Adam Ant;283070277;9780283070273.0;336;September 15th 2006;Sidgwick & Jackson Ltd;;;Stand and Deliver: The Autobiography
284;Henri de Monfreid;883730065;9780883730065.0;287;January 28th 1973;Stonehill;;;"Hashish;: The autobiography of a Red Sea smuggler"
304;Mark Twain;1484003187;9781484003183.0;306;April 1st 2013;Createspace;;;Chapters from My Autobiography
306;Booker T. Washngton;1500889555;9781500889555.0;198;August 20th 2014;Createspace;;;Up from Slavery an Autobiography
315;Harry Redknapp;2188732;9780002188739.0;256;October 4th 1999;Willow;Derek McGovern;;'Arry: An Autobiography
343;Mary Harris Jones;;;169;July 2nd 2014;Mother Jones;;;The Autobiography of Mother Jones
353;Thomas Henry Huxley;;;138;1909;Houghton Mifflin;;;Autobiography and Selected Essays
382;Theodore Roosevelt;;;0;;General Press;;;The Autobiography of Theodore Roosevelt
385;Black Hawk;252723252;9780252723254.0;192;March 1st 1975;University of Illinois Press;Donald Jackson;;Black Hawk: AN AUTOBIOGRAPHY
392;Mark Twain;766161366;9780766161368.0;386;June 5th 2003;Kessinger Publishin;Albert Bigelow Paine;;Mark Twain's Autobiography, Part 1
397;Mark Twain;;;0;February 27th 2014;e-artnow;;;The Complete Works of Mark Twain: The Novels, short stories, essays and satires, travel writing, non-fiction, the complete letters, the complete speeches, and the autobiography of Mark Twain
398;Larry Rivers;1560253193;9781560253198.0;512;June 12th 2001;Da Capo Press;Arnold Weinstein;;What Did I Do?: The Unauthorized Autobiography of Larry Rivers
429;Jerry Spinelli;679887911;9780679887911.0;160;April 28th 1998;Ember;;;Knots in My Yo-Yo String: The Autobiography of a Kid
436;Saburo Sakai;553110357;9780553110357.0;0;;;Martin Caidin;Fred Saito;Samurai! The Autobiography of Japan's Bravest Fighter Ace
451;Swami Muktananda;911307818;9780911307818.0;368;January 1st 2000;Siddha Yoga Publications;Swami Chidvilasananda;Paul Muller-Ortega;Play of Consciousness: A Spiritual Autobiography
463;Anthony Trollope;;;0;September 1st 2014;Pearl Necklace Books;;;Anthony Trollope: An Autobiography
468;Granta: The Magazine of New Writing;140075674;9780140075670.0;256;May 1st 1999;Granta Books;Bill Buford;;Granta 14: Autobiography (Granta 
488;George Crook;806119829;9780806119823.0;368;April 15th 1986;University of Oklahoma Press;Martin F. Schmitt;;General George Crook: His Autobiography
506;Chris Crutcher;60502517;9780060502515.0;272;October 5th 2004;Greenwillow Books;;;King of the Mild Frontier: An Ill-Advised Autobiography
542;Graeme Swann;;;416;October 13th 2011;Hodder;;;Graeme Swann: The Breaks Are Off - My Autobiography: The Breaks Are Off - My Autobiography
544;Riccardo Muti;847837246;9780847837243.0;244;September 6th 2011;Rizzoli Ex Libris;Marco Grondona;;Riccardo Muti: An Autobiography: First the Music, Then the Words
547;Alice Hamilton;930350812;9780930350819.0;433;October 15th 1985;Northeastern University Press;;;Exploring the Dangerous Trades: The Autobiography of Alice Hamilton, M.D.
557;Xianyi Yang;9629960702;9789629960704.0;328;April 9th 2003;Chinese University Press;Yang Xianyi;;White Tiger: An Autobiography of Yang Xianyi
562;Earl W. Thomas;1861761562;9781861761569.0;0;;;;;The Autobiography Of A Seaman
584;Ping-Ying Hsieh;863580521;9780863580529.0;216;January 1st 1986;Rivers Oram Press;;;Autobiography of a Chinese Girl
592;Quincy Jones;767905105;9780767905107.0;432;October 8th 2002;Three Rivers Press (CA);;;Q: The Autobiography of Quincy Jones
595;Michael Smurfit;1781190127;9781781190128.0;330;April 4th 2014;Oak Tree Press (Ireland);;;A Life Worth Living: The Autobiography
602;William Hale White;192825941;9780192825940.0;228;January 10th 1991;Oxford University Pres;William S. Peterson;Mark Rutherford;The Autobiography Of Mark Rutherford: Dissenting Minister
611;Myrlie Evers-Williams;465021778;9780465021772.0;400;May 31st 2005;Basic Civitas Books;Manning Marable;;The Autobiography of Medgar Evers: A Hero's Life and Legacy Revealed Through his Writings, Letters, and Speeches
614;G.K. Chesterton;1586170716;9781586170714.0;336;April 30th 2006;Ignatius Press;Randall Paine;;The Autobiography of G. K. Chesterton
616;Robert Marion La Follette;299021947;9780299021948.0;366;November 15th 1960;University of Wisconsin Press;Allan Nevins;;La Follette's Autobiography: A Personal Narrative of Political Experiences
678;Blase Bonpane;1597096709;9781597096706.0;240;October 1st 2011;Red Hen Press;;;Imagine No Religion: The Autobiography of Blase Bonpane
680;Jon E. Lewis;1845299426;9781845299422.0;529;April 1st 2009;Robinson Publishing;;;London: The Autobiography
697;Cowper Powys John;158567821X;9781585678211.0;704;;Overlook Press;John Cowper Powys;;Autobiography
780;Charles Darwin;;;0;;General Press;;;The Autobiography of Charles Darwin From the Life and Letters of Charles Darwin
816;William C. Spengemann;300024738;9780300024739.0;0;;;;;Forms of Autobiography
823;Myles Horton;807737003;9780807737002.0;167;July 2nd 1997;Teachers College Press;Herbert R. Kohl;Judith Kohl;The Long Haul: An Autobiography
839;Teresa of Jesus;1783362480;9781783362486.0;372;June 4th 2013;Limovia.Net;;;The Life of St. Teresa of Jesus: Autobiography
845;Kate Adie;075531073X;9780755310739.0;438;June 1st 2003;Headline Book Publishing;;;The Kindness of Strangers: The Autobiography
855;Mark Twain;1441778411;9781441778413.0;0;November 15th 2010;Blackstone Audiobooks;Harriet E. Smith;Grover Gardner;Autobiography of Mark Twain: The Complete and Authoritative Edition, Volume 1, Part 2
889;D.M.X.;60934034;9780060934033.0;352;October 21st 2003;It Books;Smokey D. Fontaine;;E.A.R.L.: The Autobiography of DMX
968;Alma H. Bond;913559482;9780913559482.0;224;May 1st 1998;Birch Brook Press;;;Autobiography of Maria Callas
977;Jawaharlal Nehru;370313135;9780370313139.0;648;September 27th 1989;Bodley Head;;;An Autobiography: Toward Freedom
1007;Samuel Smiles;1430449322;9781430449324.0;468;January 1st 2007;Kessinger Publishing;;;The Autobiography of Samuel Smiles
1008;Leigh Hunt;1169907288;9781169907287.0;436;February 1st 2011;Kessinger Publishing;;;The Autobiography of Leigh Hunt
1010;Anthony Trollope;1594623198;9781594623196.0;336;August 29th 2006;Book Jungle;;;Autobiography of Anthony Trollope
1041;One Direction;7596391;9780007596393.0;0;September 25th 2014;HarperCollins Publishers Ltd;;;One Direction: Who We are: Our Official Autobiography
1047;Thomas Jefferson;;;0;;;;;Works of Thomas Jefferson. Including The Jefferson Bible, Autobiography and The Writings of Thomas Jefferson (Illustrated), with Notes on Virginia, Parliamentary ... more.
1049;Herbert Blau;9780472117;;302;June 8th 2011;University of Michigan Press;;;As If: An Autobiography
1066;Herbert Blau;472117785;9780472117789.0;302;June 8th 2011;University of Michigan Press;;;As If: An Autobiography
1108;Buffalo Bill Cody;1495370070;9781495370076.0;196;January 30th 2014;Createspace;;;Buffalo Bill Cody: An Autobiography
1152;Michael Cole;805854991;9780805854992.0;276;October 1st 2005;Lawrence Erlbaum Associates;Karl Levitin;Alexander R. Luria;The Autobiography of Alexander Luria: A Dialogue with the Making of Mind
1161;Herb Boyd;385492790;9780385492799.0;576;December 26th 2000;Anchor Books;;;Autobiography of a People: Three Centuries of African American History Told by Those Who Lived It
1175;Frank Lloyd Wright;764932438;9780764932434.0;561;January 1st 2005;Pomegranate Communications In;;;Frank Lloyd Wright: An Autobiography
1178;Benjamin Franklin;1596590459;9781596590458.0;0;June 6th 2006;Your Coach Digital;;;Wealth and Wisdom: The Way to Wealth and The Autobiography of Benjamin Franklin: Two Timeless American Classics That Still Speak to Us Today
1195;Kathleen Raine;807608777;9780807608777.0;0;;George Braziller;;;The Lion's Mouth: Concluding Chapters Of Autobiography
1210;Hutchins Hapgood;1497389526;9781497389526.0;224;March 19th 2014;Createspace;;;The Autobiography of a Thief
1226;Benjamin Franklin;1616405511;9781616405519.0;320;November 1st 2011;Cosimo Classics;;;The Autobiography of Benjamin Franklin Including Poor Richard's Almanac, and Familiar Letters
1235;John C. Holmes;;;192;February 7th 2012;BearManor Media;Laurie Holmes;;Porn King: The Autobiography of John C. Holmes
1236;S. Weir Mitchell;548563454;9780548563458.0;164;October 1st 2007;Kessinger Publishing;A.J. Keller;;The Autobiography of a Quack and the Case of George Dedlow (1900)
1237;Edwin Eastman;;;329;;;;;Seven and Nine years Among the Camanches and Apaches An Autobiography
1241;Booker T. Washington;;;133;;;;;Up from Slavery: an autobiography
1257;Joseph Bates;1883925444;9781883925444.0;318;2004;Andrews University Press;;;The Autobiography of Joseph Bates
1274;Harry Redknapp;91957575;9780091957575.0;432;October 1st 2013;Ebury Press;;;Always Managing: My Autobiography
1321;David Huddart;203306570;9780203306574.0;200;October 26th 2007;Routledge;;;Postcolonial Theory and Autobiography
1324;Mark Twain;;;760;;;;;Autobiography of Mark Twain: Ruminations on His Life and Times, in His Own Words, Volume 1
1358;Ian Thorpe;;;336;October 24th 2012;Simon & Schuster UK;;;This Is Me: The Autobiography
1373;Russell Means;312147619;9780312147617.0;624;November 15th 1996;St. Martin's Griffin;Marvin J. Wolf;;Where White Men Fear to Tread: The Autobiography of Russell Means
1375;Theodore Roosevelt;1604596198;9781604596199.0;696;January 4th 2009;Wilder Publications;;;Bully! Three Autobiographies by Theodore Roosevelt
1387;George Dewey;870210289;9780870210280.0;297;April 1st 1987;US Naval Institute Press;;;Autobiography of George Dewey, Admiral of the Navy
1388;Jim Tully;;;336;1924;Albert & Charles Boni;;;Beggars of Life: A Hobo Autobiography
1393;William L. Andrews;252060334;9780252060335.0;368;May 1st 1988;University of Illinois Press;;;To Tell a Free Story: The First Century of Afro-American Autobiography, 1760-1865
1396;St. Therese of Lisieux;1497412226;;184;March 21st 2014;CreateSpace Independent Publishing Platform;Catholic Book Club;;The Story of a Soul: The Autobiography of St. Therese of Lisieux (annotated)
1456;Alec Douglas-Home Home of the Hirsel;2119978;9780002119979.0;320;;Not Avail;;;The Way The Wind Blows: An Autobiography
1461;H.R. Jakes;9781480814;;268;March 11th 2015;Archway Publishing;;;The Curious Autobiography of Elaine Jakes
1502;Vincent Katz;8881588404;9788881588404.0;173;September 30th 2012;Charta;Alex Katz;;Invented Symbols: An Art Autobiography
1505;Usain Bolt;7371411;9780007371419.0;320;September 12th 2013;HarperSport;;;Faster than Lightning: My Autobiography
1512;Evelyn Stefansson Nef;966505174;9780966505177.0;320;March 13th 2003;Francis Press;;;Finding My Way: Autobiography of an Optimist
1543;Laurence Olivier;140068880;9780140068887.0;36;January 3rd 1984;Penguin Books;;;Confessions of an Actor: An Autobiography
1544;William Henry Hudson;1443733849;9781443733847.0;314;November 4th 2008;Pomona Press;;;Far Away and Long Ago - Autobiography of His Youth
1554;Robert Maiorano;983687803;9780983687801.0;174;November 1st 2011;Aperture Press;;;Worlds Apart: The Autobiography of a Dancer from Brooklyn
1558;David J. Carlson;252072669;9780252072666.0;232;November 22nd 2005;University of Illinois Press;;;Sovereign Selves: American Indian Autobiography and the Law
1563;Booker T. Washington;;;511;Feb-65;Avon Books;W.E.B. Du Bois;James Weldon Johnson;"Three Negro Classics (Up From Slavery; The Souls of Black Folk; The Autobiography of an Ex-Colored Man)"
1567;Frank O'Connor;141187913;9780141187914.0;0;July 7th 2005;Penguin Classics;Declan Kiberd;;An Only Child And My Father's Son: An Autobiography (Autobiography of Frank O'Connor 
1581;Jon E. Lewis;;;284;March 1st 2012;Robinson;;;Rome: The Autobiography
1646;Amelia E. Barr;781258634;9780781258630.0;0;March 1st 1993;Reprint Services Corporation;;;All the Days of My Life: An Autobiography
1662;Charles H. Spurgeon;1146755325;9781146755320.0;390;March 7th 2010;Nabu Press;Susannah Spurgeon;Joseph Harrald;The Autobiography of Charles H. Spurgeon: 1854-1860
1663;William Henry Jackson;1880397080;9781880397084.0;347;November 28th 1994;Patrice Press;;;Time Exposure: The Autobiography of William Henry Jackson
1668;Ezekiel Mphahlele;869752375;9780869752371.0;260;December 31st 1984;Ravan Press;Eskia Mphahlele;;Afrika My Music: An Autobiography, 1957-1983
1678;Mark Twain;1113779543;9781113779540.0;158;September 22nd 2009;BiblioLife;;;Is Shakespeare Dead? from My Autobiography
1759;George Woodcock;155005192X;9781550051926.0;331;November 18th 2010;Fitzhenry & Whiteside;;;Letter to the Past: An Autobiography
1760;Ron Moody;1907532110;9781907532115.0;264;September 1st 2010;Aurum;;;A Still Untitled, (Not Quite) Autobiography
1762;Herbert Spencer;;;0;;;;;An Autobiography, Vols 1-2
1764;Theodore Roosevelt IV;1495955168;9781495955167.0;216;February 15th 2014;Createspace;;;An Autobiography of Theodore Roosevelt
1787;David  Rees;1870188195;9781870188197.0;257;December 31st 1992;Third House;;;Not For Your Hands: An Autobiography
1800;Anne Halkett;1141373211;9781141373215.0;158;January 10th 2010;Nabu Press;;;The Autobiography of Anne Lady Halkett
1807;Mazo de la Roche;855948116;9780855948115.0;0;;;;;Ringing The Changes: An Autobiography
1828;Diego Maradona;;;328;April 1st 2013;Skyhorse Publishing;Mark Weinstein;;Maradona: The Autobiography of Soccer's Greatest and Most Controversial Star
1849;Lady Gregory;1103857142;9781103857142.0;336;April 10th 2009;BiblioLife;;;Our Irish Theatre: A Chapter of Autobiography
1870;David Alliance;1849541922;9781849541923.0;448;June 2nd 2015;The Robson Press;;;A Bazaar Life: The Autobiography of David Alliance
1913;Lynn C. Miller;299184242;9780299184247.0;344;September 10th 2003;University of Wisconsin Press;Jacqueline Taylor;;Voices Made Flesh: Performing Women'S Autobiography
1916;William L. Andrews;130198455;9780130198457.0;231;October 19th 1992;Longman Publishing Group;;;African-American Autobiography: A Collection of Critical Essays
1926;Benjamin Franklin;;;0;;;John Woolman;William Penn;"Harvard Classics Volume 1: The Autobiography of Benjamin Franklin; The Journal of John Woolman; Some Fruits of Solitude"
1930;John Stuart Mill;;;434;;Bantam;;;Essential Works of John Stuart Mill: Utilitarianism/Autobiography/On Liberty/The Utility of Religion
1933;Nasir al-Din Tusi;1860645232;9781860645235.0;128;December 3rd 1999;I. B. Tauris;;;Contemplation and Action: The Spiritual Autobiography of a Muslim Scholar: Nasir al-Din Tusi
1939;Martin Kemp;752832646;9780752832647.0;276;Mar-00;Orion;;;True: The Autobiography of Martin Kemp
1974;Conway Moncure Daniel;5518952716;9785518952713.0;504;January 1st 2014;Book on Demand Ltd.;;;Autobiography
1977;Amanda Smith;1445543931;9781445543932.0;558;March 26th 2010;Vintage Cookery Books;;;An Autobiography
1982;Martineau Harriet Peterson Linda H;1460403142;9781460403143.0;745;May 14th 2014;Not Avail;;;Autobiography
1994;Hawk Black Hawk;1409983021;9781409983026.0;172;December 4th 2009;Dodo Press;;;"Autobiography of Ma-Ka-Tai-Me-She-Kia-Kiak; Or, Black Hawk (Dodo Press)"
2022;Chuck Berry;571207545;9780571207541.0;0;June 1st 2001;Faber & Faber;;;Chuck Berry: The Autobiography
2034;Unknown Author 440;;;0;1978;Personal Christianity;;;Maranatha Man: An Autobiography
2036;Chris J. Berry;1452022844;9781452022840.0;0;July 20th 2010;Authorhouse;;;Sixty Psychic Years: Autobiography
2042;Daniel B. Shea;299116506;9780299116507.0;290;March 1st 1988;University of Wisconsin Press;;;Spiritual Autobiography in Early America
2059;Booker T. Washington;;;202;July 28th 2015;Chios Classics;;;Up From Slavery: An Autobiography
2066;Jeanne Marie Bouvier de la Motte Guyon;1595479260;9781595479266.0;212;March 20th 2007;Nuvision Publications;;;Autobiography of Madame Guyon
2070;John Howard Swanson;964694603;9780964694606.0;338;September 1st 1995;Vitality Pubns;Laurel O. Cook;;Confessions of an Art Dealer: An Autobiography
2081;Booker T. Washington;;;202;July 28th 2015;Chios Classics;;;Up From Slavery: An Autobiography
2096;Bill Bruford;;;353;March 1st 2009;Jawbone Press;;;Bill Bruford: The Autobiography
2110;Ida B. Wells-Barnett;226893448;9780226893440.0;466;July 23rd 1991;University Of Chicago Press;Ada B. Wells;Alfreda M. Duster;Crusade for Justice: The Autobiography of Ida B. Wells
2121;Mark Twain;520272781;9780520272781.0;776;October 5th 2013;University of California Press;Benjamin Griffin;Harriet E. Smith;Autobiography of Mark Twain, Volume 2: The Complete and Authoritative Edition
2127;Anthony Trollope;;;368;October 9th 2014;OUP Oxford;Nicholas Shrimpton;;An Autobiography: and Other Writings
2162;Sandy Lyle;755314727;9780755314720.0;320;May 31st 2007;Headline Book Publishing;Robert Philip;Seve Ballesteros;To the Fairway Born: The Autobiography
2167;Andrew Taylor Still;1145986773;;500;February 26th 2010;Nabu Press;;;Autobiography of Andrew T. Still
2185;Margot Asquith;;;255;1936;Penguin;;;The Autobiography of Margot Asquith. Volume One
2187;Stephen Fry;375502645;9780375502644.0;366;May 25th 1999;Random House;;;Moab Is My Washpot: An Autobiography (Memoir 
2197;Mark Twain;;;311;December 7th 2014;Original Classics;Albert Bigelow Paine;;Autobiography of Mark Twain [ Volume 2 ]
2218;Brian Epstein;876501692;9780876501696.0;0;;Pierian Press;;;A Cellarful of Noise: The Autobiography of the Man Who Made the Beatles
2232;William Starbuck Mayo;217228488;9780217228480.0;300;January 11th 2012;General Books;;;"Kaloolah; Or, Journeyings to the Djebel Kumri: An Autobiography of Jonathan Romer"
2252;Frank Lampard;7214723;9780007214723.0;384;August 1st 2006;HarperCollins UK;;;Totally Frank: The Autobiography of Frank Lampard
2254;Jeannette L. Gilder;;;0;;New York : Doubleda;;;The autobiography of a tomboy
2257;William Dudley Foulke;1445555506;9781445555508.0;260;March 31st 2010;Fork. Press;;;A Hoosier Autobiography
2278;Donald Fraser;083715653X;9780837156538.0;209;June 1st 1980;Greenwood Pub Group;;;Autobiography of an African
2293;Warren Holden;1146029640;9781146029643.0;60;February 28th 2010;Nabu Press;;;Autobiography of Love
2325;William Lawrence;1847340687;9781847340689.0;264;June 20th 2006;Naval & Military Press;George Nugent-Bankes;;Autobiography of Sergeant William Lawrence. a Hero of the Peninsular and Waterloo Campaigns.
2356;William A. Bishop;75510243;9780075510246.0;0;1990;McGraw Hill Ryerson;;;Winged Warfare (The Illustrated Classic Autobiography Of Canadian World War I Ace Billy Bishop)
2360;Ralph David Abernathy;1569762791;9781569762790.0;672;April 1st 2010;Chicago Review Press;;;And the Walls Came Tumbling Down: An Autobiography
2366;Anna Sewell;;;0;;London : Jarrold and Sons;;;"Black Beauty: his grooms and companions ; the autobiography of a horse"
2373;Charles R. Knight;966010671;9780966010671.0;128;August 1st 2005;G.T. Labs;Mark Schultz;;Autobiography of an Artist: Charles R. Knight (Introductions by Ray Bradbury & Ray Harryhausen)
2374;Mark Twain;;;271;;;;;Mark Twain's Autobiography: Volume 2
2379;Theodor Reik;1446528537;9781446528532.0;508;January 10th 2011;Grierson Press;;;Fragment of a Great Confession - A Psychoanalytic Autobiography
2391;S. Donald Stookey;916094693;9780916094690.0;64;January 1st 1985;American Ceramic Society;;;Journey to the center of the crystal ball: An autobiography
2401;Booker T. Washington;;;233;October 8th 2013;Heraklion Press;;;An Autobiography: The Story of My Life and Work
2408;James R. Wright;1440177600;9781440177606.0;188;October 28th 2009;iUniverse;;;FBI: Fidelity, Bravery, Integrity: An Autobiography
2412;Henry Bessemer;901462497;9780901462497.0;0;;;;;Sir Henry Bessemer F.R.S.: An Autobiography
2419;Rosemary Radford Ruether;;;213;October 20th 2013;Cascade Book;Renny Golden;;My Quests for Hope and Meaning: An Autobiography
2440;Arnold Brecht;691075271;9780691075273.0;544;January 1st 1970;Princeton University Press;;;The Political Education of Arnold Brecht: An Autobiography, 1884-1970
2445;Raja Sharma;;;0;;;;;The Autobiography of Benjamin Franklin-Complete Summary & Analysis
2448;Elizabeth Klarer;;;200;June 1st 2009;Light Technology Publishing;;;Beyond the Light Barrier: The Autobiography of Elizabeth Klarer
2460;Clark Terry;520268466;9780520268463.0;368;November 8th 2011;University of California Press;Gwen Terry;Quincy Jones;Clark: The Autobiography of Clark Terry
2466;James R. Mancham;1557788871;9781557788870.0;350;September 1st 2009;Paragon House;;;Seychelles Global Citizen: The Autobiography of the Founding President
2478;Frank Sanello;1477581723;9781477581728.0;252;June 1st 2012;Createspace;;;The Autobiography of Frau Adolf Hitler: Translated and Edited by Frank Sanello
2482;William F. Milliken;837613485;9780837613482.0;683;May 1st 2007;Bentley Publishers;;;Equations of Motion: Adventure, Risk, and Innovation: The Engineering Autobiography of William F. Milliken
2498;Hsieh Ping-Ying;710310412;9780710310415.0;216;October 27th 2010;Routledge;Hsieh Ping-Ying;;The Autobiography of a Chinese Girl: A Genuine Autobiography
2509;Dnal g Cusack;;;304;;;;;Come What May: The Autobiography
2519;Antonin Raymond;804810443;9780804810449.0;328;1973;Tuttle Publishing;;;Antonin Raymond: An Autobiography
2553;Benjamin Franklin;;;293;1959;Rinehart & Co;Dixon Wecter;Larzer Ziff;Autobiography and Selected Writings
2584;Vidal Sassoon;230746896;9780230746893.0;360;February 24th 2011;Pan Macmillan;;;Vidal: The Autobiography
2632;Marion Harland;1142608824;9781142608828.0;522;January 12th 2010;Nabu Press;;;Autobiography: The Story of a Long Life
2635;Anna Cora Ogden;217686702;9780217686709.0;449;2009;General Books LLC;;;Autobiography of an Actress (1854)
2658;Dick Francis;1405916834;9781405916837.0;256;;;;;The Sport of Queens: An Autobiography
2671;Herbert Spencer;1417970324;9781417970322.0;564;January 1st 2005;Kessinger Publishing;;;An Autobiography, Part 2
2712;Marion Harland;1142608824;9781142608828.0;522;January 12th 2010;Nabu Press;;;Autobiography: The Story of a Long Life
2733;Stephen  Brennan;1620873648;9781620873649.0;448;January 2nd 2013;Skyhorse Publishing;;;An Autobiography of Jack London
2735;Greg Wallace;1409139212;9781409139218.0;320;February 1st 2014;Orion Publishing;;;Life on a Plate: The Autobiography
2763;Booker T. Washington;554361167;9780554361161.0;224;August 18th 2008;BiblioLife;;;Up from Slavery: An Autobiography
2764;Natalie M. Rosinsky;756535255;9780756535254.0;64;January 1st 2008;Compass Point Books;;;Write Your Own Autobiography
2809;Oliver St. John Gogarty;837138140;9780837138145.0;256;October 14th 1970;Greenwood Press;;;It Isn't This Time of Year at All: An Unpremeditated Autobiography
2827;Franklin L. Kury;1611460735;9781611460735.0;274;September 15th 2011;Lehigh University Press;;;Clean Politics, Clean Streams: A Legislative Autobiography and Reflections
2847;John G Paton;1848712766;9781848712768.0;538;June 1st 2013;Banner of Truth;;;John G. Paton - The Autobiography of the Pioneer Missionary to the New Hebrides (Vanuatu)
2910;Gardner Lindzey;1591477964;9781591477969.0;354;March 1st 2007;American Psychological Association (APA);;;A History of Psychology in Autobiography: Volume IX
2915;Margot Asquith;;;253;1936;Penguin;;;The Autobiography of Margot Asquith. Volume Two
2940;Roy Horniman;;;419;August 26th 2014;D.J. Natelson;D.J. Natelson;;Israel Rank: The Autobiography of a Criminal
2950;Michael Hotz;156858248X;9781568582481.0;272;April 13th 2003;Da Capo Press;;;Holding the Lotus to the Rock: The Autobiography of Sokei-an, America's First Zen Master
3019;Benjamin Franklin;1164302299;9781164302292.0;262;September 10th 2010;Kessinger Publishing;;;Life of Benjamin Franklin on the Basis of His Autobiography (1851)
3024;Benjamin Franklin;1883011531;9781883011536.0;816;October 6th 2005;Library of America;J.A. Leo Lemay;;Autobiography, Poor Richard, and Later Writings (Library of America: Benjamin Franklin #2)
3065;Mark Twain;;;704;October 2nd 1990;Gramercy;;;Mark Twain: Selected Works, Deluxe Edition (Burlesque Autobiography/the Prince)
3077;Sue Johnston;91938899;9780091938895.0;352;September 1st 2011;Ebury Press;;;Things I Couldn't Tell My Mother: My Autobiography
3079;David Shields;743225783;9780743225786.0;192;April 23rd 2002;Simon & Schuster;;;Enough about You: Adventures in Autobiography
3083;Ali MacGraw;553072706;9780553072709.0;16;April 1st 1991;Bantam;;;Moving Pictures: An Autobiography
3101;Irving Stone;451162463;9780451162465.0;480;April 1st 1969;Signet;;;Dear Theo: The Autobiography of Vincent Van Gogh
3118;James D. Corrothers;836988841;9780836988840.0;238;;Books for Libraries;;;In Spite of the Handicap: An Autobiography
3121;Unknown Author 416;1558181423;9781558181427.0;0;November 1st 2001;Holmes Pub Grou Llc;;;The Autobiography Of Denis Zachaire
3129;Unknown Author 193;140032126;9780140032123.0;0;;;;;Light On A Dark Horse - An Autobiography
3146;J P Wearing;1595809880;9781595809889.0;0;April 1st 2007;Santa Monica Press;;;The Shakespeare Diaries: A Fictional Autobiography
3161;Theodore Roosevelt;;;523;April 1st 2015;Chios Classics;;;Autobiography of Theodore Roosevelt
3165;George Iles;8132016939;9788132016939.0;244;;Tutis Digital Pub;;;19th Century Actor Autobiographies
3181;Louis Spohr;;;0;June 16th 2014;Project Gutenberg;;;Louis Spohr Autobiography
3186;William Hale White;1458709345;9781458709349.0;0;January 1st 2006;ReadHowYouWant;;;The Autobiography of Mark Rutherford
3189;Howard Thurman;015697648X;9780156976480.0;304;October 14th 1981;Mariner Books;;;With Head and Heart: The Autobiography of Howard Thurman
3198;Unknown Author 193;140032126;9780140032123.0;0;;;;;Light On A Dark Horse - An Autobiography
3227;Thomas Jefferson;;;115;December 14th 2009;Digireads.com;;;The Autobiography of Thomas Jefferson
3235;George Iles;8132016939;9788132016939.0;244;;Tutis Digital Pub;;;19th Century Actor Autobiographies
3259;Frank B. Kellogg;;;0;;;;;The Autobiography of Frank B. Kellogg
3277;Tariq Ali;1844670295;9781844670291.0;403;May 17th 2005;Verso;;;Street-Fighting Years: An Autobiography of the Sixties
3280;W. E. Woodward;;;0;;;;;Gift of Life: An Autobiography
3282;John G. Fitch;871691132;9780871691132.0;0;;;;;The Autobiography Of John Fitch
3296;Thomas Jefferson;;;115;December 14th 2009;Digireads.com;;;The Autobiography of Thomas Jefferson
3331;Aldo Rossi;262680416;9780262680417.0;125;April 26th 1984;MIT Press (MA);;;A Scientific Autobiography
3334;Brian O'Driscoll;;;408;October 23rd 2014;Penguin Ireland;;;The Test: My Autobiography
3343;Brian O'Driscoll;;;0;October 2nd 2014;Penguin;;;The Autobiography
3346;Mike Ditka;933893078;9780933893078.0;0;May 31st 1982;Bonus Books;Don Pierson;;Ditka, An Autobiography
3356;Robert Graves;385093306;9780385093309.0;347;February 1st 1958;Anchor Books;;;Good-Bye to All That: An Autobiography
3365;Will Rogers;891903305;9780891903307.0;410;December 1st 1976;Amereon Limited;Donald Day;;The Autobiography of Will Rogers
3366;Fatima Massaquoi;230609589;9780230609587.0;300;November 19th 2013;Palgrave Macmillan;Konrad Tuchscherer;Vivian Seton;The Autobiography of an African Princess
3367;Johann Wolfgang von Goethe;1410207706;9781410207708.0;660;August 21st 2003;University Press of the Pacific;;;The Autobiography: Truth and Fiction Relating to My Life
3385;Charles H. Spurgeon;851511821;9780851511825.0;524;August 1st 1981;Banner of Truth;;;C. H. Spurgeon Autobiography Vol 2
3386;Margot Asquith;1409974995;9781409974994.0;324;April 1st 2009;Dodo Press;;;An Autobiography
3387;William L. Andrews;451529154;9780451529152.0;464;November 4th 2003;Signet;;;Classic American Autobiographies
3391;Benjamin Franklin;312404158;9780312404154.0;208;April 2nd 2003;Bedford/St. Martin's;Louis P. Masur;;The Autobiography of Benjamin Franklin: with Related Documents
3394;Tony Visconti;7229453;9780007229451.0;400;April 28th 2008;HarperCollins UK;Morrissey;;Tony Visconti: The Autobiography: Bowie, Bolan and the Brooklyn Boy
3399;Diana Frederics;814726356;9780814726358.0;282;June 1st 1995;New York University Press;Julie Abraham;;Diana: A Strange Autobiography
3415;Charlotte Perkins Gilman;299127443;9780299127442.0;394;February 15th 1991;University of Wisconsin Press;Ann J. Lane;Anne J. Lane;The Living of Charlotte Perkins Gilman: An Autobiography
3419;Mark Twain;520279948;9780520279940.0;792;;;Harriet E. Smith;Benjamin Griffin;Autobiography of Mark Twain, Volume 3: The Complete and Authoritative Edition
3443;David Hasselhoff;312371292;9780312371296.0;304;May 15th 2007;Thomas Dunne Books;Peter Thompson;;Don't Hassel the Hoff: The Autobiography
3446;Frederick Douglass;1453857613;9781453857618.0;0;;Timeless Classic Books;;;My Bondage and My Freedom: The Autobiography of Frederick Douglass (The Autobiographies 
3461;Alice A. Bailey;853301247;9780853301240.0;304;June 1st 1951;Lucis Press;;;The Unfinished Autobiography
3464;James Fenimore Cooper;1843911396;9781843911395.0;160;March 1st 2007;Hesperus Press;Ruth Scurr;;Autobiography of a Pocket Handkerchief
3498;Nikola Tesla;;;68;;;;;My Inventions: The Autobiography of Nikola Tesla
3507;Jon E. Lewis;762437359;9780762437351.0;578;October 13th 2009;Running Press;;;World War II: The Autobiography
3511;Charles H. Spurgeon;851510760;9780851510767.0;562;December 1st 1962;Banner of Truth;;;C. H. Spurgeon Autobiography: The Early Years, 1834-1859
3534;Fading Into The Limelight: The Autobiography;;;0;;;;;Fading Into The Limelight: The Autobiography
3538;Kevin Pietersen;751557552;9780751557558.0;320;December 1st 2014;Littl;;;Autobiography
3560;Alex  James;316027588;9780316027588.0;288;May 28th 2008;Littl;;;Bit of a Blur: The Autobiography
3566;Christopher Parkening;1414300468;9781414300467.0;304;May 22nd 2006;Tyndale House Publisher;Kathy Tyers;;Grace like a River: An Autobiography
3570;Sidonie Smith;816628831;9780816628834.0;320;January 2nd 2002;Univ Of Minnesota Press;Julia   Watson;;Reading Autobiography: A Guide for Interpreting Life Narratives
3588;Bertrand Russell;671203584;9780671203580.0;376;October 27th 1969;Littl;;;The Autobiography of Bertrand Russell 1914-44
3609;Shabkar Tsogdruk Rangdrol;1559391545;9781559391542.0;712;February 6th 2001;Snow Lion;Dalai Lama XIV;Dilgo Khyentse Rinpoche;The Life of Shabkar: Autobiography of a Tibetan Yogin
3615;Benjamin Franklin;140390529;9780140390520.0;304;January 7th 1986;Penguin Classics;Kenneth A. Silverman;;The Autobiography and Other Writings
3634;Michel Tournier;807070408;9780807070406.0;259;January 1st 1988;Beacon Press (MA);Arthur Goldhammer;;The Wind Spirit: An Autobiography
3639;Mortimer J. Adler;25004905;9780025004900.0;363;Jul-77;MacMillan Publishing Company (NYC);;;Philosopher at Large: An Intellectual Autobiography
3644;W. Somerset Maugham;014018595X;9780140185959.0;200;November 1st 1992;Penguin Classics;;;The Magician: Together with a Fragment of Autobiography
3666;David Essex;753540339;9780753540336.0;320;March 1st 2012;Virgin Books;;;Over the Moon: My Autobiography
3676;Mark Twain;;;24;;;;;Mark Twain's Burlesque Autobiography
3677;Randy Poe;1480330647;9781480330641.0;333;November 1st 2013;Backbeat Books;Buck Owens;;Buck 'Em!: The Autobiography of Buck Owens
3681;Kate Christensen;385536267;9780385536264.0;368;July 9th 2013;Doubleday;;;Blue Plate Special: An Autobiography of My Appetites
3688;Mark Twain;299234746;9780299234744.0;392;February 25th 2010;University of Wisconsin Press;Michael J. Kiskis;Sheila Leary;Mark Twain's Own Autobiography: The Chapters from the North American Review
3699;Mark Twain;;;0;;;;;Burlesque Autobiography & Diary Written in the Provincial Lunatic Asylum
3704;Robert Clary;1568332289;9781568332284.0;248;December 4th 2001;Madison Books;;;From the Holocaust to Hogan's Heroes: The Autobiography of Robert Clary
3716;Charles Kingsley;1402167849;9781402167843.0;355;November 30th 2005;Adamant Media Corporation;;;Alton Locke, Tailor and Poet: An Autobiography
3718;Benjamin Franklin;1932531688;9781932531688.0;266;October 15th 2005;Entrepreneur Press;Blaine McCormick;John C. Bogle;Ben Franklin: America's Original Entrepreneur, Franklin's Autobiography Adapted for Modern Times
3730;Harry Haywood;930720539;9780930720537.0;736;January 1st 1978;Univ Of Minnesota Press;;;Black Bolshevik: Autobiography of an Afro-American Communist
3738;Benjamin Franklin;1596985291;9781596985292.0;480;July 1st 2007;Regnery History;Mark Skousen;;The Compleated Autobiography 1757-1790
3743;Ulysses S. Grant;193494114X;9781934941140.0;436;;Red and Black Publishers;;;The Autobiography of General Ulysses S Grant: Memoirs of the Civil War
3747;Thomas Jefferson;486442896;9780486442891.0;112;June 3rd 2005;Dover Publications;;;Autobiography of Thomas Jefferson
3752;Charles Darwin;199208638;9780199208630.0;485;November 13th 2008;Oxford University Press;James A. Secord;;Evolutionary Writings: Including the Autobiographies (World's Classics)
3758;Charles Darwin;393310698;9780393310696.0;224;September 17th 1993;W.W. Norton & Company;Nora Barlow;;The Autobiography of Charles Darwin, 180982
3777;Charles H. Spurgeon;;;0;November 6th 2013;www.DelmarvaPublications.com;;;CHARLES SPURGEON - AN AUTOBIOGRAPHY
3784;David Shields;1940450640;9781940450643.0;160;June 9th 2015;"McSweeney's          ""]";Samantha Matthews;;That Thing You Do With Your Mouth: The Sexual Autobiography of Samantha Matthews as Told to David Shields
3796;Rudy Galindo;671003909;9780671003906.0;272;April 1st 1997;Atria;Eric Marcus;;Icebreaker the Autobiography of Rudy Galindo
3798;William H. Joiner Jr.;1500844888;9781500844882.0;134;August 14th 2014;CreateSpace Independent Publishing Platform;;;American Entrepreneur: An autobiography of William Henry Joiner, Jr.
3807;Charles William Eliot;766182088;9780766182080.0;424;January 1st 2004;Kessinger Publishing;Benjamin Franklin;John Woolman;The Harvard Classics - Autobiography of Benjamin Franklin, Journal of John Woolman, Fruits of Solitude
3825;Peter De La Billiere;6379834;9780006379836.0;480;August 7th 1995;HarperCollins Publishers Ltd.;;;Looking For Trouble: SAS To Gulf Command- The Autobiography
3836;Alfred Corn;670846023;9780670846023.0;128;December 1st 1992;Viking Adult;;;Autobiographies
3845;Virginia Foster Durr;817305173;9780817305178.0;380;June 30th 1990;Fire Ant Books;Hollinger F. Barnard;Studs Terkel;Outside the Magic Circle: The Autobiography of Virginia Foster Durr
3857;Bill Peet;395689821;9780395689820.0;192;March 28th 1994;HMH Books for Young Readers;;;Bill Peet: An Autobiography
3862;James Weldon Johnson;030680929X;9780306809293.0;440;January 14th 2000;Da Capo Press;Sondra K. Wilson;;Along This Way: The Autobiography of James Weldon Johnson
3867;Marcus Allen;312169248;9780312169244.0;352;August 15th 1997;"St. Martin's Press          ""]";Carlton Stowers;;Marcus: The Autobiography of Marcus Allen
3871;Lech Wasa;805006680;9780805006681.0;325;Nov-87;Henry Holt and Company;;;A Way of Hope: An Autobiography
3888;Gary Beadle;;;288;March 3rd 2014;John Blake;;;Gaz (And my Parsnip) - The Autobiography of Geordie Shore's Ultimate Lad
3901;Katie Price;1844541320;9781844541324.0;288;July 1st 2005;John Blake;;;Being Jordan: My Autobiography
3918;Nol Coward;413158306;9780413158307.0;526;June 1st 1987;Methuen Publishing;;;Noel Coward Autobiography (The Autobiography 
3942;Peter Cartwright;068702319X;9780687023196.0;349;March 1st 1986;Abingdon Press;Charles L. Wallis;;Autobiography of Peter Cartwright
3953;Dempsey J. Travis;;;400;November 19th 2013;Agate Bolden;;;An Autobiography of Black Chicago
