id;FirstAuthor;SecondAuthor;ThirdAuthor;ISBN13;PageCount;PublishDate;Publisher;Title
2541;Betty Boothroyd;;;9780099427049.0;434.0;10/28/02;Random House UK;Betty Boothroyd Autobiography
210;Charles Darwin;;;9781411429178.0;464.0;9/1/09;"Barnes &amp; Noble";The Autobiography of Charles Darwin (Barnes & Noble Library of Essential Reading)
644;Jon E. Lewis;;;9781780337500.0;480.0;3/1/12;Little, Brown Book Group;London: the Autobiography
406;Eugenia Price;;;9780307515599.0;188.0;2/24/10;Crown/Archetype;The Burden Is Light: A Spiritual Autobiography
2609;Andrew Carnegie;;;9781490572543.0;174.0;6/29/13;CreateSpace Independent Publishing Platform;Autobiography of Andrew Carnegie
3115;Andrew Carnegie;;;9781494715953.0;384.0;12/17/13;CreateSpace Independent Publishing Platform;Autobiography of Andrew Carnegie: Autobiography
63;St. Teresa of Avila;;;9780486475981.0;352.0;7/21/10;Dover Publications;Autobiography of St. Teresa of Avila
869;Teresa of Jesus;;;9781783360826.0;;1/13/14;limovia.net;The Life of St. Teresa of Jesus: Autobiography
220;Mark Twain;;;9781608427710.0;600.0;7/2/13;KRE;Autobiography of Mark Twain - 100th Anniversary Edition
938;Mark Twain;Grover Gardner;;9781504637169.0;;10/15/15;Blackstone Audio, Inc.;Autobiography of Mark Twain, Vol. 3
436;Charles G. Finney;;;9781441205469.0;240.0;5/1/06;Baker Publishing Group;The Autobiography of Charles G. Finney: The Life Story of America's Greatest Evangelist--In His Own Words
3552;Charles G. Finney;Revival Press;;9781517290627.0;382.0;9/9/15;CreateSpace Publishing;Charles G. Finney An Autobiography
376;;;;;;;;
265;Benjamin Franklin;Ben Franklin;Poor Richard;9781611043297.0;182.0;12/28/10;ReadaClassic.com;The Autobiography of Benjamin Franklin: In His Own Words, the Life of the Inventor, Philosopher, Satirist, Political Theorist, Statesman, and Diplomat
1960;Franklin Benjamin 1706-1790;;;9781313898133.0;270.0;1/28/13;HardPress Publishing;The Autobiography of Benjamin Franklin
2302;Benjamin Franklin;;;2940026646524.0;;;The Macmillan co.;Autobiography of Benjamin Franklin: With Introduction and Notes
250;Mark Twain;;;2940013663541.0;;1/16/12;WDS Publishing;Mark Twain's Autobiography VOL 1 & 2
755;Mark Twain;;;9781441778437.0;20.0;11/15/10;Blackstone Audio, Inc.;Autobiography of Mark Twain, Vol. 1: The Complete and Authoritative Edition
2889;Twain Mark;;;9781297300837.0;52.0;2/19/15;Scholar's Choice;Mark Twain's Burlesque Autobiography: First Romance - Scholar's Choice Edition
190;Jon E. Lewis;;;9781472107824.0;544.0;2/7/13;Little, Brown Book Group;Spitfire: The Autobiography
1147;Jon E. Lewis;;;9781459642973.0;454.0;7/2/12;ReadHowYouWant.com Pty Limited;Spitfire: The Autobiography: The Plane and the Men That Saved Britain in 1940 in Their Own Words (Large Print 16pt)
9;Mark Twain;;;9780520279940.0;792.0;10/15/15;University of California Press;Autobiography of Mark Twain, Volume 3: The Complete and Authoritative Edition
26;Mark Twain;;;9780520272781.0;776.0;10/5/13;University of California Press;Autobiography of Mark Twain, Volume 2: The Complete and Authoritative Edition
1470;Mark Twain;;;9782819913436.0;;12/2/10;pubOne.info;Is Shakespeare Dead? From my autobiography.
1880;Ingrid Pitt;;;9781446441503.0;304.0;1/25/11;Random House Adult Trade Publishing Group;Life's A Scream
514;Pat Martino;;;9781617130274.0;224.0;10/25/11;Hal Leonard Corporation;Here and Now!: The Autobiography of Pat Martino
104;Theodore TEDDY ROOSEVELT [Winner of the Nobel Prize] Nook Edition (Part I of the Best Presidents Series incl. George Washington;Abraham Lincoln) NOOKBook;;2940013017061.0;;12/19/12;Great American Presidents Biographies;THE GREATEST AMERICAN PRESIDENT: THE AUTOBIOGRAPHY OF THEODORE ROOSEVELT (Worldwide Bestseller)
741;Peter Sallis;;;9781782197454.0;288.0;4/1/14;John Blake Publishing, Limited;Summer Wine & Other Stories: My Autobiography
3036;Nina Simone;Stephen Cleary;;9780679410683.0;192.0;2/25/92;Knopf Doubleday Publishing Group;I Put a Spell on You: The Autobiography of Nina Simone
544;John C. Olin;Joseph (Trans. ) O'Callaghan;John (Ed.) Olin;9780823214808.0;113.0;10/5/93;Fordham University Press;The Autobiography of St. Ignatius Loyola / Edition 1
91;Herbert W. Armstrong;Philadelphia Church of God;;9781304501332.0;;12/5/13;Lulu.com;Autobiography of Herbert W. Armstrong - Volume 1
1699;Adam Ant;;;9780283070273.0;;4/30/07;Pan Macmillan;Stand and Deliver: The Autobiography
1678;Henri de Monfreid;;;9780883730065.0;287.0;1/1/73;Stonehill Publishing Company;Hashish: The Autobiography of a Red Sea Smuggler
537;Mark Twain;William Dean Howells;Albert Bigelow Paine;9788026804642.0;840.0;2/27/14;e-artnow Editions;The Mark Twain Autobiography + 3 Biographies: 4 Mark Twain Biographies In 1 Book: Chapters From My Autobiography By Mark Twain + My Mark Twain By William Dean Howells' + Mark Twain A Biography By Albert Bigelow Paine + The Boys' Life Of Mark Twain By Albe
1051;Mark Twain;;;2940011919084.0;;11/3/10;WHITE DOG PUBLISHING;A Burlesque Autobiography and, First Romance
1772;Mark Twain;;;9780766161375.0;376.0;6/28/03;Kessinger Publishing Company;Mark Twain's Autobiography, Volume 2
716;Booker T. Washington;;;9781300323471.0;;10/20/12;Lulu.com;Up from Slavery : An Autobiography (Illustrated)
224;Harry Redknapp;;;9781407060736.0;432.0;10/10/13;Ebury Publishing;Always Managing: My Autobiography
1089;Graham Jones as Told to Mary Alice Baker Ferguson;;;9781490850412.0;108.0;12/10/14;Nelson, Thomas, Inc.;God's Grace for Graham: An Autobiography
1792;Thomas Henry Huxley;;;9781406589436.0;144.0;2/15/08;Dodo Press;Autobiography And Selected Essays
746;Theodore Roosevelt;;;9781931082655.0;864.0;10/28/04;Library of America;The Rough Riders and An Autobiography
771;Black Hawk;;;9781602067615.0;160.0;10/15/07;Cosimo;The Autobiography Of Black Hawk
151;Mark Twain;;;9780520952447.0;440.0;3/26/12;University of California Press;Autobiography of Mark Twain: Volume 1, Reader's Edition
446;Mark Twain;;;2940011938245.0;;10/1/10;Baxter St.;Mark Twain's Autobiography
3325;Mark Twain;;;9780766161375.0;376.0;6/28/03;Kessinger Publishing Company;Mark Twain's Autobiography, Volume 2
3161;Larry Rivers;Arnold Weinstein;;9780060190071.0;498.0;10/1/92;HarperCollins Publishers;What Did I Do?: The Unauthorized Autobiography of Larry Rivers
8;Jerry Spinelli;;;9780679887911.0;160.0;6/28/12;Random House Children's Books;Knots in My Yo-yo String: The Autobiography of a Kid
278;Saburo Sakai;;;9781507795859.0;296.0;1/31/15;CreateSpace Publishing;Samurai!: The Autobiography of Japan's World War Two Flying Ace
512;Gurumayi Chidvilasananda;;;9780911307818.0;368.0;1/28/00;S Y D A Foundation;Play of Consciousness: A Spiritual Autobiography
1569;Anthony Trollope;;;9781297052828.0;272.0;2/16/15;Scholar's Choice;Autobiography of Anthony Trollope - Scholar's Choice Edition
475;;;;;;;;
3050;;;;;;;;
3167;;;;;;;;
774;George Crook;Martin F. Schmitt;;9780806119823.0;370.0;4/28/86;University of Oklahoma Press;General George Crook: His Autobiography
167;Chris Crutcher;;;9780060502515.0;272.0;10/5/04;HarperCollins Publishers;King of the Mild Frontier: An Ill-Advised Autobiography
2832;Graeme Swann;;;9781444727395.0;432.0;10/13/11;"Hodder &amp; Stoughton, Ltd.";Graeme Swann: The Breaks Are Off - My Autobiography
1085;Riccardo Muti;;;9780847837458.0;;9/6/11;Rizzoli;Riccardo Muti
574;Alice Hamilton;;;9781443721219.0;472.0;11/4/08;Miller Press;Exploring The Dangerous Trades - The Autobiography Of Alice Hamilton, M.D.
979;Yang Xianyi;;;9789629960704.0;328.0;4/9/03;Chinese University Press, The;White Tiger: An Autobiography of Yang Xianyi
1916;Thomas W. Henry;;;9780878056903.0;128.0;5/1/94;University Press of Mississippi;From Slavery to Salvation: The Autobiography of Rev. Thomas W. Henry of the A. M. E. Church
1568;Ping-Ying Hsieh;;;9780863580529.0;224.0;2/1/86;Rivers Oram Press/Pandora Press;Autobiography of a Chinese Girl
486;Quincy Jones;;;9780385504744.0;416.0;4/23/02;Crown/Archetype;Q: The Autobiography of Quincy Jones
1005;Michael Smurfit;;;9781781190135.0;328.0;4/4/14;Oak Tree Press;A Life Worth Living: Michael Smurfit's Autobiography
3090;William S. White;;;2940022699234.0;;;Richmond : Presbyterian Committee of Publication;Rev. William S. White, D.D., and his times (1800-1873) : an autobiography
201;Myrlie Evers-Williams;Manning Marable;;9780786722495.0;416.0;8/29/06;Basic Books;The Autobiography of Medgar Evers: A Hero's Life and Legacy Revealed Through His Writings, Letters, and Speeches
379;G. K. Chesterton;;;9781586170714.0;336.0;4/1/06;Ignatius Press;The Autobiography of G. K. Chesterton
3357;Robert Marion La Follette;;;2940029904119.0;;;The Robert M. LaFollette Co.;La Follette's Autobiography: A Personal Narrative of Political Experiences ...
400;Blase Bonpane;Blase;;9781597091800.0;214.0;1/1/12;Red Hen Press;Imagine No Religion: The Autobiography of Blase Bonpane
2155;John Cowper Powys;;;9780571309467.0;662.0;12/19/13;Faber and Faber;Autobiography
656;Charles Darwin;;;9780199580149.0;544.0;6/6/10;Oxford University Press;Evolutionary Writings: Including the Autobiographies
1023;WILLIAM C. ONYEBEKE;;;9781465319388.0;195.0;1/27/10;Xlibris US;THE WOODCHOPPER: An African Cultural Autobiography
240;Myles Horton;;;9780807737002.0;256.0;8/1/03;Teachers College Press;The Long Haul: An Autobiography / Edition 1
889;Kate Adie;;;9780755310739.0;448.0;6/1/03;Headline Book Publishing, Limited;The Kindness of Strangers: The Autobiography
469;Mark Twain;;;9781477475539.0;406.0;5/25/12;CreateSpace Independent Publishing Platform;Autobiography of Mark Twain Volume 2
1045;Mark Twain;;;9781607788249.0;;1/1/10;MobileReference;Mark Twain's Burlesque Autobiography
51;DMX;Smokey D. Fontaine;D;9780060934033.0;352.0;10/21/03;HarperCollins Publishers;E.A.R.L.: The Autobiography of DMX
854;Alma H. Bond;Frank Eckmair;;9780913559499.0;219.0;4/28/98;Birch Brook Press;The Autobiography of Maria Callas
2377;Jawaharlal Nehru;;;9780195612202.0;684.0;2/1/81;Oxford University Press, USA;Jawaharlal Nehru: An Autobiography
3120;Samuel Jr. Smiles;James Nasmyth;;9783957388001.0;376.0;5/2/14;Vero Verlag;James Nasmyth, Engineer: An Autobiography
2042;Leigh Hunt;;;2940017734315.0;;;"New York : Harper &amp; Brothers";The autobiography of Leigh Hunt, with reminiscences of friends and contemporaries
2776;Leigh Hunt;;;9781314131222.0;356.0;1/28/13;HardPress Publishing;The Autobiography of Leigh Hunt, with Reminiscences of Friends and Contemporaries, and with Thornton Hunt's Introduction and PostScript Volume 2
3154;Anthony Trollope;;;9781297173226.0;234.0;2/18/15;Scholar's Choice;An Autobiography, Volume II - Scholar's Choice Edition
15;One Direction;;;9780007577316.0;352.0;9/25/14;HarperCollins UK;One Direction: Who We Are: Our Official Autobiography
74;Thomas Jefferson;;;9781607783091.0;;1/1/10;MobileReference;Autobiography of Thomas Jefferson
1176;Thomas Jefferson;;;9780812219012.0;200.0;12/1/04;University of Pennsylvania Press, Inc.;The Autobiography of Thomas Jefferson, 1743-1790
2318;Thomas Jefferson;;;2940021467605.0;;;"New York : Edwards, Pratt &amp; Foster";The Life and Letters of Thomas Jefferson: Being His Autobiography and Select Correspondence, from Original Manuscripts
397;Herbert Blau;;;9780472035144.0;302.0;10/31/12;University of Michigan Press;As If: An Autobiography
1336;Herbert Blau;;;9780472117789.0;302.0;5/31/11;University of Michigan Press;As If: An Autobiography
399;Buffalo Bill;;;9781495225123.0;128.0;1/20/14;CreateSpace Independent Publishing Platform;An Autobiography of Buffalo Bill (Colonel W. F. Cody)
2714;Michael Cole;Alexander R. Luria;Karl Levitin;9780805854992.0;296.0;9/19/05;"Taylor &amp; Francis";The Autobiography of Alexander Luria A Dialogue With the Making of Mind
728;Those Who Lived It;;;9780385492799.0;576.0;12/28/00;Knopf Doubleday Publishing Group;Autobiography of a People: Three Centuries of African American History Told
425;Frank Lloyd Wright;;;9780764932434.0;561.0;4/28/05;Pomegranate Art Books, Incorporated;Frank Lloyd Wright: An Autobiography
1552;Benjamin Franklin;;;2940017678008.0;;;New York, London, Macmillan Co;"Autobiography of Benjamin Franklin; with an introduction and notes"
1638;Benjamin Franklin;;;2940017484579.0;;;"Philadelphia : J.B. Lippincott ; London : Trbner &amp; Co";Autobiography of Benjamin Franklin : edited from his manuscript, with notes and an introduction
1712;Benjamin Franklin;;;9781330154151.0;260.0;6/24/15;"FB &amp;c Ltd";Life of Benjamin Franklin: On the Basis of His Autobiography (Classic Reprint)
1827;Benjamin Franklin;;;2940017335871.0;;;New York : D. Appleton and Company;"Autobiography ; Poor Richard ; Letters"
2662;Benjamin Franklin;;;2940017704479.0;;;Boston, New York [etc.] Houghton, Mifflin and company;The autobiography of Benjamin Franklin and a sketch of Franklin's life from the point where the autobiography ends
2969;Benjamin Franklin;;;2940017454565.0;;;"London, J. M. Dent; New York, E. P. Dutton";The autobiography of Benjamin Franklin, now first printed in England from the full and authentic text
1710;Kathleen Raine;;;9780807608777.0;192.0;2/1/78;Braziller, George Inc.;Lion's Mouth: Concluding Chapters of Autobiography
3117;Hutchins Hapgood;;;2940017335086.0;;;New York : Fox, Duffield;The autobiography of a thief
228;Benjamin Franklin;;;9780553904987.0;384.0;4/29/08;Random House Publishing Group;The Autobiography and Other Writings
958;Benjamin Franklin: 1757-1790;;;9781596985759.0;480.0;7/1/07;Regnery Publishing;The The Compleated Autobiography
1526;Benjamin Franklin;;;9780940450295.0;1632.0;1/28/87;Library of America;Benjamin Franklin: Writings (The Autobiography, Poor Richard's Almanack, Bagatelles, Pamphlets, Essays, & Letters) (Library of America)
2276;Benjamin Franklin;;;9781297173585.0;248.0;2/18/15;Scholar's Choice;The Autobiography and Essays - Scholar's Choice Edition
2752;Benjamin Franklin;;;9781298188465.0;274.0;2/18/15;Scholar's Choice;The Autobiography of Benjamin Franklin - Scholar's Choice Edition
3111;John C. Hermon;;;9780717125913.0;280.0;1/1/97;"Gill &amp; MacMillan, Limited";Holding the Line: An Autobiography
2640;S. Weir Mitchell;;;2940024756683.0;;;New York : The Century Co.;The youth of Washington : told in the form of an autobiography
1015;Edwin Eastman;;;9783655257951.0;;1/1/10;MVB E-Books;Seven and Nine years Among the Camanches and Apaches An Autobiography
2273;Edwin Eastman;Clark Johnson;;9781296853433.0;336.0;8/13/15;Andesite Press;Seven And Nine Years Among The Camanches And Apaches: An Autobiography
1894;Booker T. Washington;;;9780806521831.0;330.0;1/28/01;Kensington;Up From Slavery: The Autobiography Of Booker T. Washington: Aun Autobiography
1270;Joseph Bates;;;9781479602872.0;174.0;3/31/14;TEACH Services, Inc.;The Autobiography of Elder Joseph Bates
2269;David Huddart;;;9780415759014.0;208.0;10/26/07;"Taylor &amp; Francis";Postcolonial Theory and Autobiography
1592;Mark Twain;Grover Gardner;;9781441778475.0;;1/28/11;Findaway World;Autobiography of Mark Twain, Volume 1: The Complete and Authoritative Edition [With Earbuds]
901;Ian Thorpe;;;9780731815739.0;336.0;10/24/12;"Simon &amp; Schuster Australia";This Is Me: The Autobiography
136;Russell Means;Marvin Wolf;;9780312147617.0;624.0;11/28/96;St. Martin's Press;Where White Men Fear to Tread: The Autobiography of Russell Means
381;Theodore Roosevelt;;;2940013239296.0;;10/30/11;Seven Treasures Publications;The Autobiography of Theodore Roosevelt
440;Theodore Roosevelt;;;9781411439252.0;633.0;3/1/11;"Barnes &amp; Noble";An Autobiography (Barnes & Noble Digital Library)
1374;George Dewey;;;9781330247976.0;410.0;5/21/15;"FB &amp;c Ltd";Autobiography of George Dewey: Admiral of the Navy (Classic Reprint)
805;Jim Tully;;;9781902593784.0;256.0;11/1/03;AK Press;Beggars of Life: A Hobo Autobiography
503;William L. Andrews;;;9780451471444.0;496.0;12/2/14;Penguin Publishing Group;Classic American Autobiographies
419;St Therese of Liseaux;;;9781507779590.0;106.0;1/31/15;CreateSpace Publishing;The Story of a Soul - The Autobiography of St Therese of Liseaux
525;St Therese Of Lisieux;;;9781499324037.0;242.0;5/2/14;CreateSpace Publishing;The Story of a Soul: The Autobiography of St. Therese of Lisieux (Illustrated)
688;the Co-founder of AA;;;9781616490010.0;232.0;5/14/10;Hazelden Publishing;Bill W., My First 40 Years: An Autobiography
1059;Dior Deluxe Edition: The Autobiography of Christian Dior;;;9781851778690.0;208.0;10/13/15;"V &amp; A Publishing";Dior
2868;request of the Provincial Woman's Christian Temperance Union of Ontario;;;2940028765971.0;;;"Toronto : W. Briggs; Montreal : C.W. Coates";Campaign echoes [microform] : the autobiography of Mrs. Letitia Youmans, the pioneer of the white ribbon movement in Canada : written
495;H.R. Jakes;;;9781480814752.0;268.0;3/30/15;Archway Publishing;The Curious Autobiography of Elaine Jakes
3337;Alex Katz;;;9788881588404.0;173.0;9/30/12;Charta;Invented Symbols: An Art Autobiography
285;Usain Bolt;;;9780007523658.0;320.0;9/12/13;HarperCollins Publishers;Faster than Lightning: My Autobiography
2574;Evelyn Stefansson Nef;;;9780966505153.0;320.0;5/28/02;Francis Press, The;Finding My Way: The Autobiography of an Optimist
1209;Laurence Olivier;;;9781857974935.0;;11/3/94;Gardners Books;Confessions of an Actor : The Autobiography
2994;William Henry Seward;;;2940017335710.0;;;New York, D. Appleton and company;Autobiography of William H. Seward, from 1801 to 1834. With a memoir of his life, and selections from his letters from 1831 to 1846
2628;Robert Maiorano;;;9780983687801.0;174.0;11/1/11;Aperture Press, LLC;Worlds Apart: The Autobiography of a Dancer from Brooklyn
1210;David K. Guthrie and Charles J. Guthrie [microform];;;2940028998348.0;;;Toronto : Belford;Autobiography of Thomas Guthrie, D.D. And Memoir / [edited]
227;Booker T. Washington;;;9783849644024.0;451.0;5/5/14;Jazzybee Verlag;An Autobiography - The Story of My Life and Work
578;Booker T. Washington;;;2940148325369.0;;2/8/14;Bronson Tweed Publishing;Up From Slavery: An Autobiography of Booker T. Washington
307;;;;;;;;
539;Jon E. Lewis;;;9781849012638.0;300.0;7/30/09;Little, Brown Book Group;World War II: The Autobiography
2087;Amelia E. Barr;;;2940148260394.0;;1/15/14;Five Star Publishing, LLC;All the Days of My Life : An Autobiography (Illustrated)
3255;Charles Haddon H. Spurgeon;;;9780340577783.0;;;"Hodder &amp; Stoughton, Ltd.";Autobiography of C. H. Spurgeon
1390;Bernard Shaw (The life of William Henry Davies);;;9788074849374.0;336.0;9/20/13;e-artnow ebooks;The Autobiography of a Super-Tramp - With a preface
1619;Ezekiel Mphahlele;;;2900869754848.0;260.0;12/1/95;Ohio University Press;Afrika My Music: An Autobiography 1957-1983
969;Mark Twain;;;2940016310794.0;;2/13/13;Unforgotten Classics;Autobiography of Mark Twain, the authentic original version
2475;George Woodcock;;;9781550051841.0;304.0;11/16/10;"Fitzhenry &amp; Whiteside Ltd.";Beyond the Blue Mountain: An Autobiography
2978;Ron Moody;;;9781907532115.0;;9/28/10;JR;Still Untitled, (Not Quite) Autobiography
1664;Herbert Spencer (Illustrated);;;2940150659667.0;;10/8/14;AS Team;An Autobiography: Volume 1 and 2
1738;Spencer Herbert 1820-1903;;;9781314499094.0;628.0;6/23/13;HardPress Publishing;An Autobiography Volume 2
2376;Spencer Herbert 1820-1903;;;9781314499100.0;606.0;6/23/13;HardPress Publishing;An Autobiography Volume 1
35;Theodore Roosevelt;;;9781451580129.0;298.0;4/1/10;CreateSpace Publishing;Theodore Roosevelt: An Autobiography
1683;David Rees;;;9781870188197.0;257.0;1/1/92;Lpc Inbook;"Not for Your Hands; An Autobiography"
1971;John Gough Nichols Anne Halkett;;;2940017595343.0;;;Printed for the Camden Society;The Autobiography of Anne Lady Halkett
527;Jeanne-Marie de la Motte-Guyon;;;9780768498103.0;450.0;7/28/11;Destiny Image, Inc.;Autobiography of Madame Guyon (Authentic Original Classic)
1020;Jeanne Marie Bouvier de la Motte Guyon l Summary & Study Guide;;;2940013005020.0;;8/20/11;BookRags.com;Experiencing the Depth of Jesus Christ: The Autobiography
3539;Mazo de la Roche;;;9781459730397.0;304.0;11/7/15;Dundurn Press;Ringing the Changes: An Autobiography
257;Diego Armando Maradona;;;9781616081867.0;328.0;2/23/11;Skyhorse Publishing;Maradona: The Autobiography of Soccer's Greatest and Most Controversial Star
3492;Lady Gregory;;;2940020302778.0;;;New York, London : G.P. Putnam''s Sons;"Our Irish theater; a chapter of autobiography"
303;David Alliance;;;9781849541923.0;448.0;6/2/15;Biteback Publishing, Ltd.;A Bazaar Life: The Autobiography of David Alliance
3109;Lynn C. Miller;;;9780299184247.0;344.0;10/28/03;University of Wisconsin Press;Voices Made Flesh : Performing Women's Autobiography / Edition 1
2011;William L. Andrews;;;9780252012228.0;368.0;6/1/86;University of Illinois Press;To Tell A Free Story: The First Century Of Afro-American Autobiography, 1760-1865
447;Benjamin Franklin;;;9781512149340.0;132.0;5/11/15;CreateSpace Publishing;Autobiography of Benjamin Franklin: A Founding Father
1500;Benjamin Franklin;;;2940017704479.0;;;Boston, New York [etc.] Houghton, Mifflin and company;The autobiography of Benjamin Franklin and a sketch of Franklin's life from the point where the autobiography ends
2831;Benjamin Franklin;;;2940026646487.0;;;Houghton, Mifflin and company;The Autobiography of Benjamin Franklin and a Sketch of Franklin's Life from the Point where the ...
3611;Benjamin Franklin;Russel B. Nye;;9780395051306.0;224.0;1/2/57;Cengage Learning;Autobiography and Other Writings / Edition 1
690;John Stuart Mill;;;9781411458253.0;276.0;7/12/11;"Barnes &amp; Noble";The Autobiography of John Stuart Mill (Barnes & Noble Digital Library)
2075;Nasir al-Din Tusi;;;9781860645235.0;128.0;12/3/99;"I. B.Tauris &amp; Company, Limited";Contemplation and Action: The Spiritual Autobiography of a Shi'i Philosopher
3414;Martin Kemp;Kemp;;9780752832647.0;256.0;3/28/00;Orion Publishing Group, Limited;True: Autobiography of Martin Kemp
3528;Moncure Daniel Conway;;;9781407711294.0;422.0;1/10/12;HardPress Publishing;Autobiography, Memories and Experiences of Moncure Daniel Conway: With Two Portraits Volume 1
2407;Amanda Smith;;;2940014750141.0;;6/4/12;ASmith Books;Mrs. Amanda Smith: An Autobiography
2009;Maria Weston Chapman Harriet Martineau;;;2940019732739.0;;;Smith Elder;Harriet Martineau's Autobiography
637;Black Hawk;;;2940000785560.0;;2/1/09;"B&amp;R Samizdat Express";Autobiography of Ma-Ka-Tai-Me-She-Kia-Kiak or Black Hawk (1882)
3624;Chuck Berry;;;9780793502639.0;120.0;9/28/86;Hal Leonard Corporation;Chuck Berry
2225;Unknown Author;;;9781330106952.0;318.0;7/2/15;"FB &amp;c Ltd";The Autobiography of Leigh Hunt, Vol. 1 of 3: With Reminiscences of Friends and Contemporaries (Classic Reprint)
2506;Unknown Author;;;9781330881569.0;276.0;7/7/15;"FB &amp;c Ltd";A Country Curate's Autobiography, or Passages of a Life Without a Living, Vol. 2 of 2 (Classic Reprint)
3538;Unknown Author;;;9781330066676.0;386.0;6/14/15;"FB &amp;c Ltd";"The Autobiography of Charles H. Spurgeon, Vol. 3: Compiled From His Diary, Letters, and Records; 1856 1878 (Classic Reprint)"
2245;J. Bill Berry;;;9780826208132.0;216.0;12/1/92;University of Missouri Press;Home Ground: Southern Autobiography
2175;Daniel B. Kellogg;;;2940023961163.0;;;Chase;Autobiography of Dr. D. B. Kellogg: Or, Explanation of Clairvoyance ...
103;Booker T. Washington;;;9781627557863.0;148.0;6/10/15;Wilder Publications, Inc.;Up from Slavery: An Autobiography
996;Booker T. Washington;;;9781633846586.0;420.0;6/10/15;Wilder Publications, Inc.;"The Booker T. Washington Reader: Up From Slavery: An Autobiography; My Larger Education; Character Building; The Negro Problem"
1265;John Howard Brown;;;2940020559660.0;;;Boston, Mass., Johnson-Wynne co.;Men of mark in Massachusetts. Ideals of American life told in biographies and autobiographies of eminent living americans
773;Booker T. Washington;;;9781494802127.0;184.0;12/26/13;CreateSpace Independent Publishing Platform;Up From Slavery: The Autobiography of Booker T. Washington
2303;Booker T. Washington;;;9781295966271.0;348.0;2/8/15;Scholar's Choice;Up from Slavery: An Autobiography - Scholar's Choice Edition
518;Bill Bruford;;;9781905792436.0;320.0;4/7/13;Foruli Limited;Bill Bruford: The Autobiography. Yes, King Crimson, Earthworks and More.
159;Ida B. Wells;Ada B. Wells;;9780226893440.0;466.0;7/28/91;University of Chicago Press;Crusade for Justice: The Autobiography of IDA B. Wells
930;Mark Twain;;;9781608429943.0;600.0;12/14/10;KRE;Autobiography Of Mark Twain - Abridged Edition
934;Anthony Trollope;;;9781607785293.0;;7/1/10;MobileReference;Works of Anthony Trollope: (50+ works). Includes The Way We Live Now, Barchester Towers, The Warden, The Small House at Allington, Palliser Novels, Chronicles of Barsetshire, An Eye for an Eye and MORE
2283;Anthony Trollope;;;2940012207586.0;;3/4/11;Milsap Publishers;Anthony Trollope: a classic collection of his novels (American Senator, Autobiography of Anthony Trollope, Ayala's Angel, Barchester Towers, Belton Estate, Bertrams, Can You Forgive Her? and more)
1286;Sandy Lyle;;;9780755314720.0;320.0;5/31/07;Headline Book Publishing, Limited;To the Fairway Born: The Autobiography
1752;Andrew Taylor Still;;;2940026620111.0;;;The author;Autobiography of Andrew T. Still: With a History of the Discovery and Development of the Science ...
1186;Margot Asquith Oxford and Asquith;;;2940019401550.0;;;London : Butterworth;The autobiography of Margot Asquith
361;;;;;;;;
334;Mark Twain;;;2940000737101.0;;2/26/12;"B&amp;R Samizdat Express";Chapters from my Autobiography
3135;Roy J . Friedman Mark Twain Collection Mark Twain;;;2940018903741.0;;;"Harper &amp; Brothers Publishers";Is Shakespeare Dead?: From My Autobiography
3054;Brian Epstein;;;9780285640252.0;132.0;5/1/11;Souvenir Press;A Cellarful of Noise
3279;William Starbuck Mayo;;;2940025492559.0;;;David Bogue;Kaloolah, Or, Journeyings to the Djbel Kumri: An Autobiography of Jonathan Romer
579;Frank Lampard;;;9780007382217.0;480.0;4/29/10;HarperCollins Publishers;Totally Frank: The Autobiography of Frank Lampard
3286;Jeannette L. Gilder;;;2940017335062.0;;;New York : Doubleday, Page;The autobiography of a tomboy
3278;William Dudley Foulke;;;2940023621807.0;;;Oxford University Press;A Hoosier Autobiography
1996;Donald Fraser;;;2940027418854.0;;;"London : James Nisbet &amp; Co.";Autobiography of the late Donald Fraser, D.D. [microform] : and a selection from his sermons
1230;Warren Holden;;;2940017677230.0;;;[Philadelphia] : Press of J.B. Lippincott Company;Autobiography of love
3021;William Lawrence;;;9781631826450.0;152.0;10/28/14;Lushena Books;The Autobiography of Sergeant William Lawrence
2200;William A. Glasser;;;9781515097112.0;156.0;7/17/15;CreateSpace Publishing;The Autobiography of SATAN (Authorized Edition)
450;Ralph David Abernathy;;;9781569762790.0;672.0;4/1/10;Chicago Review Press, Incorporated;And the Walls Came Tumbling Down: An Autobiography
21;Anna Sewell;Sewell;;9780486407883.0;208.0;6/23/99;Dover Publications;Black Beauty: The Autobiography of a Horse
1988;Charles R. Gibson;;;9781331029328.0;220.0;7/9/15;"FB &amp;c Ltd";The Autobiography of an Electron, Wherein the Scientific Ideas of the Present Time Are Explained in an Interesting and Novel Fashion (Classic Reprint)
3287;Theodor Reik;;;9781446528532.0;508.0;1/10/11;Read Books Design;Fragment Of A Great Confession - A Psychoanalytic Autobiography
2395;S. Donald Stookey;George H. Beall;;9781574981247.0;74.0;7/28/00;Wiley;Explorations in Glass: An Autobiography / Edition 1
812;James R. Simmons;Jr;;9781551112725.0;498.0;4/10/07;Broadview Press;Factory Lives: Four Nineteenth-Century Working-Class Autobiographies (1828-1850) / Edition 1
1945;Henry Bessemer;;;2940020578142.0;;;London, Offices of _Engineering,_;Sir Henry Bessemer, F. R. S. An autobiography
689;Rosemary Radford Ruether;;;9781620327128.0;195.0;10/2/13;"Wipf &amp; Stock Publishers";My Quests for Hope and Meaning: An Autobiography
1663;Arnold Brecht;;;9780691621050.0;564.0;3/8/15;Princeton University Press;Political Education of Arnold Brecht: An Autobiography, 1884-1970
1403;Raja Sharma;;;2940045205054.0;;8/7/13;Raja Sharma;Ready Reference Treatise: The Autobiography of an Ex-Colored Man
752;Elizabeth Klarer;;;9781891824777.0;244.0;3/1/09;Light Technology Publishing, LLC;Beyond the Light Barrier: The Autobiography of Elizabeth Klarer
206;Clark Terry;;;9780520287518.0;344.0;6/12/15;University of California Press;Clark: The Autobiography of Clark Terry
923;Frank Sanello;;;9781477581728.0;252.0;6/22/12;CreateSpace Publishing;The Autobiography of Frau Adolf Hitler
458;William F. Buckley Jr.;;;9780307803023.0;336.0;10/5/11;The Crown Publishing Group;Nearer, My God
1783;Dnal g Cusack;;;9780141959788.0;;10/21/09;Penguin UK;Come What May: The Autobiography
2981;Antonin Raymond;;;9780804810449.0;328.0;1/1/72;Tuttle Publishing;Antonin Raymond: An Autobiography
1554;Horatio Hastings Weld Benjamin Franklin;;;2940017483688.0;;;"Harper &amp; Brothers Publishers";Benjamin Franklin: His Autobiography: With a Narrative of His Public Life ...
2715;Benjamin Franklin;;;2940026618460.0;;;The Pocket Library;The Autobiography
304;Vidal Sassoon;;;9780230753792.0;;9/3/10;Pan Macmillan;Vidal: The Autobiography
3321;Marion Harland;;;9781492353287.0;298.0;9/7/13;CreateSpace Independent Publishing Platform;Marion Harland's Autobiography: The Story of a Long Life
1443;Anna Cora Ogden Mowatt Ritchie;;;2940026619948.0;;;Ticknor, Reed, and Fields;"Autobiography of an Actress; Or, Eight Years on the Stage"
2032;Dick Francis;;;9780330339025.0;208.0;9/1/95;"McClelland &amp; Stewart Ltd.";The Sport of Queens: The Autobiography of Dick Francis
564;Stephen Brennan;;;9781629141367.0;288.0;5/6/14;Skyhorse Publishing;An Autobiography of John Muir
1546;Greg Wallace;;;9781409139218.0;320.0;2/1/14;Orion Publishing Group, Limited;Life on a Plate: The Autobiography
1936;Natalie M. Rosinsky;;;9780756535254.0;24.0;1/28/08;Capstone Press;Write Your Own Autobiography
1437;John St. Loe Strachey;;;2940148195481.0;;2/25/14;Lost Leaf Publications;The Adventure of Living : a Subjective Autobiography
2880;Franklin L. Kury;;;9781611460742.0;286.0;9/16/11;Lehigh University Press;Clean Politics, Clean Streams: A Legislative Autobiography and Reflections
3083;John Gibson Paton;;;2940018791737.0;;;New York : Carter;John G. Paton, missionary to the New Hebrides : an autobiography
2031;Gardner Lindzey;;;9780716711193.0;472.0;1/28/80;"Freeman, W. H. &amp; Company";History of Psychology in Autobiography
2445;Asquith Margot Countess of 1864-1945;;;9781314130119.0;322.0;1/28/13;HardPress Publishing;An Autobiography Volume 2
276;Roy Horniman;;;9781500857806.0;392.0;8/27/14;CreateSpace Publishing;Israel Rank: The Autobiography of a Criminal
3370;Michael Hotz;Shigetsu Sasaki;;9781568582481.0;265.0;12/15/02;Da Capo Press;Holding the Lotus to the Rock: The Autobiography of Sokei-an, America's First Zen Master
571;Benjamin Franklin;;;2940148136941.0;;2/13/14;Bybliotech;The Benjamin Franklin Anthology: The Autobiography, The Memoirs, The Silence Dogood Letters and Over 80 Other Works
2317;William MacDonald Benjamin Franklin;;;2940017623817.0;;;E. P. Dutton;The Autobiography of Benjamin Franklin: Now First Printed in England from ...
2161;John Woolman Benjamin Franklin;;;2940027397265.0;;;P.F. Collier;The Autobiography of Benjamin Franklin: The Journal of John Woolman. Fruits ...
3575;Benjamin Franklin;;;2940017678770.0;;;New York, A. L. Burt Co;The autobiography of Benjamin Franklin, Poor Richard's almanac, and other papers
882;Sue Johnston;;;9781409034698.0;352.0;9/1/11;Ebury Publishing;Things I Couldn't Tell My Mother: My Autobiography
3485;David Shields;;;9781593763565.0;192.0;11/21/08;Soft Skull Press, Inc.;Enough About You: Notes Toward the New Autobiography
96;Ali MacGraw;;;2940151374255.0;;3/15/15;"Renaissance Literary &amp; Talent";Moving Pictures: An Autobiography
2712;Irving Stone;;;9780451038364.0;;4/1/69;Penguin Group (USA) Incorporated;Dear Theo: The Autobiography of Vincent Van Gogh
1296;James D. Fernandez;;;9780822312543.0;182.0;8/28/92;Duke University Press Books;Apology to Apostrophe: Autobiography and the Rhetoric of Self-Representation in Spain
1389;Unknown Author;;;9781330303962.0;366.0;7/2/15;"FB &amp;c Ltd";Edward Wortley Montagu, Vol. 1 of 3: An Autobiography (Classic Reprint)
411;A P J Abdul Kalam;;;9788173717802.0;;10/1/15;Universities Press (India)PL;Wings Of Fire: An Autobiography
1172;Theodore Roosevelt;;;9781502958662.0;536.0;3/5/15;CreateSpace Publishing;"Theodore Roosevelt; an Autobiography"
2564;George Iles;;;9782819934158.0;;12/3/10;pubOne.info;Little Masterpieces of Autobiography: Actors
2447;Louis Spohr;;;2940021452618.0;;;"London : Longman, Green, Longman, Roberts, &amp; Green";Louis Spohr's autobiography : translated from the German
1548;William Hale White;;;2940019240104.0;;;New York, Dodd, Mead;The autobiography & deliverance of Mark Rutherford [pseud.]
2561;William Hale White;Mark Rutherford;Reuben Shapcott;9781298882561.0;220.0;8/21/15;Sagwan Press;Mark Rutherford's Deliverance: Being the Second Part of His Autobiography
902;Howard Thurman;;;9780156976480.0;298.0;10/14/81;Houghton Mifflin Harcourt;With Head And Heart
1700;Unknown Author;;;9781330161746.0;228.0;6/25/15;"FB &amp;c Ltd";Jack Westropp, Vol. 2 of 2: An Autobiography (Classic Reprint)
1704;Unknown Author;;;9781330949276.0;218.0;7/8/15;"FB &amp;c Ltd";"The Autobiography of a Beggar Boy: In Which Will Be Found Related the Numerous Trials, Hard Struggles, and Vicissitudes of a Strangely Chequered Life; With Glimpses of Social and Political History Over a Period of Fifty Years (Classic Reprint)"
985;Thomas Jefferson;;;9781455415588.0;;9/3/11;"B&amp;R Samizdat Express";Works of Thomas Jefferson, Including His Presidential Papers, Correspondence, and Autobiography
2698;Tariq Ali;;;9781844670291.0;403.0;4/17/05;Verso Books;Street Fighting Years: An Autobiography of the Sixties
727;W. E. B. Du Bois;;;9780717802340.0;448.0;6/1/68;International Publishers Company, Incorporated;The Autobiography of W. E. B. Du Bois: A Soliloquy on Viewing My Life from the Last Decade of Its First Century
3462;John G. Neihardt;;;9780803257245.0;248.0;9/1/70;University of Nebraska Press;When the Tree Flowered: The Fictional Autobiography of Eagle Voice, a Sioux Indian
1660;Thomas Jefferson;;;2940030532790.0;;;Washington, D.C. Issued under the auspices of the Thomas Jefferson Memorial Association;Writings. Library ed., containing his autobiography, notes on Virginia, parliamentary manual, official papers, messages and addresses, and other writings, official and private, now collected and published in their entirety for the first time, including al
1052;Aldo Rossi;Lawrence Venuti;;9780262514385.0;128.0;3/31/10;MIT Press;A Scientific Autobiography
253;Brian O'Driscoll;;;9780241962695.0;;10/23/14;Penguin UK;The Test: My Autobiography
1425;Mike Ditka;Don Pierson;;9780933893382.0;271.0;7/1/86;Bonus Books, Inc.;Ditka: An Autobiography
2937;Robert Graves;;;9788420650470.0;;6/30/10;Grupo Anaya Comercial;Yo, Claudio / I, Claudius : A partir de la autobiografia de Claudio. Emperador de los romanos nacido en el ano 10 a. de C. y asesinado y deificado el 54 d. de C. / From the Autobiography of Tiberius Claudius, Born 10 B.C., Murdered and Deified A.D. 54
1966;Will Rogers;;;9780380002139.0;;4/1/80;HarperCollins Publishers;Autobiography of Will Rogers
371;Fatima Massaquoi;;;9780230609587.0;300.0;11/19/13;Palgrave Us, Print Us;The Autobiography of an African Princess
910;Johann Wolfgang Von Goethe;;;9781105749797.0;;5/11/12;Lulu.com;Johann Wolfgang Von Goethe Classics: Autobiography Truth and Fiction Relating to My Life
1596;Charles H. Spurgeon;;;9781445507941.0;384.0;7/26/10;Read Books Design;The Autobiography Of Charles H. Spurgeon, Compiled From Hios Dairy, Letters, And Records - Volume Ii 1854-186
1899;Margot Asquith;;;9781407625164.0;268.0;1/29/10;HardPress Publishing;Margot Asquith, An Autobiography - Two Volumes In One
1029;William L. Rush;;;9781257192694.0;;6/14/11;Lulu.com;Journey Out of Silence: Second Edition: An Autobiography
1144;Benjamin Franklin;;;9781290477079.0;208.0;8/1/12;HardPress Publishing;"Little Masterpieces ; Selections From Autobiography, Poor Richard's Almanac, Advice to a Young Tradesman, the Whistle, Necessary Hints to Those That Would Be Rich, Motion for Prayers, Selected Letters"
480;Tony Visconti;;;9780007343577.0;400.0;9/17/09;HarperCollins Publishers;Tony Visconti: The Autobiography: Bowie, Bolan and the Brooklyn Boy
373;Justin Holcomb;Julie Abraham;;9780814726358.0;282.0;6/1/95;New York University Press;Diana: A Strange Autobiography / Edition 1
2862;Charlotte Perkins Gilman;Zona Gale;;2900299127441.0;394.0;2/28/91;University of Wisconsin Press;Living of Charlotte Perkins Gilman: An Autobiography
820;David Hasselhoff;Peter Thompson;;9781429901062.0;304.0;5/15/07;St. Martin's Press;Don't Hassel the Hoff: The Autobiography
658;;;;;;;;
801;;;;;;;;
342;Alice A. Bailey;Alice Bailey;;2940016583327.0;304.0;5/1/13;Lucis Publishing Company;The Unfinished Autobiography
3305;James Fenimore Cooper;;;2940150408982.0;;10/19/14;HM;Autobiography of a Pocket-Handkerchief
523;Nikola Tesla;;;9781470101312.0;122.0;2/18/12;CreateSpace Publishing;Tesla's Autobiography
1392;C. H. Spurgeon;;;9781433267093.0;;2/1/13;Blackstone Audio, Inc.;C. H. Spurgeon Autobiography, Vol. 2: The Full Harvest, 1860-1892
3158;C. H. Spurgeon;;;2940017705049.0;;;Chicago : F. H. Revell;The autobiography of Charles H. Spurgeon
3523;Charles H Sage;;;2940027397470.0;;;Chicago : Free Methodist Publishing House;Autobiography of Rev. Charles H. Sage : embracing an account of his pioneer work in Michigan, of the formation of the Canada Conference and of his labors in various states
3334;the Kaiser and New Chapters from the Autobiography of the Iron Chancellor;;;9781313491822.0;256.0;1/28/13;HardPress Publishing;"The Kaiser Vs. Bismarck; Suppressed Letters"
155;Kevin Pietersen;;;9780751557565.0;;10/9/14;Little, Brown Book Group;KP: The Autobiography
453;Alex James;;;9780349119939.0;288.0;7/3/08;Little, Brown Book Group;Bit of a Blur: The Autobiography
3501;Christopher Parkening;Kathy Tyers;;9781414300467.0;304.0;5/28/06;Tyndale House Publishers;Grace Like a River: An Autobiography
705;Sidonie Ann Smith;;;9780472068142.0;496.0;12/20/02;University of Michigan Press;Interfaces: Women, Autobiography, Image, Performance
1009;Bertrand Russell;;;9780203864999.0;768.0;9/1/09;"Taylor &amp; Francis, Inc.";Autobiography
653;Matthieu Ricard;;;9781559391542.0;712.0;2/28/01;Shambhala Publications, Inc.;The Life Of Shabkar: Autobiography Of A Tibetan Yogin / Edition 1
234;Benjamin Franklin;;;9781101907603.0;344.0;9/8/15;Knopf Doubleday Publishing Group;The Autobiography and Other Writings
628;Benjamin Franklin;;;2940012753205.0;144.0;7/18/11;Five Star Publishing, LLC;Franklin's Autobiography [Illustrated]
3449;Benjamin Franklin;;;9781297613395.0;326.0;8/9/15;Andesite Press;The Autobiography of Benjamin Franklin, Poor Richard's Almanac, and Other Papers
3515;Benjamin Franklin;Featuring Dynamic Chapter Navigation & Professional Formatting for a Premium Reading Experience;Published By Northpointe Classics;2940014070621.0;;1/28/12;Northpointe Classics;THE AUTOBIOGRAPHY OF BENJAMIN FRANKLIN [Deluxe Edition] Includes Photos, Illustrations, PLUS BONUS ENTIRE AUDIOBOOK
2619;Michel Tournier;;;9780807070406.0;292.0;11/28/88;Beacon;Wind Spirit: An Autobiography
2829;Mortimer Jerome Adler;;;9780025004900.0;349.0;8/1/77;Macmillan Publishing Company, Incorporated;Philosopher at Large: An Intellectual Autobiography
1447;W. Somerset Maugham;;;9780140026689.0;208.0;8/31/78;Penguin Group (USA) Incorporated;Magician: Together with a Fragment of Autobiography
702;David Essex;Various;;9780753547632.0;320.0;3/1/12;Ebury Publishing;Over the Moon: My Autobiography
230;Randy Poe;Buck Owens;;9781480366916.0;304.0;11/1/13;Hal Leonard Corporation;Buck 'Em!: The Autobiography of Buck Owens
204;Kate Christensen;;;9780385536271.0;368.0;7/9/13;Knopf Doubleday Publishing Group;Blue Plate Special: An Autobiography of My Appetites
107;Mark Twain;;;9788026804529.0;5000.0;2/27/14;e-artnow Editions;The Complete Works of Mark Twain: The Novels, short stories, essays and satires, travel writing, non-fiction, the complete letters, the complete speeches, and the autobiography of Mark Twain Mark Twain
323;Robert Clary;;;9781589793453.0;248.0;2/25/08;Taylor Trade Publishing;From the Holocaust to Hogan's Heroes: An Autobiography of Robert Clary
3696;Charles Kingsley;;;2940018134428.0;;;New York, A.L. Burt;"Alton Locke ; tailor and poet, an autobiography"
1921;Benjamin Franklin;Frank Woodworth Pine;;9781294997160.0;272.0;2/13/15;Scholar's Choice;Franklin's autobiography - Scholar's Choice Edition
1940;Harry Haywood;;;9780930720537.0;736.0;6/1/78;University of Minnesota Press;Black Bolshevik: Autobiography of an Afro-American Communist
114;Benjamin Franklin;;;2940012259776.0;;2/27/11;Robin Michell;THE AUTOBIOGRAPHY OF BENJAMIN FRANKLIN
194;Benjamin Franklin;;;9780312404154.0;208.0;4/2/03;Bedford/St. Martin's;Autobiography of Benjamin Franklin: with Related Documents / Edition 2
326;Benjamin Franklin;;;9781595475725.0;152.0;2/1/09;NuVision Publications;The Autobiography Of Ben Franklin
2542;Franklin Benjamin 1706-1790;;;9781314378177.0;528.0;6/23/13;HardPress Publishing;"The Select Works of Benjamin Franklin; Including His Autobiography"
34;Ulysses S Grant;;;9781934941140.0;436.0;3/3/08;Red and Black Publishers;The Autobiography Of General Ulysses S Grant
607;Thomas Jefferson;;;9781440086007.0;224.0;6/25/15;"FB &amp;c Ltd";Autobiography of Thomas Jefferson, 1743-1790, Together With a Summary of the Chief Events in Jefferson's Life (Classic Reprint)
463;Charles Darwin;;;9780393310696.0;253.0;9/28/93;"Norton, W. W. &amp; Company, Inc.";The Autobiography of Charles Darwin 1809-1882: With Original Omissions Restored
826;Charles Darwin;;;2940150490260.0;;9/26/14;AS Team;Geological Observations on Volcanic Islands (Illustrated and Bundled with The Autobiography of Charles Darwin)
1232;Charles Darwin;Thomas Henry Huxley;;9780192851314.0;149.0;3/29/84;Oxford University Press, USA;Autobiographies: Charles Darwin and Thomas Henry Huxley
2399;Charles Darwin;;;9781500174736.0;104.0;6/15/14;CreateSpace Publishing;The Autobiography of Charles Darwin (Annotated): From The Life and Letters of Charles Darwin
699;David Shields;Samantha Matthews;;9781940450810.0;160.0;6/9/15;McSweeney's Publishing;That Thing You Do With Your Mouth: The Sexual Autobiography of Samantha Matthews as Told to David Shields
2522;Rudy Galindo;;;9780671003906.0;255.0;4/28/97;Atria Books;Icebreaker: The Autobiography of Rudy Galindo
3178;William Backus Olmstead Charles H. Sage;;;2940017335895.0;;;Free MethodistPublishing House;Autobiography of Rev. Charles H. Sage: Embracing an Account of His Pioneer ...
2348;Alfred Dewitt Corn;;;9780140586909.0;128.0;4/1/93;Penguin Publishing Group;Autobiographies: Poems
642;Virginia Foster Durr;;;9780817387105.0;384.0;2/9/13;University of Alabama Press;Outside the Magic Circle: The Autobiography of Virginia Foster Durr
157;Bill Peet;;;9780395689820.0;192.0;3/28/94;Houghton Mifflin Harcourt;Bill Peet: An Autobiography
36;James Weldon Johnson;;;9780486285122.0;112.0;5/10/95;Dover Publications;The Autobiography of an Ex-Colored Man
2137;James Weldon Johnson l Summary & Study Guide;;;2940150040571.0;;2/12/15;BookRags.com;The Autobiography of an Ex-Coloured Man
143;Marcus Allen;Carlton Stowers;;9781466889743.0;352.0;1/13/15;St. Martin's Press;Marcus: The Autobiography of Marcus Allen
3166;Lech Walesa;;;9780805006681.0;325.0;10/20/87;"Holt, Henry &amp; Company, Inc.";A Way of Hope: An Autobiography
180;Gary Beadle;;;9781782199526.0;288.0;6/1/14;John Blake Publishing, Limited;Gaz: The Autobiography of Geordie Shore's Ultimate Lad
410;Katie Price;;;9781843582434.0;288.0;7/1/05;John Blake Publishing, Limited;Being Jordan: My Autobiography
2392;;;;;;;;
3562;;;;;;;;
2525;Peter Cartwright;;;2940017762288.0;;;Cincinnati : Hitchcock and Walden;Autobiography of Peter Cartwright : the backwoods preacher
1571;Dempsey J. Travis;;;9780941484121.0;75.0;10/1/91;Urban Research Press, Incorporated;I Refuse to Learn to Fail : The Autobiography of Dempsey J. Travis
