metrica;FirstAuthor;ISBN;PublishDate;Publisher;SecondAuthor;ThirdAuthor;Title;ds
count;286;227;244;258;77;23;286;fodors
unique;223;223;228;196;74;22;275;fodors
top;Mark Twain;8132016939;September 1st 2011;Nabu Press;Harriet E. Smith;Grover Gardner;Autobiography;fodors
freq;17;2;2;6;3;2;4;fodors
nan;0;0;59;63;0;42;28;fodors
count;317;;270;317;41;7;317;zagats
unique;227;;249;211;40;7;311;zagats
top;Benjamin Franklin;;1/28/13;CreateSpace Publishing;Grover Gardner;Published By Northpointe Classics;An Autobiography Volume 2;zagats
freq;28;;4;12;2;1;2;zagats
nan;0;;320;10;10;286;107;zagats
