id;NAME;PHONENUMBER;ADDRESS
4;15 Romolo;(415) 398-1359;15 Romolo Place, San Francisco, CA
18;456 Shanghai Cuisine;1261;69 Mott Street, New York, NY
21;5A5 Steak Lounge;(415) 989-2539;244 Jackson Street, San Francisco, CA
29;9th Street Pizza;(213) 627-7798;231 E 9th St, Los Angeles, CA
39;ABC Seafood;(213) 680-2887;205 Ord St, Los Angeles, CA
41;Acquerello;(415) 567-5432;1722 Sacramento Street, San Francisco, CA
48;AJ Bombers;(608) 305-4474;201 W Gorham St, Madison, WI
57;Al's Place;(415) 416-6136;1499 Valencia Street, San Francisco, CA
64;Alcove Cafe & Bakery;(323) 644-0100;1929 Hillhurst Ave, Los Angeles, CA
71;Allende Restaurant;(773) 477-7114;2408 N. Lincoln Avenue, Chicago, IL
73;Alta CA;(415) 590-2585;1420 Market Street, San Francisco, CA
99;Anella;(718) 389-8100;222 Franklin Street, Brooklyn, NY
100;Angel Cafe & Deli;(415) 931-3467;700 Geary Street, San Francisco, CA
105;Anima Pizza & Pasta;(213) 738-0799;698 S Vermont Ave, Los Angeles, CA
107;Ann Sather;(773) 348-2378;909 W. Belmont Avenue, Chicago, IL
123;Arby's;(608) 274-6205;601 S Gammon Rd, Madison, WI
137;Aroma Bar and Grill;(323) 850-8120;7373 W Sunset Blvd, Los Angeles, CA
151;Asiento;(415) 829-3375;2730 21st Street, San Francisco, CA
153;Athens Gyros;(608) 246-7733;1860 E Washington Ave, Madison, WI
161;Atomic Wings;(212) 760-9090;528 9th Avenue, New York, NY, NY
171;Avec;(312) 377-2002;615 W. Randolph Street, Chicago, IL
185;Babes Madison;(608) 274-7300;5614 Schroeder Rd, Madison, WI
187;Baby Blues BBQ;(415) 896-4250;3149 Mission Street, San Francisco, CA
200;Bahn Thai Restaurant;(608) 256-0202;944 Williamson St, Madison, WI
222;Bar Pastoral;(773) 472-4781;2947 N. Broadway Street, Chicago, IL
225;Bari;(312) 666-0730;1120 W. Grand Avenue, Chicago, IL
232;Barriques Coffee;(608) 268-6264;127 W Washington Ave, Madison, WI
244;Batter & Berries;(773) 248-7710;2748 N. Lincoln Avenue, Chicago, IL
248;BBQ Chicken;(213) 739-1047;698 S Vermont Ave # 101, Los Angeles, CA
250;Bean & Bean;(212) 422-8083;71 Broadway, New York, NY
264;Bel Ami Restaurant;(773) 878-2808;5530 N. Lincoln Avenue, Chicago, IL
334;Blowin' Smoke Barbeque;(608) 215-0069;1336 Montondon Avenue, Waunakee, WI
335;Blu Jam Cafe;(323) 951-9191;7371 Melrose Ave, Los Angeles, CA
346;Blue Velvet Lounge;(608) 250-9900;430 W Gilman St, Madison, WI
356;Bocadillos;(415) 982-2622;710 Montgomery Street, San Francisco, CA
361;Bom Bolla;(773) 698-6601;1501 N. Milwaukee Avenue, Chicago, IL
364;Bonfyre American Grille;(608) 273-3973;2601 West Beltline Highway, Madison, WI
383;BRGRBELLY;(773) 775-6650;5691 N. Milwaukee Avenue, Chicago, IL
388;Brink Lounge;(608) 661-8599;701 E Washington Ave, Madison, WI
392;Brocach Irish Pub;(608) 255-2015;7 W Main St, Madison, WI
404;Buck & Honey's;(608) 837-3131;804 Liberty Boulevard, Sun Prairie, WI
405;Buckingham's Madison;(608) 251-4744;802 Regent St, Madison, WI
426;Burma Love;(415) 861-2100;211 Valencia Street, San Francisco, CA
440;Cafe Costa Rica;(608) 256-9830;1133 Williamson St, Madison, WI
454;Cafe Tallulah;(212) 209-1055;240 Columbus Avenue, New York, NY
459;Cafe Zoma;(608) 246-2009;2326 Atwood Ave, Madison, WI
485;Capriotti's Sandwich Shop;(608) 255-2227;902 Regent St, Madison, WI
496;Carmine's;(212) 221-3800;200 W 44th Street, New York, NY
503;Casa DE Lara;(608) 251-7200;341 State St Ste 2, Madison, WI
505;Casa Del Sol;(608) 663-8818;3040 Cahill Main, Fitchburg, WI
509;Casellula Cheese and Wine Cafe;(212) 247-8137;401 W 52nd Street, New York, NY
512;Cassell's Hamburgers;(213) 387-5502;3600 W 6th St, Los Angeles, CA
522;Cha Cha Cha;(323) 664-7723;656 N Virgil Ave, Los Angeles, CA
533;Cheba Hut;(608) 819-8485;453 W Gilman St, Madison, WI
543;Chez Nanou;(608) 283-4266;805 Williamson St, Madison, WI
550;Chicago Curry House;(312) 362-9999;899 S. Plymouth Court, Chicago, IL
572;China Kitchen;(608) 826-4432;6606 Mineral Pt Rd, Madison, WI
578;Chipotle Mexican Grill;(608) 233-4305;4000 University Ave, Madison, WI
582;Chocolate Shoppe Ice Cream;(608) 255-5454;468 State St, Madison, WI
589;Chop Stop;(424) 274-3500;8717 Santa Monica Blvd, West Hollywood, CA
598;Chutney;(415) 931-5541;511 Jones Street, San Francisco, CA
620;Cocohodo Wilshire;(213) 382-8943;3500 W 6th St, Los Angeles, CA
623;Coffee Bean & Tea Leaf;(310) 557-8435;10250 Santa Monica Blvd, Los Angeles, CA
628;Colibri Mexican Bistro;(415) 440-2737;438 Geary Street, San Francisco, CA
632;Commissary;(415) 561-3663;101 Montgomery Street, San Francisco, CA
663;Crossroads Cafe;(608) 262-5038;1000 Bascom Mall, Madison, WI
680;Curd Girl;(608) 555-5555;100 State St, Madison, WI
703;Dairyland Family Restaurant;(608) 222-9232;716 Cottage Grove Rd, Madison, WI
727;Delarosa;(415) 673-7100;2175 Chestnut Street, San Francisco, CA
737;Desi Deli;(212) 399-9007;724 10th Avenue, New York, NY
757;Dlux;(608) 467-3130;117 Martin Luther King Blvd, Madison, WI
775;Dong Il Jang;(213) 383-5757;3455 W 8th St, Los Angeles, CA
785;Dotty Dumpling's Dowry;(608) 259-0000;317 N Frances St, Madison, WI
822;Durty Nelly's;(415) 664-2555;2328 Irving Street, San Francisco, CA
836;EDO Japanese Restaurant;(608) 268-0247;532 S Park St, Madison, WI
841;Einstein Bros Bagels;(608) 242-9889;3904 E Washington Ave, Madison, WI
853;El Cid;(773) 395-0505;2645 N. Kedzie Avenue, Chicago, IL
862;El Metate;(415) 641-7209;2406 Bryant Street, San Francisco, CA
863;El Norteno Tacos;(415) 756-1220;801 Bryant Street, San Francisco, CA
870;El Pollo Loco;(323) 665-1333;3925 W Sunset Blvd, Los Angeles, CA
874;El Rinconcito Cubano;(773) 489-4440;3248 W. Fullerton Avenue, Chicago, IL
876;El Salsabor Restaurant;(323) 266-1400;522 S Lorena St, Los Angeles, CA
878;El Taco Loco ;;
907;Eno Vino Wine Bar & Bistro;(608) 664-9565;601 Junction Rd, Madison, WI
921;Ethiopian Diamond;(773) 338-6100;6120 N. Broadway Street, Chicago, IL
936;Falling Water Cafe;(608) 831-2000;1313 John Q Hammons Dr, Middleton, WI
939;Famous Yeti's Pizza;(608) 877-1544;971 N Page St, Stoughton, WI
946;Fast Wok;(608) 833-6738;106 W Towne Mall, Madison, WI
977;Five Guys Burgers and Fries;(608) 255-2520;517 State St., Madison, WI
980;Flaming Wok;(608) 240-1085;4237 Lien Rd Ste H, Madison, WI
1004;Fosdal Home Bakery;(608) 873-3073;243 E Main St, Stoughton, WI
1023;Frida Tacos;(323) 549-4666;7217 Melrose, Los Angeles, CA
1081;Glass Nickel Pizza Co.;(608) 218-9000;5003 University Ave Ste 170, Madison, WI
1087;Golden Apple Grill & Breakfast House;(773) 528-1413;2971 N. Lincoln Avenue, Chicago, IL
1108;Gordo Taqueria;(415) 668-8226;5450 Geary Boulevard, San Francisco, CA
1110;Gotham New York Bagels & Eats;(608) 467-7642;112 E Mifflin St, Madison, WI
1120;Granite City Food & Brewery;(608) 829-0700;72 W Towne Mall, Madison, WI
1122;Graze;(608) 251-2700;1 S Pinckney Street, Madison, WI
1125;Great India;(415) 751-4433;6127 Geary Boulevard, San Francisco, CA
1134;Greenbush Bar;(608) 257-2874;914 Regent St, Madison, WI
1148;Gumbo Pot;(323) 933-0358;6333 W 3rd St, Los Angeles, CA
1149;Gus's Diner;(608) 318-0900;630 N Westmount Dr, Sun Prairie, WI
1156;H. Salt Esquire Fish & Chips;(323) 667-2653;4732 Hollywood Blvd, Los Angeles, CA
1167;Han 202;(312) 949-1314;605 W. 31st Street, Chicago, IL
1178;Harold's Chicken Shack;(608) 819-8010;707 S. Gammon Rd, Madison, WI
1181;Harold's Chicken Shack;(773) 252-2424;1361 N. Milwaukee Avenue, Chicago, IL
1183;Harvest;(608) 255-6075;21 N Pinckney St, Madison, WI
1193;Hell's Kitchen;(212) 977-1588;754 9th Avenue, New York, NY
1198;Hero Shop;(213) 265-7561;130 E 6th St, Los Angeles, CA
1202;Hill and Bay;(212) 245-5554;581 2nd Avenue, New York, NY
1214;Honey B;(415) 221-1668;2201 Clement Street, San Francisco, CA
1224;Hopwater Distribution;12347;850 Bush Street, San Francisco, CA
1231;Hot Woks Cool Sushi;(312) 345-1234;30 S. Michigan Avenue, Chicago, IL
1252;Ian's Pizza;(608) 257-9248;100 State St, Madison, WI
1267;Immaculee II Haitian Restaurant & Bakery;(718) 778-7188;1227 Nostrand Ave, Brooklyn, NY
1279;Ippudo;(212) 388-0088;65 4th Avenue, New York, NY
1281;Irish Pub;(608) 256-6071;317 State St Ste A, Madison, WI
1294;J.P. Graziano;(312) 666-4587;901 W. Randolph Street, Chicago, IL
1300;Jacks Stir;(212) 647-0900;425 W 13th St, New York, NY
1302;Jade Garden;(608) 260-9890;1109 S Park St, Madison, WI
1304;Jake Melnick's Corner Tap;(312) 266-0400;41 E. Superior Street, Chicago, IL
1320;JD's;(608) 444-1590;N Broom St & State St, Madison, WI
1326;Jeni's Splendid Ice Creams;(614) 407-0687;1505 N. Milwaukee Avenue, Chicago, IL
1343;Jimmy John's;(608) 255-0301;527 State St, Madison, WI
1346;Jimmy's Red Hots;(773) 384-9513;4000 W. Grand Avenue, Chicago, IL
1354;Joey's Seafood & Grill;(608) 829-0093;6604 Mineral Pt Rd, Madison, WI
1371;Jordan's Big Ten Pub;(608) 251-6375;1330 Regent St, Madison, WI
1379;Julep;1247;827 E Washington Ave, Madison, WI
1394;Kabul Afghanistan Restaurant;(608) 256-6322;540 State St, Madison, WI
1408;KFC;(608) 849-5004;600 W Main St, Waunakee, WI
1411;Khan Toke Thai House;(415) 668-6654;5937 Geary Boulevard, San Francisco, CA
1428;Kit Kat Lounge and Supper Club;(773) 525-1111;3700 N. Halsted Street, Chicago, IL
1449;Kuleto's;(415) 397-7720;221 Powell Street, San Francisco, CA
1455;L's Caffe;(415) 206-0274;2871 24th Street, San Francisco, CA
1462;La Brioche;(608) 233-3388;2862 University Ave, Madison, WI
1490;La Salsa Fresh Mexican Grill;(310) 234-8338;10800 W Pico Blvd, Los Angeles, CA
1491;La Santaneca;(415) 648-1034;3781 Mission Street, San Francisco, CA
1494;Lady M Cake Boutique;(212) 452-2222;41 E 78th St, New York, NY
1497;Lahore Karahi;(415) 567-8603;612 O'Farrell Street, San Francisco, CA
1500;Lakeview Bakery and Deli;(608) 250-2380;524 E. Wilson St., Madison, WI
1509;Lao Laan;(608) 280-0104;1146 Williamson St, Madison, WI
1510;Lao Laan Xang Restaurant;(608) 819-0140;2098 Atwood Ave, Madison, WI
1513;Las Fuentes;(773) 935-2004;2558 N. Halsted Street, Chicago, IL
1520;Layla's Persian Food;(608) 216-4511;141 South Butler Street, Madison, WI
1537;Leelin Bakery & Cafe;(213) 382-2351;209 S Vermont Ave, Los Angeles, CA
1558;Liholiho Yacht Club;(415) 440-5446;871 Sutter Street, San Francisco, CA
1615;Lula Cafe;(773) 489-9554;2537 N. Kedzie Boulevard, Chicago, IL
1630;Mad City Frites;(608) 204-6150;320 State St, Madison, WI
1637;Maharana;(608) 246-8525;1707 Thierer Rd, Madison, WI
1648;MaMa Ji's;(415) 626-4416;4415 18th Street, San Francisco, CA
1652;Mamoun's Falafel;(212) 674-8685;119 MacDougal Street, New York, NY
1656;Manna Cafe & Bakery;(608) 663-5500;611 N Sherman Ave, Madison, WI
1657;Manna Korean Restaurant;(415) 665-5969;845 Irving Street, San Francisco, CA
1659;Manos Nouveau;(415) 638-6109;3115 22nd Street, San Francisco, CA
1667;Marigold Kitchen;(608) 661-5559;118 S Pinckney St, Madison, WI
1673;Mariscos Jalisco;(323) 528-6701;3040 E Olympic Blvd, Los Angeles, CA
1677;Marlowe;(415) 777-1413;500 Brannan Street, San Francisco, CA
1678;Marnee Thai;(415) 665-9500;2225 Irving Street, San Francisco, CA
1679;Marrakesh Restaurant;(608) 238-7111;5510 University Ave, Madison, WI
1682;Masa of Echo Park;(213) 989-1558;1800 W Sunset Blvd, Los Angeles, CA
1693;Mazza Luna;(415) 829-2730;810 S Van Ness Street, San Francisco, CA
1717;Mecca Supper Club;(773) 775-1077;6666 N. Northwest Highway, Chicago, IL
1719;Mediterranean Cafe;(608) 251-8510;625 State St, Madison, WI
1728;Men Oh;(415) 386-8802;5120 Geary Boulevard, San Francisco, CA
1737;Metro Diner;(212) 866-0800;2641 Broadway, New York, NY
1746;Mickey's Tavern;(608) 251-9964;1524 Williamson St, Madison, WI
1751;Milan's Restaurant;(718) 788-7384;710 5th Avenue, Brooklyn, NY
1752;Milio's Sandwiches;(608) 301-9999;5534 Eastpark Blvd, Madison, WI
1784;Mom's Old Recipe;(773) 467-1009;5760 N. Milwaukee Avenue, Chicago, IL
1791;Mooyah;(855) 666-9247;6309 McKee Rd, Fitchburg, WI
1806;Mr. Pizza;(213) 625-0077;350 E 1st St, Los Angeles, CA
1812;Mullen's on Clark;(773) 325-2319;3527 N. Clark Street, Chicago, IL
1820;Nacional 27;(312) 664-2727;325 W. Huron Street, Chicago, IL
1822;Nana;(312) 929-2486;3267 S. Halsted Street, Chicago, IL
1832;Natsumi Bar And Lounge;(212) 258-2988;226 W 50th Street, New York, NY
1833;Nature's Bakery Cooperative;(608) 257-3649;1019 Williamson St, Madison, WI
1847;New Fortune Dim Sum And Cafe;(415) 399-1511;811 Stockton Street, San Francisco, CA
1851;New Orient House;(608) 250-8880;626 S. Park St, Madison, WI
1859;Nick's Pit Stop;(773) 342-9736;2023 N. Damen Avenue, Chicago, IL
1872;Noodles & Company;(608) 829-0202;7050 Mineral Point Rd, Madison, WI
1877;Nori;(773) 292-9992;1393 N. Milwaukee Avenue, Chicago, IL
1881;North Beach Pizza;(415) 433-2444;1462 Grant Avenue, San Francisco, CA
1889;Novela;(415) 896-6500;662 Mission Street, San Francisco, CA
1902;Oakcrest Tavern;(608) 233-1243;5371 Old Middleton Rd, Madison, WI
1938;Oriental Garden;(212) 619-0085;14 Elizabeth Street, New York, NY
1940;Oriental Wok;(608) 255-1288;532 S Park St, Madison, WI
1941;Original Pancake House;(608) 222-1137;518 River Pl, Monona, WI
1942;Original Pancake House;(608) 231-3666;5518 University Ave, Madison, WI
1949;Otto's Tacos;(646) 678-4018;141 2nd Avenue, New York, NY
1959;Paciugo;(773) 248-8433;3241 N. Broadway Street, Chicago, IL
1966;Pakwan;(415) 255-2440;3182 16th Street, San Francisco, CA
1969;Palermo Ristorante Italiano;(323) 663-1178;1858 N Vermont Ave, Los Angeles, CA
1972;Palmyra Mediterranean Grill;1245;419 State St, Madison, WI
1975;Pampas Grill;(323) 931-1928;6333 W 3rd St, Los Angeles, CA
1981;Pancake Cafe;(608) 204-7040;6220 Nesbitt Rd Ste B, Fitchburg, WI
2015;Paradise Lounge;(608) 256-2263;119 W Main St, Madison, WI
2031;Parthenon Gyros Restaurant;(608) 251-6311;316 State St, Madison, WI
2069;Pho Nam;(608) 836-7040;610 Junction Rd Suite 109, Madison, WI
2094;Pisco Latin Lounge;(415) 874-9951;1817 Market Street, San Francisco, CA
2099;Pizza Capri;(312) 280-5700;1733 N. Halsted Street, Chicago, IL
2108;Pizza Hut;(608) 467-0588;520 S Park St, Madison, WI
2123;Pizza Pit Extreme;(608) 833-3344;6628 Odana Rd, Madison, WI
2127;Pizzarito;(310) 823-7333;4371 Glencoe Ave B-7, Marina Del Rey, CA
2134;Plaza Tavern & Grill;(608) 255-6592;319 N Henry St, Madison, WI
2148;Pomp & Circumstance;(312) 951-7667;1400 N. Wells Street, Chicago, IL
2156;Porta Bella;(608) 256-3186;425 N Frances St, Madison, WI
2157;Porteno;(212) 695-9694;299 Tenth Avenue, New York, NY
2158;Prado;(323) 467-3871;244 North Larchmont Boulevard, Los Angeles, CA
2167;Prune;(212) 677-6221;54 E 1st Street, New York, NY
2184;Qdoba Mexican Grill;(608) 280-8720;548 State St, Madison, WI
2186;Quaker Steak & Lube;(608) 831-5823;2259 Deming Way, Middleton, WI
2192;Quickly;(415) 665-3090;2116 Irving Street, San Francisco, CA
2193;Quivey's Grove;(608) 273-4900;6261 Nesbitt Rd, Fitchburg, WI
2204;Ramen Hayatemaru;(310) 212-0055;11678 W Olympic Blvd, Los Angeles, CA
2206;Ramen Takeya;(312) 666-7710;819 W. Fulton Market, Chicago, IL
2253;Rin's;(415) 821-4776;4301 24th Street, San Francisco, CA
2256;Rio Grande;(608) 877-0160;524 W Main St, Stoughton, WI
2258;Rising Sons;(608) 661-4334;617 State St, Madison, WI
2264;Roam Artisan Burgers;(415) 440-7626;1785 Union Street, San Francisco, CA
2266;Roast Public House;(608) 260-0088;529 State St, Madison, WI
2273;Roka Akor;(312) 477-7652;456 N. Clark Street, Chicago, IL
2275;Rolling Pin Bake Shop;(608) 270-9611;2935 S Fish Hatchery Rd, Fitchburg, WI
2281;Rosamunde Sausage Grill;(415) 437-6851;545 Haight Street, San Francisco, CA
2288;Rosie's Main Tap Incorporated;(608) 835-3330;121 S Main St, Oregon, WI
2296;RP Adler's Pub & Grill;(608) 828-1250;8202 Watts Rd, Madison, WI
2299;Ruay Thai Restaurant;(212) 545-7829;625 Second Avenue, New York, NY, NY
2305;Ruth's Chris Steak House;(608) 828-7884;2137 Deming Way, Middleton, WI
2307;Sa Bai Thong;(608) 238-3100;2840 University Ave, Madison, WI
2318;Saigon Sandwich;(415) 474-5698;560 Larkin Street, San Francisco, CA
2333;Samba Grill Cafe;(213) 749-0260;735 E 12th St, Los Angeles, CA
2348;Sardine;(608) 441-1600;617 Williamson St, Madison, WI
2351;Sarku Japan;(608) 833-8808;111 W Towne Mall, Madison, WI
2375;Semiramis;(773) 279-8900;4639 N. Kedzie Avenue, Chicago, IL
2385;Shallots Bistro;(847) 677-3463;7016 Carpenter Road, Skokie, IL
2402;Silly Yak Bakery;(608) 833-5965;7866 Mineral Point Road, Madison, WI
2412;Slide Food Cart;(608) 630-4824;711 State St, Madison, WI
2432;Son of a Gun Restaurant;(323) 782-9033;8370 W 3rd St, Los Angeles, CA
2438;Sotto Mare;(415) 398-3181;552 Green Street, San Francisco, CA
2463;Spur Tree Lounge;(212) 477-9977;74 Orchard Street, New York, NY
2465;St. Mary's Pub;(415) 529-1325;3845 Mission Street, San Francisco, CA
2466;St. Vincent;(415) 285-1200;1270 Valencia Street, San Francisco, CA
2486;State Street Brats;(608) 255-5544;603 State St, Madison, WI
2488;Steak Escape;(608) 833-9771;118 W Towne Mall, Madison, WI
2499;Stout Restaurant & Bar;(212) 629-6191;133 W 33rd Street, New York, NY
2504;Subway;(608) 441-6887;2850 University Ave, Madison, WI
2531;Supply House;(646) 861-3585;1647 2nd Avenue, New York, NY
2535;Sushi Boat;(415) 781-5111;389 Geary Street, San Francisco, CA
2538;Sushi Express;(608) 467-9688;610 University Ave, Madison, WI
2540;Sushi Komasa;(213) 680-1792;351 E 2nd St, Los Angeles, CA
2548;Suwanasak Thai Cuisine;(608) 270-4440;811 S. Gammon Rd., Madison, WI
2550;Swagat Restaurant;(608) 836-9399;707 N High Point Rd, Madison, WI
2555;Sweet Maple;(415) 655-9169;2101 Sutter Street, San Francisco, CA
2577;Taco Bell;(608) 249-7312;4120 E Washington Ave, Madison, WI
2584;Taco in a Bag;(773) 954-2114;4703 N. Lincoln Avenue, Chicago, IL
2621;Taqueria Los Comales;(773) 276-0627;2148 N. Milwaukee Avenue, Chicago, IL
2649;Teddywedgers;(608) 230-5360;101 State St, Madison, WI
2651;Tehuitzingo;(212) 397-5956;695 10th Avenue, New York, NY
2656;Teriyaki Sushi Express;(608) 271-4000;3044 Fish Hatchery Rd, Fitchburg, WI
2667;Thai Noodles;(608) 270-9527;5957 Mckee Rd, Fitchburg, WI
2679;The Briks;(213) 746-7766;1111 S Hope St, Los Angeles, CA
2680;The Buena Vista;(415) 474-5044;2765 Hyde Street, San Francisco, CA
2693;The Counter;(213) 228-7800;725 W 7th St, Los Angeles, CA
2697;The Cricketers Arms;(212) 619-5550;57 Murray Street, New York, NY
2703;The Edison;(213) 613-0000;108 W 2nd St, Los Angeles, CA
2705;The Escondite;(213) 626-1800;410 Boyd St, Los Angeles, CA
2715;The Green Owl Cafe;(608) 285-5290;1970 Atwood Ave, Madison, WI
2730;The Little Door;(323) 951-1210;8164 W 3rd St, Los Angeles, CA
2731;The Little Owl;(212) 741-4695;90 Bedford Street, New York, NY
2735;The Meatball Shop;(212) 257-6121;1462 2nd Avenue, New York, NY
2736;The Nitty Gritty;(608) 251-2521;223 N Frances St, Madison, WI
2738;The Old Fashioned;(608) 310-4545;23 N Pinckney St, Madison, WI
2742;The Pastry Cupboard;(415) 864-2755;1596 Market Street, San Francisco, CA
2745;The Publican;(312) 733-9555;837 W. Fulton Market, Chicago, IL
2758;The Taco Shop;(608) 250-8226;604 University Ave, Madison, WI
2765;The Victory Madison;(608) 240-0366;2710 Atwood Ave, Madison, WI
2770;Three Dots and a Dash;(312) 610-4200;435 N. Clark Street, Chicago, IL
2776;Tinga;(323) 954-9566;142 S La Brea, Los Angeles, CA
2786;Tokyo Express;(608) 280-8338;617 State St, Madison, WI
2794;Tommy's Mexican;(415) 387-4747;5929 Geary Boulevard, San Francisco, CA
2797;Tony Maroni's Famous Gourmet;(310) 966-5050;11645 Wilshire Blvd, Los Angeles, CA
2812;Tous Les Jours;(212) 967-9661;31 West 32nd Street, New York, NY
2825;True Coffee Roasters;(608) 277-1455;6250 Nesbitt Rd, Fitchburg, WI
2830;Tuba;(415) 826-8822;1007 Guerrero Street, San Francisco, CA
2846;Umami Food Cart;(608) 819-6319;700 State St, Madison, WI
2847;Umami Ramen & Dumpling Bar;(608) 819-6319;923 Williamson St., Madison, WI
2859;Vee Vee's;(773) 465-2424;6232 N. Broadway Street, Chicago, IL
2872;Via Lima;(773) 348-4900;4024 N. Lincoln Avenue, Chicago, IL
2873;Vibe;(213) 268-9948;721 S Western Ave, Los Angeles, CA
2878;Villa Dolce;(608) 833-0033;1828 Parmenter St, Middleton, WI
2882;Village Pizzeria;(323) 465-5566;131 N Larchmont Blvd, Los Angeles, CA
2888;Vinoteque on Melrose;(310) 860-6060;7469 Melrose Ave, Los Angeles, CA
2901;Wasabi Japanese Restaurant;(608) 255-5020;449 State St Ste 2G, Madison, WI
2904;Watertower Chop House;(608) 318-1857;109 W Main St, Sun Prairie, WI
2905;Waypoint Public House;(608) 222-3900;320 W Broadway, Madison, WI
2908;Weary Traveler Freehouse;(608) 442-6207;1201 Williamson St, Madison, WI
2933;Wildberry Pancakes & Cafe;(312) 938-9777;130 E. Randolph Street, Chicago, IL
2936;Willalby's Cafe;(608) 259-9032;1351 Williamson St, Madison, WI
2944;Wings Over Madison;(608) 467-3300;2739 University Ave, Madison, WI
2947;Winton Deli;(510) 786-2444;2042 W Winton Avenue, Hayward, CA
2962;Woodhouse Fish Company;(415) 437-2722;2073 Market Street, San Francisco, CA
2969;Yang Chow;(213) 625-0811;819 N Broadway, Los Angeles, CA
2989;Yu Chun Chic Naeng Myun;(213) 382-3815;3185 W Olympic Blvd, Los Angeles, CA
2991;Yum Yum Bangkok;(212) 262-7244;650 9th Avenue, New York, NY
3012;Zuzu Cafe;(608) 260-9898;1336 Drake St, Madison, WI
