id;NAME;PHONENUMBER;ADDRESS
12;15 Romolo;(415) 398-1359;15 Romolo Pl, San Francisco, CA 94133
4537;Shanghai Asian Manor;(212) 766-6311;21 Mott St, New York, NY 10013
1421;Delicious Dim Sum;(415) 781-0721;752 Jackson St, San Francisco, CA 94133
2118;Han Bat Sul Lung Tang;(213) 383-9499;4163 W 5th St, Los Angeles, CA 90020
2554;Jun Won Restaurant;(213) 383-8855;3100 W 8th St, Los Angeles, CA 90005
3221;Men Oh Tokushima Ramen;(213) 687-8485;456 E 2nd St, Los Angeles, CA 90012
4679;Spear Steak & Seafood House;(213) 688-3000;800 W 6th St, Los Angeles, CA 90017
5824;Yang Ban Sul Lung Tang Restaurant;(213) 489-4640;716 E 9th Pl, Los Angeles, CA 90021
250;AOC;(310) 859-9859;8700 W 3rd St, Los Angeles, CA 90048
423;BAR Ama;(213) 687-8002;118 W 4th St, Los Angeles, CA 90013
94;Acquerello;(415) 567-5432;1722 Sacramento St, San Francisco, CA 94109
119;AJ Bombers;(608) 305-4474;201 W Gorham St, Madison, WI 53703
3913;Pica Pica Arepa Kitchen;(415) 400-5453;401 Valencia St, San Francisco, CA 94103
137;Alcove Caf & Bakery;(323) 644-0100;1929 Hillhurst Ave, Los Angeles, CA 90027
5625;Via Lima;(773) 348-4900;4024 N Lincoln Ave, Chicago, IL 60618
3826;Pasta Moto;(415) 546-6686;845 Market St, San Francisco, CA 94103
219;Anella;(718) 389-8100;222 Franklin St, Brooklyn, NY 11222
2249;Hong Kong Lounge;(415) 668-8836;5322 Geary Blvd, San Francisco, CA 94121
2250;Hong Kong Lounge II;(415) 668-8802;3300 Geary Blvd, San Francisco, CA 94118
1473;Dok Dok Chicken;(213) 351-9963;401 S Vermont Ave, Los Angeles, CA 90020
1685;Fahlstroms Fresh Fish Market;(773) 281-6000;1258 W Belmont Ave, Chicago, IL 60657
1038;Chang Jiang;(608) 278-1818;646 S Gammon Rd, Madison, WI 53719
294;Aroma Restaurant;(323) 644-2833;2903 W Sunset Blvd, Los Angeles, CA 90026
319;Asiento;(415) 829-3375;2730 21st St, San Francisco, CA 94110
2245;Hong Kong Buffet;(608) 240-0762;2817 E Washington Ave, Madison, WI 53704
5843;Yum Yum Bangkok;(212) 262-7244;650 9th Ave, New York, NY 10036
354;Avec;(312) 377-2002;615 W Randolph St, Chicago, IL 60661
380;Babes Grill & Bar;(608) 274-7300;5614 Schroeder Rd, Madison, WI 53711
974;Old Bus Taver;(415) 843-1938;3193 Mission St, San Francisco, CA 94110
5124;The Crafty Fox Ale House;(415) 416-6602;1700 Mission St, San Francisco, CA 94103
4407;Lao Laan;(608) 280-0104;1146 Williamson St, Madison, WI 53703
5668;Wah Kee Wonton Noodle;(608) 255-5580;600 Williamson St, Madison, WI 53703
3930;Ping Pong;(773) 281-7575;3322 N Broadway St, Chicago, IL 60657
443;Bari;(312) 666-0730;1120 W Grand Ave, Chicago, IL 60642
2482;Jeta Skin Care and Laser Center;(312) 226-1851;1851 W Grand Ave, Chicago, IL 60622
1912;Gather;(773) 506-9300;4539 N Lincoln Ave, Chicago, IL 60625
3815;Parks BBQ;(213) 380-1717;955 S Vermont Ave, Los Angeles, CA 90006
653;Blue Fin;(212) 918-1400;1567 Broadway, New York, NY 10036
2264;Hot Soup Cart;1445980000000;51st St & Broadway, New York, NY 10019
3518;New Wong Rest;(646) 878-9474;103 E Broadway, New York, NY 10002
5462;Toys R Us;(646) 366-8800;1514 Broadway, New York, NY 10036
5059;The Bad Apple;(773) 360-8406;4300 N Lincoln Ave, Chicago, IL 60618
641;Blowin' Smoke BBQ;(608) 215-0069;1336 Montondon Ave, Waunakee, WI 53597
159;All About the Bread;(323) 930-8989;7111 Melrose Ave, Los Angeles, CA 90046
4399;Sake Lounge;(608) 467-7770;406 W Gilman St, Madison, WI 53703
673;Bocadillos;(415) 982-2622;710 Montgomery St, San Francisco, CA 94111
1321;Crossroads Trading Co.;(773) 227-5300;1519 N Milwaukee Ave, Chicago, IL 60622
4316;Uncharted Book;1445980000000;2630 N Milwaukee Ave, Chicago, IL 60647
688;Bonfyre American Grille;(608) 273-3973;2601 W Beltline Hwy, Madison, WI 53713
4056;Pot Pan;(773) 862-6990;1362 N Milwaukee Ave, Chicago, IL 60642
5089;The Brass Ring;(608) 256-9359;701 E Washington Ave, Madison, WI 53703
1989;Good Food;(608) 217-5227;33 E Main St, Madison, WI 53703
788;Buck & Honey's;(608) 837-3131;804 Liberty Blvd, Sun Prairie, WI 53590
2251;Hong Kong Station;(608) 661-8288;1441 Regent St, Madison, WI 53711
819;Burma Love;(415) 861-2100;211 Valencia St, San Francisco, CA 94103
2820;Lao Laan;(608) 280-0104;1146 Williamson St, Madison, WI 53703
905;Cafe Tallulah;(212) 209-1055;240 Columbus Ave, New York, NY 10023
2818;Lao Laan;(608) 819-0140;2098 Atwood Ave, Madison, WI 53704
957;Capriotti's Sandwich Shop;(608) 255-2227;902 Regent St, Madison, WI 53715
1667;Etcetera Etcetera;(212) 399-4141;352 W 44th St, New York, NY 10036
129;Alan Koa Salon & Spa;(608) 284-1956;202 State St, Madison, WI 53703
670;Blum's Trophies LLC;(608) 256-8296;130 State St, Madison, WI 53703
949;Capital Tap Haus;(608) 310-1010;107 State St, Madison, WI 53703
985;Casa de Lara;(608) 251-7200;341 State St, Madison, WI 53703
2591;Karen & Co;(608) 258-5500;309 State St, Madison, WI 53703
3057;Mad City Frites;(608) 204-6150;320 State St, Madison, WI 53703
3956;Pizza Di Roma;(608) 268-0900;313 State St, Madison, WI 53703
3965;Pizza Hut;(662) 782-8378;662 State St, Madison, WI 53703
5509;Tutto Pasta State Street;(608) 960-9980;305 State St, Madison, WI 53703
986;Casa Del Sol;(608) 663-8818;3040 Cahill Main, Fitchburg, WI 53711
993;Casellula;(212) 247-8137;401 W 52nd St, New York, NY 10019
4636;Son of a Gun;(323) 782-9033;8370 W 3rd St, Los Angeles, CA 90048
4825;Sun Nong Dan;(213) 365-0303;3470 W 6th St, Los Angeles, CA 90020
1025;Cha Cha Cha;(323) 664-7723;656 N Virgil Ave, Los Angeles, CA 90004
1526;Ear Wax Records;(608) 257-6402;254 W Gilman St, Madison, WI 53703
3055;Mad Cat Pet Supply;(608) 255-4450;1012 Williamson St, Madison, WI 53703
4254;Rick's Olde Gold;(608) 257-7280;1314 Williamson St Frnt, Madison, WI 53703
1078;Chicago Curry House;(312) 362-9999;899 S Plymouth Ct, Chicago, IL 60605
1111;China Kitchen;(608) 826-4432;6608 Mineral Point Rd, Madison, WI 53705
1125;Chipotle Mexican Grill;(608) 233-4305;4000 University Ave, Madison, WI 53705
3468;Naf Naf Grill;(608) 256-0071;555 State St, Madison, WI 53703
3945;Pita Pit;(608) 819-6722;449 State St, Madison, WI 53703
4623;Soga Shabu Shabu;(608) 819-6780;508 State St, Madison, WI 53703
5731;Which Wich;(608) 709-1094;411 State St, Madison, WI 53703
411;Bambou Le Pho;(323) 848-8881;8351 Santa Monica Blvd, West Hollywood, CA 90069
3902;Pho Tan Hoa;(415) 673-3163;431 Jones St, San Francisco, CA 94102
2584;Kang Ho Dong Baekjeong;(213) 384-9678;3465 W 6th St, Los Angeles, CA 90020
2585;Kang Ho Dong Baekjeong;(213) 384-9678;3465 W 6th St, Los Angeles, CA 90020
4685;Spicy BBQ Restaurant;(323) 663-4211;5101 Santa Monica Blvd, Los Angeles, CA 90029
2982;Lost Coast Outfitters;(415) 483-2278;550 Montgomery St, San Francisco, CA 94111
1319;Crossroads Cafe;(608) 262-5038;1000 Bascom Mall, Madison, WI 53706
1371;Dairyland Family Restaurant;(608) 222-9232;716 Cottage Grove Rd, Madison, WI 53716
1415;Delarosa;(415) 673-7100;2175 Chestnut St, San Francisco, CA 94123
3156;Marquee New York;(646) 473-0202;289 10th Ave, New York, NY 10001
3933;Pio Pio;(212) 459-2929;604 10th Ave, New York, NY 10036
5743;White Oak Oyster Bar & Cocktail Lounge;(646) 692-9347;818 10th Ave, New York, NY 10019
1464;DLUX;(608) 467-3130;117 Martin Luther King Jr Blvd, Madison, WI 53703
340;Au Lac DTLA;(213) 617-2533;710 W 1st St, Los Angeles, CA 90012
1381;Danger Dogs;1445980000000;415 W 8th St, Los Angeles, CA 90006
1486;Dong II Jang Restaurant;(213) 383-5757;3455 W 8th St, Los Angeles, CA 90005
2101;Hae Jang Chon Korean BBQ Restaurant;(213) 389-8777;3821 W 6th St, Los Angeles, CA 90020
2779;LA Sands Boxing Gym;(213) 909-7029;515 E 4th St, Los Angeles, CA 90013
2860;Le Comptoir;(213) 290-0750;3606 W 6th St, Los Angeles, CA 90020
3122;Mapo Kkak Doo Gee Restaurant;(213) 736-6668;3611 W 6th St, Los Angeles, CA 90020
4138;Quarters Korean BBQ;(213) 365-8111;3465 W 6th St, Los Angeles, CA 90020
4603;Smiles Cafe USC;1445980000000;844 W 32nd St, Los Angeles, CA 90007
5235;The Little Door;(323) 951-1210;8164 W 3rd St, Los Angeles, CA 90048
5308;The Real 3rd Street Chicken House;(213) 386-1135;4254 W 3rd St, Los Angeles, CA 90020
5428;Toe Bang Cafe;(213) 387-4905;3465 W 6th St, Ste 110, Los Angeles, CA 90020
3556;Nitty Gritty Birthday Bar;(608) 251-2521;223 N Frances St, Madison, WI 53703
5845;Yummy Yummy;(415) 566-4722;1015 Irving St, San Francisco, CA 94122
4751;Stephanie S.'s review of The Kombucha Sho;1445980000000;1418 South Park St, Madison, WI 53715
4574;Simone G.'s review of West River Caf;(773) 866-2133;4400 N Kedzie Ave, Chicago, IL 60625
1583;El Metate Restaurant;(415) 641-7209;2406 Bryant St, San Francisco, CA 94110
4428;San Francisco Bay Flowers;(415) 643-6519;801 N Point St, San Francisco, CA 94109
1565;El Cochinito Restaurant;(323) 668-0737;3508 W Sunset Blvd, Los Angeles, CA 90026
2952;Local;(323) 662-4740;2943 W Sunset Blvd, Los Angeles, CA 90026
2744;La Cocina Boricua de la Familia Galarza;(773) 235-7377;2420 W Fullerton Ave, Chicago, IL 60647
499;Beau Ideal House of Beauty;(323) 369-6904;714 S Los Angeles St, Los Angeles, CA 90014
2751;;;
2953;;;
3542;;;
1639;Eno Vino Wine Bar & Bistro;(608) 664-9565;601 Junction Rd, Madison, WI 53717
1695;Falling Water Cafe;(608) 831-2000;1313 John Q Hammons Dr, Middleton, WI 53562
1700;Famous Yetis Pizza;(608) 877-1544;971 N Page St, Stoughton, WI 53589
471;Bath & Body Works;(608) 826-0626;23 W Towne Mall, Madison, WI 53719
5534;Umami Buns;(608) 819-6319;716-798 State St, Madison, WI 53706
1775;Flaming Wok;(608) 240-1085;4237 Lien Rd, Madison, WI 53704
1618;Elsings 2nd Hand Shop;(608) 873-8997;421 E Main St, Stoughton, WI 53589
1863;Froma on Melrose;(323) 653-3700;7960 Melrose Ave, Los Angeles, CA 90046
1956;Glass Nickel Pizza;(608) 218-9000;5003 University Ave, Madison, WI 53705
2035;Great Harvest Bread Company;(608) 284-9309;3258 University Ave, Madison, WI 53705
742;Brian S.'s review of Hong Kong Loung;(415) 668-8836;5322 Geary Blvd, San Francisco, CA 94121
1988;Good Food;(608) 217-5227;33 E Main St, Madison, WI 53703
2022;Granite City Food & Brewery;(608) 829-0700;72 West Towne Mall, Madison, WI 53719
2028;Graze;(608) 251-2700;1 S Pinckney St, Madison, WI 53703
2051;Greenbush Bar;(608) 257-2874;914 Regent St, Madison, WI 53715
5040;Thank U Pho;(213) 380-3223;3522 W 8th St, Los Angeles, CA 90005
2082;Guss Diner;(608) 318-0900;630 N Westmount Dr, Sun Prairie, WI 53590
1132;Cho Oishi;(323) 464-0500;6801 Hollywood Blvd, Los Angeles, CA 90028
4450;Sapp Coffee Shop;(323) 665-1035;5183 Hollywood Blvd, Los Angeles, CA 90027
2305;Husky Hog BBQ;(773) 442-2769;335 W 31st St, Chicago, IL 60616
1040;Chang Jiang Chinese Restaurant;(608) 278-1818;646 S Gammon Rd, Madison, WI 53719
2142;Harvest;(608) 255-6075;21 N Pinckney St, Madison, WI 53703
2173;Hells Kitchen;(212) 977-1588;754 9th Ave, New York, NY 10019
4642;Soot Bull Jeep;(213) 387-3865;3136 W 8th St, Los Angeles, CA 90005
5075;The Black Sheep;(213) 689-5022;126 E 6th St, Los Angeles, CA 90013
4349;Ruay Thai;(212) 545-7829;625 2nd Ave, New York, NY 10016
1991;Good Luck Dim Sum;(415) 386-3388;736 Clement St, San Francisco, CA 94118
3904;Phoenix Hotel;(415) 212-8141;601 Eddy Street, San Francisco, CA 94109
2261;Hopwater Distribution;1445980000000;850 Bush St, San Francisco, CA 94108
1065;Cherry Circle Room;(312) 792-3515;12 S Michigan Ave, Chicago, IL 60603
4058;Potbelly Sandwich Shop;(312) 428-2971;200 S Michigan Ave, Chicago, IL 60604
3006;Lucha Lucha;(929) 273-2380;283 Nostrand Ave, Brooklyn, NY 11216
2360;Ippudo NY;(212) 388-0088;65 4th Ave, New York, NY 10003
2395;J.P. Graziano Grocery Co.;(312) 666-4587;901 W Randolph St, Chicago, IL 60607
1143;Chop Shop II;(646) 964-5672;41 W 24th St, New York, NY 10010
3603;NTS News;(917) 796-5264;224 W 35th St, New York, NY 10001
2411;Jade Garden;(608) 260-9890;1109 S Park St, Madison, WI 53715
2413;Jake Melnicks Corner Tap;(312) 266-0400;41 E Superior St, Chicago, IL 60611
2470;Jeremy K.'s review of Goodman's Jeweler;(608) 257-3644;220 State St, Madison, WI 53703
2619;Kelly E.'s review of Urban Outfitter;(608) 258-8818;604 State St, Madison, WI 53703
2459;Jenis Splendid Ice Creams;(872) 802-4668;1505 N Milwaukee Ave, Chicago, IL 60622
2489;Jim L.'s review of Parthenon Gyros Restauran;(608) 251-6311;316 State St, Madison, WI 53703
2492;Jimmy Johns;(608) 251-6789;527 State St, Madison, WI 53703
1060;Chef Fredy Cuisine;(630) 556-1057;1752 W Grand Ave, Chicago, IL 60622
3591;North and South Seafood & Smokehouse;(608) 829-0093;6604 Mineral Point Rd, Madison, WI 53705
2567;Kabul Restaurant;(608) 256-6322;540 State St, Madison, WI 53703
2634;KFC;(608) 849-5004;600 W. Main Street, Waunakee, WI 53597
2562;K & G Jewelers;(415) 751-2712;5520 Geary Blvd, San Francisco, CA 94121
3519;New World Market;(415) 751-8810;5641 Geary Blvd, San Francisco, CA 94121
2596;Karyns Fresh Corner Raw;(312) 255-1590;1901 N Halsted St, Chicago, IL 60614
5254;The Mid;(312) 265-3990;306 N Halsted St, Chicago, IL 60661
2706;Kuletos;(415) 397-7720;221 Powell St, San Francisco, CA 94102
5459;Tortas Los Picudos;(415) 824-4199;2969 24th St, San Francisco, CA 94110
1482;Don the Car Care Man;(608) 467-0602;2008 University Ave, Madison, WI 53726
2719;L S.'s review of La Brioche True Foo;(608) 233-3388;2862 University Ave, Madison, WI 53705
984;Casa Chocolate;(323) 734-7679;3319 W Pico Blvd, Los Angeles, CA 90019
2770;La Oaxaquea;(415) 621-5446;2128 Mission St, San Francisco, CA 94110
2788;La Taqueria;(415) 285-7117;2889 Mission St, San Francisco, CA 94110
5146;The Eddy;(646) 895-9884;342 E 6th St, New York, NY 10003
2622;Ken S.'s review of Sai Jai Thai Restauran;(415) 673-5774;771 O'Farrell St, San Francisco, CA 94109
2801;Lakeview Bakery and Deli;(608) 250-2380;524 E Wilson St, Madison, WI 53703
2095;Ha Long Bay Vietnamese & Thai Bistro;(608) 255-2868;1353 Williamson St, Madison, WI 53703
2096;Ha Long Bay Vietnamese & Thai Bistro;(608) 255-2868;1353 Williamson St, Madison, WI 53703
2852;Lazy Janes;(608) 257-5263;1358 Williamson St, Madison, WI 53703
4000;Plan B;(608) 257-5262;924 Williamson St, Madison, WI 53703
4717;St Vincent De Paul Stores;(608) 257-0673;1309 Williamson St, Madison, WI 53703
2819;Lao Laan;(608) 819-0140;2098 Atwood Ave, Madison, WI 53704
5024;Tex Tubbs Taco Palace;(608) 242-1800;2009 Atwood Ave, Madison, WI 53704
2848;Laylas Persian Food;(608) 216-4511;141 S Butler St, Madison, WI 53703
2903;Liholiho Yacht Club;(415) 440-5446;871 Sutter St, San Francisco, CA 94109
3019;Lula Cafe;(773) 489-9554;2537 N Kedzie Blvd, Chicago, IL 60647
3056;Mad City Crabhouse;1445980000000;122 State St, Madison, WI 53774
3089;Maharaja Restaurant;(608) 246-8525;1707 Thierer Rd, Madison, WI 53704
3104;MaMa Jis;(415) 212-8187;4416 18th St, San Francisco, CA 94114
5368;The Up & Up;(212) 260-3000;116 MacDougal St, New York, NY 10012
2327;IGo VeGo;(608) 658-7081;1219 N Sherman Ave, Madison, WI 53704
3114;Manna Cafe & Bakery;(608) 663-5500;611 N Sherman Ave, Madison, WI 53704
3319;Minas Brazilian Restaurant & Cachaaria;(415) 626-8727;41 Franklin Street, San Francisco, CA 94102
3132;Marigold Kitchen;(608) 661-5559;118 S Pinckney St, Madison, WI 53703
5839;Yu Chun Chic Naeng Myun;(213) 382-3815;3185 W Olympic Blvd, Los Angeles, CA 90006
3151;Marlowe;(415) 777-1413;500 Brannan St, San Francisco, CA 94107
3158;Marrakesh;(608) 238-7111;5510 University Ave, Madison, WI 53705
3723;Ostrich Farm;(213) 537-0657;1525 W Sunset Blvd, Los Angeles, CA 90026
1443;Dim Sum Club;(415) 529-2615;2550 Van Ness Ave, San Francisco, CA 94109
3207;Mecca Supper Club;(773) 775-1077;6666 N Northwest Hwy, Chicago, IL 60631
3247;Met Photo;(212) 869-6960;1500 Broadway, New York, NY 10036
3301;Milan Restaurant;(718) 788-7384;710 5th Ave, Brooklyn, NY 11226
3304;Milios Sandwiches;(608) 245-2700;5534 Eastpark Blvd, Madison, WI 53718
227;Angie M.'s review of Small Cheva;1445980000000;1732 N Milwaukee Ave, Chicago, IL 60647
3401;MOOYAH Burgers, Fries & Shakes;(608) 270-1022;6309 Mckee Rd, Fitchburg, WI 53719
1187;Clark St. Ale House;(877) 637-7133;742 N Clark St, Chicago, IL 60654
3466;Nacional 27;(312) 664-2727;325 W Huron St, Chicago, IL 60654
4667;South Kawa;(773) 940-1238;3417 S Halsted St, Chicago, IL 60608
1146;Chris A.'s review of Arts and Crafts Beer Parlo;(646) 678-5263;26 W 8th St, New York, NY 10011
2821;Lao Laan;(608) 280-0104;1146 Williamson St, Madison, WI 53703
3507;New Golden Daisy;(415) 392-0111;1041 Stockton St, San Francisco, CA 94108
3696;Oriental Wok;(608) 255-1288;532 S Park St, Madison, WI 53715
3539;Nicks Pit Stop;(773) 342-9736;2023 N Damen Ave, Chicago, IL 60647
3576;Noodles & Company;(608) 829-0202;7050 Mineral Point Rd and Gammon Rd, Madison, WI 53717
4043;Pork & Mindys;(844) 573-6737;1623 N Milwaukee Ave, Chicago, IL 60647
2248;Hong Kong Clay Pot Restaurant;(415) 989-2638;960 Grant Ave, San Francisco, CA 94108
4843;Super Duper Burgers;(415) 882-1750;783 Mission St, San Francisco, CA 94103
3614;Oakcrest Tavern;(608) 233-1243;5371 Old Middleton Rd, Madison, WI 53705
4567;Siggys Good Food;(212) 226-5775;292 Elizabeth St, New York, NY 10012
3695;Orient House;(608) 571-6512;626 S Park St, Madison, WI 53715
3698;Original Pancake House;(608) 222-1137;516 River Pl, Monona, WI 53716
3697;Original Pancake House;(608) 231-3666;5518 University Ave, Madison, WI 53705
2809;Lan Larb;(212) 889-1769;637 2nd Ave, New York, NY 10016
3755;Pakwan Restaurant;(415) 255-2440;3180-82 16th St, San Francisco, CA 94103
3764;Palmyra Mediterranean Grill;(608) 630-9191;419 State St, Madison, WI 53703
5826;Yang San Bak;(213) 365-9689;3601 W 6th St, Los Angeles, CA 90020
5015;Ten Pin Alley;(608) 845-1010;6285 Nesbitt Rd, Fitchburg, WI 53719
5281;The Paradise Lounge;(608) 256-2263;119 W Main St, Madison, WI 53703
3789;Pantheon Bar;(608) 251-6311;316 State St, Madison, WI 53703
958;Capriottis Sandwich Shop;(608) 833-5551;610 Junction Rd, Madison, WI 53717
3900;Pho Nam Noodle House;(608) 836-7040;610 Junction Rd, Madison, WI 53717
4842;Super Duper Burgers;(415) 558-8123;2304 Market St, San Francisco, CA 94114
4449;Sapori Trattoria;(312) 967-9358;2701 N Halsted St, Chicago, IL 60614
3958;Pizza Hut;(608) 442-4242;520 S. Park St., Madison, WI 53715
3983;Pizza Pit Extreme;(608) 271-3333;6628 Odana Rd, Madison, WI 53719
5655;VIP;(608) 831-5555;6718-6722 Odana Rd, Madison, WI 53719
3987;Pizzarito New York Pizza By the Slice;(310) 823-7333;4371 Glencoe Ave, Marina del Rey, CA 90292
5295;The Plaza Tavern;(608) 255-6592;319 N Henry St, Madison, WI 53703
4033;Pomp & Circumstance;(312) 951-7667;1400 Wells St, Chicago, IL 60610
4046;Porta Bella;(608) 256-3186;425 N Frances St, Madison, WI 53703
4048;Porteno Restaurant;(212) 695-9694;299 10th Ave, New York, NY 10001
4068;Prado Restaurant;(323) 467-3871;244 N Larchmont Blvd, Los Angeles, CA 90004
1342;Cup & Cup;(646) 398-9990;15 E 31st St, New York, NY 10016
4367;Ruths Chris Steak House;(608) 828-7884;2137 Deming Way, Middleton, WI 53562
3550;Nina O.'s review of Ten Pin Alle;(608) 845-1010;6285 Nesbitt Rd, Fitchburg, WI 53719
1889;Gam Ja Gol;(213) 381-6446;3003 W Olympic Blvd, Los Angeles, CA 90006
4172;Ramen Takeya;(312) 666-7710;819 W Fulton Market, Chicago, IL 60607
1593;El Rio Grande;(608) 877-0160;524 W Main St, Stoughton, WI 53589
5535;Umami Burger;(415) 440-8626;2184 Union St, San Francisco, CA 94123
3684;Ora;(773) 506-2978;5143 N Clark St, Chicago, IL 60640
1036;Chang Jiang;(608) 288-1888;2935 S Fish Hatchery Rd, Fitchburg, WI 53711
1026;Cha Cha Cha;(415) 386-7670;1801 Haight St, San Francisco, CA 94117
89;Aces Main Tap;(608) 835-3330;121 S Main St, Oregon, WI 53575
3322;Ming Moon;(608) 835-2163;787 N Main St, Oregon, WI 53575
4346;RP Adlers;(608) 828-1250;8202 Watts Rd, Madison, WI 53719
4132;Quaker Steak & Lube;(608) 831-5823;2259 Deming Way, Middleton, WI 53562
5732;Which Wich;(608) 836-9424;2177 Deming Way, Middleton, WI 53562
613;BJs Kolaches;(715) 340-6267;975 University Ave, Madison, WI 53706
4390;Saigon Sandwich;(415) 474-5698;560 Larkin St, San Francisco, CA 94102
4456;Sardine;(608) 441-1600;617 Williamson St, Madison, WI 53703
4458;Sarku Japan;(608) 833-8808;111 W Towne Mall, Madison, WI 53719
4459;Sarku Japan;(608) 836-0818;108 W Towne Mall, Madison, WI 53719
2390;J J Fish;(773) 533-1995;816 N Kedzie Ave, Chicago, IL 60651
4533;Shallots Bistro;(847) 677-3463;7016 Carpenter Rd, Skokie, IL 60076
450;Barrel Down;(213) 232-8657;525 W 7th St, Los Angeles, CA 90014
1160;Chunju Han;(213) 480-1799;3450 W 6th St, Los Angeles, CA 90020
1378;Dan Sung Sa;(213) 487-9100;3317 W 6th St, Los Angeles, CA 90020
1561;El Carmen;(323) 852-1552;8138 W 3rd St, Los Angeles, CA 90048
4581;Sixth St Tavern;(213) 614-1900;630 W 6th St, Los Angeles, CA 90017
5793;Wood Spoon;(213) 629-1765;107 W 9th St, Los Angeles, CA 90015
4654;Sotto Mare;(415) 398-3181;552 Green St, San Francisco, CA 94133
618;Black Tree;(212) 533-4684;131 Orchard St, New York, NY 10002
1197;Club Puertorriqueno De San Francisco;(415) 920-9606;3249 Mission St, San Francisco, CA 94110
1819;Four Star Video Cooperative;(608) 255-1994;449 State St, Madison, WI 53703
4740;Steak Escape;(608) 833-9771;118 W Towne Mall, Madison, WI 53719
2691;Kopi Kopi NYC;(212) 777-7285;68 W 3rd St, New York, NY 10012
4790;Subway;(608) 441-6887;2850 University Ave, Madison, WI 53705
4427;San Dong Best;(415) 668-5888;3741 Geary Blvd, San Francisco, CA 94118
4878;Swagat;(800) 601-7491;707 N High Point Rd, Madison, WI 53717
4890;Sweet Maple;(415) 655-9169;2101 Sutter St, San Francisco, CA 94115
1614;Ellas Deli;(608) 241-5291;2902 E Washington Ave, Madison, WI 53704
5020;Teriyaki Sushi Express;(608) 271-4000;3044 Fish Hatchery Rd, Fitchburg, WI 53713
5033;Thai Noodles;(608) 270-9527;5957 Mckee Rd, Fitchburg, WI 53719
797;Buena Vista Cafe;(415) 474-5044;2765 Hyde St, San Francisco, CA 94109
4531;Shake Shack;(646) 545-4600;215 Murray St, New York, NY 10282
5184;The Green Owl;(608) 285-5290;1970 Atwood Ave, Madison, WI 53704
2400;Jack N Jills Too;(310) 858-4900;8738 W 3rd St, Los Angeles, CA 90048
5237;The Little Easy;(213) 628-3113;216 W 5th St, Los Angeles, CA 90013
5238;The Little Owl;(212) 741-4695;90 Bedford St, New York, NY 10014
1491;Dotty Dumplings Dowry;(608) 259-0000;317 N Frances St, Madison, WI 53703
5273;The Old Fashioned;(608) 310-4545;23 N Pinckney St, Madison, WI 53703
5305;The Publican;(312) 733-9555;837 W Fulton Market, Chicago, IL 60607
5357;The Taco Bros;(608) 422-5075;604 E University Ave, Madison, WI 53715
583;Bill D.'s review of Chez Delisay Cajun Cuisin;(872) 806-0986;6621 N Clark St, Chicago, IL 60626
5411;Tinga;(323) 954-9566;142 S La Brea Ave, Los Angeles, CA 90036
5433;Tokyo Express;(608) 280-8338;617 State St, Madison, WI 53703
1218;Colibri Mexican Bistro;(415) 440-2737;438 Geary St, San Francisco, CA 94102
487;BCD Tofu House;(213) 382-6677;3575 Wilshire Blvd, Los Angeles, CA 90010
4721;St. Thomas Church Fifth Avenue;(212) 757-7013;1 West 53rd St, New York, NY 10019
5499;Tuba;(415) 826-8822;1007 Guerrero St, San Francisco, CA 94110
571;Big Bricks;(773) 525-5022;3832 N Lincoln Ave, Chicago, IL 60613
5369;The Vape Shop;(323) 496-9288;125 N Western Ave, Los Angeles, CA 90004
5634;Villa Dolce;(608) 833-0033;1828 Parmenter St, Middleton, WI 53562
2823;Larchmont Village Wine Spirits & Cheese;(323) 856-8699;223 N Larchmont Blvd, Los Angeles, CA 90004
1829;Franco On Melrose;(323) 934-3390;6919 Melrose Ave, Los Angeles, CA 90038
5649;Vinoteque On Melrose;(310) 860-6060;7469 Melrose Ave, Los Angeles, CA 90046
1039;Chang Jiang;(608) 825-9108;984 W Main St, Sun Prairie, WI 53590
5698;Waypoint Public House;(608) 222-0224;320 W Broadway, Monona, WI 53716
5752;Wildberry Pancakes and Cafe;(312) 938-9777;130 E Randolph St, Chicago, IL 60601
5774;Winton Deli Cafe;(510) 786-2444;2042 W Winton Ave, Hayward, CA 94545
5200;The Hot Spot;(415) 355-9800;1414 Market St, San Francisco, CA 94102
5198;The Heights Deli & Bottle Shop;(323) 223-0708;2927 N Broadway, Los Angeles, CA 90031
325;At nine Restaurant & Bar;(212) 265-4499;592 9th Ave, New York, NY 10036
4263;Riposo 46;(929) 220-3952;667 9th Ave, New York, NY 10036
5880;ZuZu Cafe & Market;(608) 260-9898;1336 Drake St, Madison, WI 53715
