metrica;NR_CPF_CANDIDATO;NM_CANDIDATO;DS_GENERO;DS_ESTADO_CIVIL;DS_COR_RACA;DS_OCUPACAO;DS_NACIONALIDADE;SG_UF;DT_NASCIMENTO;SG_UF_NASCIMENTO;NM_MUNICIPIO_NASCIMENTO;DS_GRAU_INSTRUCAO;NM_EMAIL
count;10012;10012;10012;10012;10012;10012;10012;10012;10011;10012;10012;10012;10012
unique;9990;9934;3;6;6;191;5;28;7360;29;2683;8;6305
top;43935117272;REBECCA MARTINS GARCIA;MASCULINO;CASADO(A);BRANCA;OUTROS;BRASILEIRA NATA;RJ;08/10/1977;RJ;RIO DE JANEIRO;SUPERIOR COMPLETO;#NULO#
freq;3;3;6847;5455;5354;1844;9970;1387;6;1333;858;4667;2344
nan;0;0;0;0;0;0;0;0;1;1;0;0;0
