metrica;NR_CPF_CANDIDATO;NM_CANDIDATO;DS_GENERO;DS_ESTADO_CIVIL;DS_COR_RACA;DS_OCUPACAO;DS_NACIONALIDADE;SG_UF;DT_NASCIMENTO;SG_UF_NASCIMENTO;NM_MUNICIPIO_NASCIMENTO;DS_GRAU_INSTRUCAO;NM_EMAIL
count;10007;10007;10007;10007;10007;10007;10007;10007;10004;10007;10007;10007;10007
unique;9985;9938;3;6;6;192;5;28;7399;29;2696;8;6436
top;000000000-4;JOSE GONÇALVES DOS SANTOS;MASCULINO;CASADO(A);BRANCA;OUTROS;BRASILEIRA NATA;RJ;19/05/1968;RJ;RIO DE JANEIRO;SUPERIOR COMPLETO;#NULO#
freq;3;2;6779;5391;5328;1876;9951;1342;6;1341;867;4592;2043
nan;0;0;0;0;0;0;0;0;3;3;0;0;0
