id;title;pubyear;pages
6;Professional Microsoft SQL Server 2008 Administration;8.0;912
8;Microsoft SQL Server 2008 Reporting Services;8.0;866
31;Database Design for Smarties: Using UML for Data Modeling  ;99.0;464
45;Advances in Databases: 17th British National Conference on Databases, BNCOD 17 Exeter, UK, July 3-5, 2000 Proceedings  ;0.0;226
50;SQL Server DMVs in Action: Better Queries with Dynamic Management Views;11.0;375
63;Oracle Web Application Programming for PL/SQL Developers;2.0;745
64;MySQL Stored Procedure Programming;6.0;640
88;Expert Oracle Application Express;14.0;612
95;Apache Cassandra Hands-On Training Level One;14.0;406
98;Database Management Systems  ;99.0;936
109;FileMaker Pro 5.5 for Windows & Macintosh  ;1.0;344
114;Big Data Analytics: Second International Conference, BDA 2013, Mysore, India, December 16-18, 2013, Proceedings  ;13.0;197
130;High Availability Guide for DB2;4.0;256
136;Oracle Parallel Processing;0.0;288
141;By Ralph Kimball The Data Warehouse Toolkit: The Definitive Guide to Dimensional Modeling  ;13.0;
150;Refactoring Databases: Evolutionary Database Design;6.0;384
157;Making Sense of NoSQL: A guide for managers and the rest of us;13.0;312
167;Database Solutions: A step-by-step guide to building databases;99.0;448
170;Oracle9i DBA JumpStart;3.0;400
182;Microsoft SQL Server 2008 R2 Unleashed;10.0;1704
183;Similarity Search: The Metric Space Approach  ;5.0;220
190;MicrosoftÀ_À_ SQL ServerÀ_À_ 2000 Analysis Services Step by Step  ;0.0;400
213;SQL Server Query Performance Tuning Distilled  ;4.0;624
232;Administrator's Guide To Sybase ASE 15  ;6.0;472
301;Mobility, Data Mining and Privacy: Geographic Knowledge Discovery;8.0;410
307;Advances in Database Technology - EDBT '98: 6th International Conference on Extending Database Technology, Valencia, Spain, March 23-27, 1998.  ;98.0;520
316;Pentaho Analytics for MongoDB;14.0;146
318;Sams Teach Yourself Beginning Databases in 24 Hours;3.0;480
326;Oracle Utilities Pocket Reference  );4.0;128
334;Advances in Information Retrieval: 30th European Conference on IR Research, ECIR 2008, Glasgow, UK, March 30 -- April 3, 2008  ;8.0;722
336;Phase change memory in Relational Database;12.0;84
361;Handbook of Statistical Analysis and Data Mining Applications;9.0;864
368;Relational Database: Selected Writings;86.0;497
382;Making Sense of Data II: A Practical Guide to Data Visualization, Advanced Data Mining Methods, and Applications;9.0;308
390;Database Modeling with MicrosoftÀ_À_ Visio for Enterprise Architects  ;3.0;425
395;Oracle Grid and Real Application Clusters: Oracle Grid Computing with RAC    ;14.0;214
401;Advanced Data Mining and Applications: 6th International Conference, ADMA 2010, Chongqing, China, November 19-21, 2010, Proceedings, Part II  ;10.0;576
405;Microsoft SQL Server 2012 Internals  ;13.0;982
416;Research in Computational Molecular Biology: 11th Annunal International Conference, RECOMB 2007, Oakland, CA, USA, April 21-25, 2007, Proceedings ... Science / Lecture Notes in Bioinformatics);7.0;550
423;Oracle8i DBA Bible;0.0;1152
429;SQL Server 2005 Reporting Services in Action: Revised edition of Microsoft Reporting Services in Action;6.0;656
447;Recommender Systems for Location-based Social Networks  ;14.0;108
448;Data Mining for Business Intelligence: Concepts, Techniques, and Applications in Microsoft Office Excel with XLMiner;10.0;428
457;Customer Data Integration: Reaching a Single Version of the Truth  ;6.0;320
467;Developing Essbase Applications: Advanced Techniques for Finance and IT Professionals;12.0;445
472;Exploring Microsoft Office Access 2010 Comprehensive;10.0;740
484;Data Warehousing Fundamentals A Comprehensive Guide for IT Professionals 2001 publication.;1.0;
488;Advanced Approaches to Intelligent Information and Database Systems  ;14.0;366
497;Data Warehousing;0.0;
502;First Steps in DATA MINING with SAS ENTERPRISE MINER;14.0;72
508;Microsoft Office PowerPoint 2007: Introductory Concepts and Techniques  ;7.0;224
527;Microsoft Access 2000 Bible;99.0;1272
554;Professional Hadoop Solutions;13.0;504
565;Introducing Microsoft SQL Server 2012;14.0;288
569;Web 2.0 and Beyond: Principles and Technologies  ;12.0;408
572;Data Mining Methods and Models;6.0;344
604;SQL Server and ADO Programming Complete;1.0;1024
605;Linear Algebra Tools For Data Mining;12.0;880
610;MicrosoftÀ_À_ ADO.NET Step by Step  ;2.0;528
615;Your Office: Microsoft Access 2013, Comprehensive  ;13.0;800
618;Advanced Database Technology and Design  ;0.0;558
621;Designing Database Applications with Objects and Rules: The IDEA Methodology  ;97.0;600
658;Oracle ADF Enterprise Application Development À__ Made Simple: Second Edition;14.0;432
670;MicrosoftSQL Server 7 For Dummies  );98.0;359
674;SQL;2.0;424
676;R-Trees: Theory and Applications  ;5.0;194
688;Advanced Database Indexing  ;99.0;286
693;MySQL Management and Administration with Navicat;12.0;134
720;Oracle 10g Developing Media Rich Applications;6.0;520
729;Oracle Database Ajax & PHP Web Application Development  ;8.0;458
730;Expert Oracle Application Express Security  ;13.0;296
740;Microsoft SQL Server 2012 Master Data Services 2/E;12.0;416
741;Learn Access 2003 VBA With The Smart Method;7.0;296
749;Database Management Systems: Designing and Building Business Applications;1.0;
786;Bioinformatics Research and Applications: 9th International Symposium, ISBRA 2013, Charlotte, NC, USA, May 20-22, 2013, Proceedings  ;13.0;312
788;Distributed Data-base Management Systems  ;82.0;176
790;Developer's Guide to DB2 for Common Servers  ;97.0;1045
791;Access 97 Bible;97.0;1176
800;Data Warehousing And Business Intelligence For e-Commerce  ;1.0;320
820;Practical Database Programming with Java;11.0;952
823;Transact-SQL Cookbook;2.0;304
828;Microsoft Office Access 2007 VBA;7.0;408
839;Professional Microsoft SQL Server 2012 Reporting Services;12.0;912
848;Oracle WebLogic Server 12c Administration Handbook;14.0;576
865;Biodiversity Databases: Techniques, Politics, and Applications  ;7.0;208
878;SQL Bible;8.0;888
882;Oracle8 Architecture;97.0;356
893;Super Charge Your Data Warehouse: Invaluable Data Modeling Rules to Implement Your Data Vault;11.0;126
901;Data Warehousing Fundamentals for IT Professionals;10.0;600
906;Transactions on Computational Systems Biology X  ;8.0;197
913;Access 2013 For Dummies;13.0;456
915;Recommender Systems and the Social Web: Leveraging Tagging Data for Recommender Systems;13.0;112
932;Data Mining For Dummies  );14.0;408
949;Pro SQL Server Internals;14.0;804
996;Database Design, Application & Administration w/ ER Asst;3.0;735
1006;A Course in In-Memory Data Management: The Inner Mechanics of In-Memory Databases;13.0;297
1027;Data Quality: The Field Guide;1.0;256
1031;Mastering Oracle SQL;4.0;496
1036;Mobility Data Management and Exploration;14.0;300
1048;Business Intelligence and Data Warehousing;12.0;280
1050;Beginning DB2: From Novice to Professional  ;8.0;544
1056;Oracle Database XE 11gR2 Jump Start Guide;12.0;146
1059;Microsoft SQL Server 2012 Security Cookbook;12.0;322
1066;SQL Server 2000 Web Application Developer's Guide;0.0;663
1070;Beginning SQL Server 2008 Express for Developers: From Novice to Professional  ;8.0;536
1103;Portable DBA: Oracle;4.0;598
1114;Database Systems;13.0;
1124;Pro ODP.NET for Oracle Database 11g  ;10.0;468
1139;Advances in Databases: 11th British National Conference on Databases, BNCOD 11, Keele, UK, July 7-9, 1993. Proceedings  ;93.0;278
1141;Content Management Bible  ;4.0;1176
1146;Oracle Data Warehousing and Business Intelligence Solutions;7.0;408
1150;Principles of Distributed Database Systems;90.0;528
1167;MySQL Pocket Reference;3.0;96
1186;Oracle9i: The Complete Reference;2.0;1256
1202;Advances in Intelligent Data Analysis IX: 9th International Symposium, IDA 2010, Tucson, AZ, USA, May 19-21, 2010, Proceedings  ;10.0;260
1210;Multimedia Data Mining: A Systematic Introduction to Concepts and Theory  ;8.0;320
1217;SQL Interoperability Joes 2 Pros: A Guide to Integrating SQL Server with XML, C#, and PowerShell  ;11.0;418
1227;Database Programming with Visual Basic .NET;1.0;504
1237;Understanding DB2 9 Security;6.0;432
1251;Expert Cube Development with SSAS Multidimensional Models;14.0;402
1259;SQL Server 2012 Database Design;13.0;462
1265;Microsoft Office Access 2007: Complete Concepts and Techniques  ;7.0;528
1266;MicrosoftÀ_À_ SQL ServerÀ_À_ 2005 Analysis Services Step by Step  ;6.0;400
1294;Study Guide for 1Z0-117: Oracle Database 11g Release 2: SQL Tuning  ;13.0;190
1296;Beginning ASP.NET Databases using C;;
1305;Beginning SQL Server 2012 for Developers  ;12.0;720
1310;Distributed Database Systems  ;92.0;424
1340;Data Warehousing and Knowledge Discovery. First International Conference, DaWaK'99 Florence, Italy, August 30 - September 1, 1999 Proceedings;99.0;
1343;Oracle8 Bible;98.0;1140
1344;Hadoop: The Definitive Guide;12.0;688
1350;Transactions on Large-Scale Data- and Knowledge-Centered Systems I  ;9.0;374
1352;Multidatabase Systems: An Advanced Solution for Global Information Sharing;93.0;387
1355;DATA MINING con IBM SPSS a traves de ejemplos  ;12.0;388
1372;Relational Data Clustering: Models, Algorithms, and Applications  ;10.0;216
1377;SQL Server 2012 Reporting Services Blueprints;13.0;246
1393;Artificial Immune Systems: 6th International Conference, ICARIS 2007, Santos, Brazil, August 26-29, 2007, Proceedings  ;7.0;440
1402;Programming Microsoft LINQ in .NET Framework 4  ;10.0;650
1410;Oracle Solid State Disk Tuning: High Performance Oracle Tuning with RAM Disk;5.0;240
1426;Mastering Lotus Approach 96 for Windows 95;96.0;785
1455;Strategic Data Warehousing: Achieving Alignment with Business;9.0;224
1472;OCA/OCP Oracle Database 12c All-in-One Exam Guide  ;15.0;1072
1480;Joe Celko's Thinking in Sets: Auxiliary, Temporal, and Virtual Tables in SQL  ;8.0;384
1492;Advances in Databases: 19th British National Conference on Databases, BNCOD 19, Sheffield, UK, July 17-19, 2002. Proceedings  ;2.0;204
1496;By Ralph Kimball The Data Warehouse Toolkit: The Complete Guide to Dimensional Modeling  ;2.0;
1497;Modern Analytics Methodologies: Driving Business Value with Analytics  ;14.0;272
1499;DB2  High Performance Design and Tuning;0.0;736
1503;Special Edition Using Microsoft Office Access 2007;7.0;1488
1507;Modern Database Management Casebook;2.0;96
1545;From Access to SQL Server;0.0;400
1560;Rough Sets and Current Trends in Computing: 6th International Conference, RSCTC 2008 Akron, OH, USA, October 23 - 25, 2008 Proceedings  ;8.0;534
1562;Pro SQL Server 2005 Service Broker  ;7.0;453
1570;GO! with Microsoft Access 2010, Comprehensive;10.0;1168
1574;Professional Microsoft SQL Server 2008 Reporting Services;8.0;816
1585;HOWTO Secure and Audit Oracle 10g and 11g;9.0;470
1614;Microsoft Office Access 2010: A Case Approach, Introductory  ;10.0;432
1630;Visual Basic6 Database Programming;98.0;1032
1660;Database Design Manual: using MySQL for Windows  ;3.0;209
1669;Data Visualization Techniques  ;99.0;156
1670;Microsoft SQL Server 2005 Administrator's Pocket Consultant  ;5.0;576
1682;Social Computing and Behavioral Modeling;9.0;264
1702;Database Management Systems;11.0;310
1716;77-424 Microsoft Access 2013;13.0;528
1736;Oracle SQL by Example  ;4.0;960
1752;SQL Pocket Guide  );6.0;192
1754;SQL Antipatterns: Avoiding the Pitfalls of Database Programming  ;10.0;328
1757;Sams Teach Yourself ADO.NET in 21 Days;2.0;656
1762;Information Modeling and Relational Databases: From Conceptual Analysis to Logic;1.0;
1763;Directions in Databases: 12th British National Conference on Databases, BNCOD 12, Guildford, United Kingdom, July 6-8, 1994. Proceedings  ;94.0;241
1766;MySQL/PHP Database Applications  ;1.0;648
1774;Pro SQL Server 2008 XML  ;8.0;496
1777;Build Your Own Database;99.0;163
1784;Exploratory Image Databases: Content-Based Retrieval  ;1.0;613
1790;Programming Microsoft SQL Server 2012  ;12.0;816
1813;Microsoft SQL Server 2000 Programming by Example;1.0;792
1818;Oracle Applications DBA Field Guide  ;6.0;264
1821;Terminological Ontologies: Design, Management and Practical Applications  ;10.0;198
1830;Mastering phpMyAdmin 3.3.x for Effective MySQL Management;10.0;412
1841;GO! with Microsoft Access 2010 Introductory;10.0;576
1848;Pro SQL Server 2008 Mirroring  ;9.0;400
1857;Oracle Database 12c PL/SQL Advanced Programming Techniques;14.0;448
1858;Comparing Distributions  ;9.0;354
1871;SQL Server 2008 Transact-SQL Recipes: A Problem-Solution Approach  ;8.0;872
1876;Data Modeling and Database Design;7.0;720
1880;Pro SQL Server 2008 Analysis Services  ;10.0;480
1891;The Official Guide to Informix/Red Brick Data Warehousing  );0.0;395
1902;The MicrosoftData Warehouse Toolkit: With SQL Server2005 and the Microsoft Business Intelligence Toolset;6.0;792
1910;Practical Text Mining with Perl;8.0;320
1920;Visual Basic and Databases - Professional Edition;13.0;908
1921;Relational Database Writings 1991-1994;95.0;542
1926;Study Guide for 1Z0-146: Oracle Database 11g: Advanced PL/SQL  ;13.0;172
1937;Distributed Database Systems  ;92.0;
1945;Data Warehouse  ;11.0;28
1951;Improving Data Warehouse and Business Information Quality: Methods for Reducing Costs and Increasing Profits;99.0;544
1954;Pro SQL Server 2012 Reporting Services  ;12.0;516
1965;Oracle Exadata Survival Guide  ;13.0;284
1972;Beginning PHP and PostgreSQL 8: From Novice to Professional  ;6.0;892
1981;Managing the Data Warehouse;96.0;400
1988;Metadata 100 Success Secrets 100 Most Asked Questions on Meta Data How-to Management, Repositories, Software, Standards, Tools and Databases;8.0;176
2005;Microsoft SQL Server 2008 Reporting Services Step by Step  ;9.0;576
2008;Visual Data Mining: Techniques and Tools for Data Visualization and Mining;2.0;424
2011;Middleware 2006: ACM/IFIP/USENIX 7th International Middleware Conference, Melbourne, Australia, November 27 - December 1, 2006, Proceedings  ;6.0;434
2016;Sams Teach Yourself Transact-SQL in 21 Days  ;1.0;640
2021;Oracle DBA Guide to Data Warehousing and Star Schemas;3.0;240
2032;Professional Microsoft SQL Server Analysis Services 2008 with MDX;9.0;1056
2048;ADO Programming For Dummies  );0.0;477
2056;Practical Data Mining;11.0;304
2057;SQL Power!: The Comprehensive Guide;6.0;488
2060;Database Performance Tuning Handbook, with CD-ROM    ;98.0;
2085;Information Discovery on Electronic Health Records  ;9.0;331
2094;Beginner Database Design & SQL Programming Using Microsoft SQL Server 2012;12.0;606
2097;Index Data Structures in Object-Oriented Databases  ;97.0;192
2104;Sams Teach Yourself SQL in 10 Minutes  ;4.0;256
2116;Data Quality For The Information Age  ;97.0;332
2121;Microsoft SQL Server 2008 All-in-One Desk Reference For Dummies;8.0;768
2128;Programming SQL Server 2005;6.0;600
2133;Fundamentals of Relational Database Management Systems;10.0;
2139;Oracle Applications Performance Tuning Handbook  ;0.0;908
2147;The Definitive Guide to symfony  ;7.0;425
2165;Pentaho Data Integration Beginner's Guide, Second Edition;13.0;502
2169;Google Analytics;10.0;218
2174;Data Warehousing in Action;97.0;334
2175;Unauthorized Access: The Crisis in Online Privacy and Security;13.0;398
2176;Provenance Data in Social Media  ;13.0;84
2189;MicrosoftÀ_À_ Access Version 2002 Plain & Simple;1.0;240
2192;Expert Oracle Database Architecture: 9i and 10g Programming Techniques and Solutions;5.0;768
2201;Mondrian in Action: Open source business analytics;13.0;288
2235;Corporate Information Factory;1.0;400
2242;Introduction to Relational Database Management Systems;;
2251;Relational Database Writings, 1989-1991;92.0;521
2265;Crystal Reports Encyclopedia Volume 2: .NET 2005/2008;8.0;500
2291;SQL Server 2005 Bible;6.0;1344
2295;Database Management Systems;0.0;740
2317;Oracle Distributed Systems;99.0;552
2318;Talend for Big Data;14.0;96
2326;Sams Teach Yourself ADO 2.5 in 21 Days  ;0.0;744
2340;Redis in Action;13.0;320
2362;SQL Queries for Mere Mortals : A Hands-On Guide to Data Manipulation in SQL;0.0;528
2373;Visual Basic.NET Database Programming For Dummies;1.0;408
2391;Dataspace: The Final Frontier: 26th British National Conference on Databases, BNCOD 26, Birmingham, UK, July 7-9, 2009, Proceedings  ;9.0;248
2397;Oracle High-Performance Tuning with STATSPACK;1.0;674
2404;Data Warehousing;;
2415;Expert Performance Indexing for SQL Server 2012;12.0;354
2418;Microsoft Access 2010 Inside Out;10.0;1488
2422;Database Principles and Design;8.0;544
2432;Teach Yourself VISUALLY Windows 8.1;13.0;352
2443;SQL Server MVP Deep Dives;9.0;848
2444;Building MicrosoftÀ_À_ Access Applications  ;5.0;720
2455;MCTS Self-Paced Training Kit  : Microsoft SQL Server 2005;7.0;608
2477;Mastering Microsoft SQL Server 2005;6.0;1056
2482;UML for Database Design;1.0;320
2504;Advanced DBA Certification Guide and Reference for DB2 Universal Database v8 for Linux, UNIX, and Windows;3.0;800
2509;Professional Microsoft SQL Server 2014 Integration Services  ;14.0;912
2519;Inside Microsoft SQL Server 2000;0.0;1088
2527;Database Theory - ICDT 2001: 8th International Conference London, UK, January 4-6, 2001 Proceedings  ;1.0;448
2530;DB2 9 for Developers;8.0;550
2543;Building Scalable Database Applications: Object-Oriented Design, Architectures and Implementations;98.0;336
2545;Microsoft SQL Server 2008 For Dummies  );8.0;408
2546;Exploring Microsoft Office Access 2010 Introductory;10.0;320
2549;SQL Server 2014 Database Design;14.0;462
2572;Oracle 12c For Dummies;13.0;432
2575;Data Replication: Tools and Techniques for Managing Distributed Information;97.0;384
2577;DB2  Universal Database V8 Handbook for Windows, UNIX, and Linux  ;3.0;496
2578;Pro Spatial with SQL Server 2012  ;12.0;560
2602;DB2 Universal Database Certification Guide;97.0;800
2603;An Introduction to Database Systems/E-book  ;1.0;
2632;Knowledge Discovery and Data Mining - The Info-Fuzzy Network   Methodology;0.0;196
2634;Query Processing in Parallel Relational Database Systems;94.0;382
2635;Intelligent Systems Design: Integrating Expert Systems, Hypermedia, and Database Technologies;91.0;302
2637;Professional SQL Server 2012 Internals and Troubleshooting;12.0;576
2643;Data Warehouse 82 Success Secrets - 82 Most Asked Questions on Data Warehouse - What You Need to Know;13.0;126
2644;Unsupervised Information Extraction by Text Segmentation  ;13.0;94
2646;Oracle and Open Source;1.0;426
2657;Scientific Data Management: Challenges, Technology, and Deployment  ;9.0;590
2680;Advances in Database Technology EDBT '96: 5th International Conference on Extending Database Technology, Avignon, France, March 25-29 1996, Proceedings.  ;96.0;646
2697;Your Office: Microsoft Access 2010 Comprehensive;11.0;736
2709;Data Mining and Business Analytics with R;13.0;368
2715;Advanced Data Mining Techniques;8.0;180
2722;Teach Yourself VISUALLY Access 2013;13.0;352
2736;Microsoft Office Access 2007-Illustrated Complete  );7.0;520
2744;Conceptual Schema and Relational Database Design;95.0;500
2749;Oracle Business Intelligence 11g R1 Cookbook;13.0;364
2751;Getting Started with CouchDB;12.0;84
2754;Professional ADO.NET 3.5 with LINQ and the Entity Framework;9.0;672
2756;Access 2007 VBA Programming For Dummies;7.0;408
2757;Databases, Information Systems, and Peer-to-Peer Computing: Second International Workshop, DBISP2P 2004, Toronto, Canada, August 29-30, 2004, Revised ... Applications, incl. Internet/Web, and HCI);5.0;232
2758;Literature-based Discovery  ;8.0;198
2785;Relational Database Design With Microcomputer Applications;88.0;256
2803;Chemical Information Mining: Facilitating Literature-Based Discovery;8.0;208
2844;Fast Track to MDX;5.0;310
2856;Object Relationship Notation   for Database Applications: Enhancing the Modeling and Implementation of Associations  ;9.0;246
2872;Building the Agile Database: How to Build a Successful Application Using Agile Without Sacrificing Data Management;11.0;300
2876;Multivariate Statistics:: Exercises and Solutions;7.0;368
2906;Practical Database Programming with Visual Basic.NET;12.0;900
2914;Database Management and Design  ;95.0;582
2927;OCP Oracle9i Database: Performance Tuning Exam Guide;2.0;470
2934;Oracle DBA Checklists Pocket Reference;1.0;80
2935;Data Visualization: a successful design process;12.0;206
2938;Microsoft SQL Server 2008 Step by Step  ;8.0;544
2949;MDM for Customer Data: Optimizing Customer Centric Management of Your Business;9.0;100
2953;Data Analysis for Database Design, Third Edition;1.0;336
2960;Beginning VB 2005 Databases: From Novice to Professional  ;7.0;491
3004;Smart Business Intelligence Solutions with MicrosoftÀ_À_ SQL ServerÀ_À_ 2008  ;9.0;800
3019;Delivering Business Intelligence with Microsoft SQL Server 2008;8.0;792
3030;Microsoft Office Access 2010: A Lesson Approach, Complete;10.0;688
3042;Sams Teach Yourself ColdFusion in 21 Days  ;0.0;800
3049;Access 2007 Forms and Reports For Dummies;7.0;390
3051;Rdb, Third Edition: A Comprehensive Guide;99.0;480
3060;A Developer's Guide to Amazon SimpleDB  ;10.0;288
3067;MINERIA DE DATOS. REDES NEURONALES Y ARBOLES DE DECISION. Ejemplos con SAS ENTERPRISE MINER;13.0;196
3068;Access 2010: Basic + Certblaster + Data  ;11.0;224
3092;Database Application Development & Design w/ERD Drawing Tool;0.0;583
3096;Beginning Relational Data Modeling, Second Edition;5.0;632
3098;Pro Access 2010 Development  ;11.0;604
3110;Data Mining Techniques in Sensor Networks: Summarization, Interpolation and Surveillance  ;13.0;105
3114;Database Management Systems;97.0;768
3116;Hadoop: The Definitive Guide;10.0;628
3144;Microsoft SQL Server 2012 Integration Services: An Expert Cookbook;12.0;564
3147;Data Warehousing;9.0;456
3162;Pro Microsoft HDInsight: Hadoop on Windows;14.0;272
3166;Apache Mahout Cookbook;13.0;250
3170;Teach Yourself Database Programming With Delphi in 21 Days  ;95.0;569
3180;XML and SQL: Developing Web Applications;1.0;256
3187;Expert Oracle Exadata  ;11.0;588
3213;Automating FileMaker Pro: Scripting and Calculations;0.0;342
3224;Applied Microsoft SQL Server 2008 Reporting Services;8.0;768
3239;Advances in Databases and Information Systems: 6th East European Conference, ADBIS 2002, Bratislava, Slovakia, September 8-11, 2002, Proceedings  ;2.0;422
3243;Oracle Enterprise Manager 12c Command-Line Interface;14.0;300
3247;Data Warehousing;4.0;
3263;Pro SQL Server 2005 Integration Services;7.0;548
3264;Study Guide for 1Z0-051: Oracle Database 11g: SQL Fundamentals I: Oracle Certification Prep;12.0;144
3278;Pro Oracle Database 11g RAC on Linux  ;10.0;840
3290;Advances in Databases: 18th British National Conference on Databases, BNCOD 18 Chilton, UK, July 9-11, 2001. Proceedings  ;1.0;219
3293;Beginner Database Design & SQL Programming Using Microsoft SQL Server 2014;14.0;606
3301;Innovating in Product/Process Development: Gaining Pace in New Product Development;9.0;280
3311;Introduction to Online Company Research;4.0;392
3327;Java Database Best Practices;3.0;304
3332;C++ Object Databases: Programming with the ODMG Standard;97.0;480
3334;World Wide Web Database Programming for Windows NT;96.0;352
3338;Delivering Business Intelligence with Microsoft SQL Server 2012 3/E;12.0;832
3348;Automated Physical Database Design and Tuning  ;11.0;253
3350;Data Warehousing for Dummies  );97.0;360
3351;Data Warehousing, Data Mining, and OLAP  ;97.0;640
3355;Microsoft Office Access 2007: Introductory;7.0;280
3356;Microsoft Access 2013: Illustrated Complete;13.0;552
3383;Pro T-SQL 2012 Programmer's Guide  ;12.0;696
3386;DB2 Universal Database v7.1: Application Development Certification Guide;0.0;320
3387;Beginning SQL;5.0;520
3400;Oracle Tuning Power Scripts: With 100+ High Performance SQL Scripts    ;14.0;492
3405;Relational Database Technology;86.0;
3406;T-SQL 2008 Joes 2 Pros: Core T-SQL Coding Fundamentals For Microsoft SQL Server 2008;9.0;254
3409;Expert SQL Server 2008 Development  ;10.0;430
3416;DATA MINING: INTRODUCTORY AND ADVANCED TOPICS;;
3427;ADO.NET Examples and Best Practices for C;;
3430;The Definitive Guide to Grails;6.0;384
3434;FileMaker Pro 5/5.5 Advanced for Windows and Macintosh Visual QuickPro Guide;1.0;500
3452;Visualizing the Data City: Social Media as a Source of Knowledge for Urban Planning and Management  ;14.0;76
3488;Knowledge and Systems Science: Enabling Systemic Knowledge Synthesis;13.0;246
3492;SQL Server 2000 for Experienced DBAs;3.0;520
3493;Swarm Based Implementation of a Virtual Distributed Database System in a Sensor Network;12.0;122
3499;Office 2007: The Missing Manual;7.0;884
