id;title;pubyear;pages
3071;SQL Server 2008 Administration;9.0;468
2117;Microsoft SQL Server 2005 Reporting Services;6.0;480
890;Database Design for Smarties: Using UML for Data Modeling;99.0;464
195;Advances in Databases: 17th British National Conference on Databases, BNCOD 17 Exeter, UK, July 3-5, 2000 Proceedings;0.0;226
3093;SQL Server DMVs in Action: Better Queries with Dynamic Management Views;11.0;375
2522;Oracle Web Application Programming for PL/SQL Developers;2.0;745
2251;MySQL Stored Procedure Programming;6.0;640
1377;Expert Oracle Application Express;14.0;612
283;Apache Cassandra Hands-On Training Level One;14.0;406
2218;Multimedia Database Management Systems;99.0;400
1443;FileMaker Pro 5.5 for Windows and Macintosh  ;1.0;341
408;Big Data Analytics: Second International Conference, BDA 2013, Mysore, India, December 16-18, 2013, Proceedings;13.0;197
1604;High Availability Guide for DB2  ;4.0;256
2482;Oracle Parallel Processing;0.0;288
3244;The Data Warehouse Toolkit: The Definitive Guide to Dimensional Modeling;13.0;600
2826;Refactoring Databases: Evolutionary Database Design;6.0;384
1949;Making Sense of NoSQL: A guide for managers and the rest of us;13.0;312
1018;Database Solutions: A Step by Step Guide to Building Databases;99.0;256
2539;Oracle9i DBA Jumpstart;3.0;345
2124;Microsoft SQL Server 2008 R2 Unleashed;10.0;2451
2990;Similarity Search: The Metric Space Approach;5.0;220
3278;The Microsoft SQL Server 2000 Analysis Services Step by Step;0.0;400
3098;SQL Server Query Performance Tuning Distilled;4.0;624
123;Administrator's Guide To Sybase ASE 15;6.0;472
2173;Mobility, Data Mining and Privacy: Geographic Knowledge Discovery;8.0;410
186;Advances in Database Technology - EDBT '98: 6th International Conference on Extending Database Technology, Valencia, Spain, March 23-27, 1998.;98.0;532
2574;Pentaho Analytics for MongoDB;14.0;146
2889;Sams Teach Yourself Beginning Databases in 24 Hours;3.0;480
2520;Oracle Utilities Pocket Reference;4.0;128
204;Advances in Information Retrieval: 30th European Conference on IR Research, ECIR 2008, Glasgow, UK, March 30 -- April 3, 2008;8.0;722
2588;Phase change memory in Relational Database;12.0;84
1592;Handbook of Statistical Analysis and Data Mining Applications;9.0;864
2834;Relational Database: Selected Writings;86.0;514
1948;Making Sense of Data II: A Practical Guide to Data Visualization, Advanced Data Mining Methods, and Applications;9.0;308
977;Database Modeling with Microsoft Visio for Enterprise Architects;3.0;425
2473;Oracle Grid and Real Application Clusters: Oracle Grid Computing with RAC;14.0;214
135;Advanced Data Mining and Applications: 6th International Conference, ADMA 2010, Chongqing, China, November 19-21, 2010, Proceedings, Part I;11.0;628
2135;Microsoft SQL Server 2012 Unleashed;13.0;1872
2873;Research in Computational Molecular Biology: 11th Annunal International Conference, RECOMB 2007, Oakland, CA, USA, April 21-25, 2007, Proceedings;7.0;550
2534;Oracle8i DBA Bible  ;0.0;1152
3069;SQL Server 2005 Reporting Services in Action;6.0;656
2821;Recommender Systems for Location-based Social Networks;14.0;108
750;Data Mining for Business Intelligence: Concepts, Techniques, and Applications in Microsoft Office Excel with XLMiner;10.0;428
672;Customer Data Integration: Reaching a Single Version of the Truth;6.0;320
1195;Developing Essbase Applications: Advanced Techniques for Finance and IT Professionals;12.0;445
2096;Microsoft Office Access 2010;10.0;152
829;Data Warehousing Fundamentals: A Comprehensive Guide for IT Professionals;1.0;544
132;Advanced Approaches to Intelligent Information and Database Systems;14.0;366
533;Clickstream Data Warehousing;2.0;480
1462;First Steps in Data Mining with SAS Enterprise Miner;14.0;74
2085;Microsoft Office Access 2007: Introductory Concepts and Techniques;7.0;296
2039;Microsoft Access 2000;99.0;360
2043;Microsoft Access 2000;99.0;208
2728;Professional Hadoop Solutions;13.0;504
3442;Web 2.0 and Beyond: Principles and Technologies;12.0;408
760;Data Mining Methods and Applications;7.0;336
761;Data Mining Methods and Models;6.0;344
3090;SQL Server and Ado Programming Complete;1.0;1024
1901;Linear Algebra Tools for Data Mining;12.0;880
2068;Microsoft Ado.Net Step by Step  ;2.0;528
3504;Your Office: Microsoft Access 2013, Comprehensive;13.0;800
143;Advanced Database Technology And Design;0.0;558
1182;Designing Database Applications with Objects and Rules: The IDEA Methodology;97.0;600
2405;Oracle ADF Enterprise Application Development Made Simple, Second Edition;14.0;432
2149;MicrosoftSQL Server 7 For Dummies;98.0;359
3049;Sql;0.0;452
2798;R-Trees: Theory and Applications;5.0;194
139;Advanced Database Indexing;99.0;286
2244;MySQL Management and Administration with Navicat;12.0;134
2384;Oracle 10g Developing Media Rich Applications;6.0;520
2439;Oracle Database Ajax & PHP Web Application Development;8.0;458
2132;Microsoft SQL Server 2012 Master Data Services 2E;12.0;416
1877;Learn Access 2003 Vba With The Smart Method;7.0;296
952;Database Management Systems: Designing and Building Business Applications;1.0;
425;Bioinformatics Research and Applications: 9th International Symposium, ISBRA 2013, Charlotte, NC, USA, May 20-22, 2013, Proceedings;13.0;312
1242;Distributed Database Management Systems;81.0;176
1192;Developer's Handbook to DB2 for Common Servers;97.0;1045
77;Access 97 Bible;97.0;1176
815;Data Warehousing And Business Intelligence For e-Commerce;1.0;320
2622;Practical Database Programming with Java;11.0;952
3326;Transact-SQL Cookbook;2.0;304
2084;Microsoft Office Access 2007;8.0;96
2133;Microsoft SQL Server 2012 Reporting Services 4E;12.0;784
2739;Professional Microsoft SQL Server 2012 Reporting Services;12.0;912
2525;Oracle WebLogic Server 12c Administration Handbook;14.0;576
420;Biodiversity Databases: Techniques, Politics, and Applications;7.0;208
3046;SQL Bible;8.0;888
2526;Oracle8 Architecture;97.0;343
3166;Super Charge Your Data Warehouse: Invaluable Data Modeling Rules to Implement Your Data Vault;11.0;128
828;Data Warehousing Fundamentals for IT Professionals;10.0;600
3330;Transactions on Computational Systems Biology IX;8.0;153
74;Access 2013 All-in-One For Dummies;13.0;792
2819;Recommender Systems and the Social Web: Leveraging Tagging Data for Recommender Systems;13.0;112
751;Data Mining For Dummies;14.0;408
2696;Pro SQL Server 2012 Internals;14.0;804
885;Database Design, Application Development, and Administration;3.0;735
15;A Course in In-Memory Data Management: The Inner Mechanics of In-Memory Databases;13.0;297
789;Data Quality: The Field Guide;0.0;256
1985;Mastering Oracle SQL;2.0;336
2172;Mobility Data Management and Exploration;14.0;300
2372;Open Source Data Warehousing and Business Intelligence;12.0;432
366;Beginning DB2: From Novice to Professional;8.0;544
2445;Oracle Database XE 11gR2 Jump Start Guide;12.0;146
2134;Microsoft SQL Server 2012 Security Cookbook;12.0;322
3066;Sql Server 2000 Web Application Developer's Guide;0.0;688
388;Beginning SQL Server 2008 Express for Developers: From Novice to Professional;8.0;536
2602;Portable DBA Oracle;4.0;598
1033;Database Systems;12.0;678
2675;Pro ODP.NET for Oracle Database 11g;10.0;468
198;Advances in Databases: Proceedings of the 11th British National Conference on Databases, BNCOD 11. Keele, UK, July 7-9, 1993;93.0;286
623;Content Management Bible;4.0;1176
2419;Oracle Data Warehousing: With Business Intelligence Solutions;7.0;408
2656;Principles of Distributed Database Systems;90.0;528
2249;MySQL Pocket Reference;3.0;96
2543;Oracle9i: The Complete Reference;2.0;1256
210;Advances in Intelligent Data Analysis IX: 9th International Symposium, IDA 2010, Tucson, AZ, USA, May 19-21, 2010, Proceedings;10.0;260
2216;Multimedia Data Mining: A Systematic Introduction to Concepts and Theory;8.0;320
3053;SQL Interoperability Joes 2 Pros: A Guide to Integrating SQL Server with XML, C#, and PowerShell;11.0;418
1000;Database Programming with Visual Basic .NET;2.0;984
3426;Visual Basic Database Programming;1.0;592
3370;Understanding DB2 9 Security;6.0;432
1368;Expert Cube Development with SQL Server Analysis Services 2012 Multidimensional Models;14.0;402
3081;SQL Server 2012 Database Design;13.0;464
2112;Microsoft SQL Server 2005 Analysis Services Step by Step;6.0;400
3149;Study Guide for 1z0-117: Oracle Database 11g Release 2: SQL Tuning;13.0;190
357;;;
390;Beginning SQL Server 2012 for Developers;12.0;720
1243;Distributed Database Systems;92.0;410
822;Data Warehousing and Knowledge Discovery: First International Conference, DaWaK'99 Florence, Italy, August 30 - September 1, 1999 Proceedings;99.0;408
2527;Oracle8 Bible;98.0;1140
1581;Hadoop: The Definitive Guide;10.0;600
3333;Transactions on Large-Scale Data- and Knowledge-Centered Systems I;9.0;374
2211;Multidatabase Systems: An Advance Solution for Global Information Sharing;94.0;400
742;DATA MINING con SAS a traves de ejemplos;12.0;316
2832;Relational Data Clustering: Models, Algorithms, and Applications;10.0;216
3084;SQL Server 2012 Reporting Services Blueprints;13.0;246
307;Artificial Immune Systems: 6th International Conference, ICARIS 2007, Santos, Brazil, August 26-29, 2007, Proceedings;7.0;440
2764;Programming Microsoft LINQ in Microsoft .NET Framework 4;10.0;704
2505;Oracle Solid State Disk Tuning: High Performance Oracle Tuning with RAM Disk  ;5.0;187
1929;Lotus Approach 96 for Windows 95  ;96.0;816
3131;Strategic Data Warehousing: Achieving Alignment with Business;9.0;224
2333;OCA/OCP Oracle Database 12c All-in-One Exam Guide  ;15.0;1072
1828;Joe Celko's Thinking in Sets: Auxiliary, Temporal, and Virtual Tables in SQL;8.0;384
194;Advances in Databases: 19th British National Conference on Databases, BNCOD 19, Sheffield, UK, July 17-19, 2002. Proceedings;2.0;204
3243;The Data Warehouse Toolkit: The Complete Guide to Dimensional Modeling;2.0;464
2181;Modern Analytics Methodologies: Driving Business Value with Big Data;14.0;240
1129;DB2 High Performance Design and Tuning;0.0;697
3404;Using Microsoft Office Access 2007  ;7.0;1460
2185;Modern Database Management - Casebook;2.0;
2188;Modern Database Management;4.0;736
3105;SQL: Access to SQL Server;2.0;698
2878;Rough Sets and Current Trends in Computing: 6th International Conference, RSCTC 2008 Akron, OH, USA, October 23 - 25, 2008 Proceedings;8.0;534
2685;Pro SQL Server 2005 Service Broker;7.0;453
1549;GO! with Microsoft Access 2010, Comprehensive with Student Videos;11.0;
2126;Microsoft SQL Server 2008 Reporting Services Step by Step;9.0;576
2736;Professional Microsoft SQL Server 2008 Reporting Services;8.0;816
1624;How to Secure and Audit Oracle 10g and 11g;9.0;470
2049;Microsoft Access 2010: A Case Approach, Complete;11.0;688
3428;Visual Basic6 Database Programming For Dummies;99.0;408
895;Database Design Manual: using MySQL for Windows;3.0;209
807;Data Visualization Techniques;99.0;156
2111;Microsoft SQL Server 2005 Administrator's Pocket Consultant;5.0;578
3000;Social Computing and Behavioral Modeling;9.0;264
12;77-424 Microsoft Access 2013;13.0;528
2506;Oracle SQL by Example;4.0;848
3056;SQL Pocket Guide;6.0;192
3042;SQL Antipatterns: Avoiding the Pitfalls of Database Programming;10.0;328
2905;Sams Teach Yourself Transact-SQL in 21 Days;1.0;640
1692;Information Modeling and Relational Databases: From Conceptual Analysis to Logical Design;1.0;761
1216;"Directions in Databases; 12th British National Conference on Databases, BNCOD 12, Guildford, United Kingdom, July 6-8, 1994";94.0;234
2247;MySQL/PHP Database Applications;1.0;648
2688;Pro SQL Server 2008 Mirroring;9.0;400
448;Build Your Own Database;99.0;163
1392;Exploratory Image Databases: Content-Based Retrieval;1.0;613
1776;Introducing Microsoft SQL Server 2012;12.0;290
2106;Microsoft SQL Server 2000 Programming Step by Step;0.0;720
2412;Oracle Applications DBA Field Guide;6.0;264
3213;Terminological Ontologies: Design, Management and Practical Applications;10.0;198
1986;Mastering Phpmyadmin 3.4 for Effective MySQL Management;12.0;394
3143;Student Videos for GO! with Microsoft Access 2010 Introductory;11.0;
2433;Oracle Database 12c PL/SQL Programming;14.0;1192
556;Comparing Distributions;9.0;354
3074;SQL Server 2008 Transact-SQL Recipes: A Problem-Solution Approach;8.0;872
774;Data Modeling and Database Design;7.0;720
2686;Pro SQL Server 2008 Analysis Services;10.0;480
3286;The Official Guide to Informix/Red Brick Data Warehousing;0.0;395
3277;The Microsoft Data Warehouse Toolkit: With SQL Server 2008 and the Microsoft Business Intelligence Toolset;6.0;792
2633;Practical Text Mining with Perl;8.0;320
3424;Visual Basic and Databases - Professional Edition;13.0;908
2848;Relational Database Writings, 1991-1994;95.0;542
3151;Study Guide for 1z0-146: Oracle Database 11g: Advanced PL/SQL;13.0;172
455;Building Data Warehouse;11.0;110
1659;Improving Data Warehouse and Business Information Quality: Methods for Reducing Costs and Increasing Profits;99.0;544
2468;Oracle Exadata Survival Guide;13.0;284
378;Beginning PHP and PostgreSQL 8: From Novice to Professional;6.0;892
1958;Managing the Data Warehouse;97.0;400
2017;Metadata 100 Success Secrets 100 Most Asked Questions On Meta Data How-To Management, Repositories, Software, Standards, Tools And Databases;8.0;180
2120;Microsoft SQL Server 2008 Analysis Services : Step by Step;9.0;448
3430;Visual Data Mining: Techniques and Tools for Data Visualization and Mining;2.0;424
2152;Middleware 2006: ACM/IFIP/USENIX 7th International Middleware Conference, Melbourne, Australia, November 27 - December 1, 2006, Proceedings;6.0;434
2888;Sams Teach Yourself ADO.NET in 21 Days;2.0;633
2451;Oracle DBA Guide to Data Warehousing and Star Schemas;3.0;240
2009;Mdx With Microsoft Sql Server 2008 R2 Analysis Services Cookbook;11.0;480
126;ADO Programming For Dummies;0.0;477
2620;Practical Data Mining;12.0;304
3057;SQL Power!: The Comprehensive Guide;6.0;444
985;Database Performance Tuning Handbook, with CD-ROM;97.0;778
1682;Information Discovery on Electronic Health Records;9.0;331
348;Beginner Database Design & SQL Programming Using Microsoft SQL Server 2014;14.0;608
349;Beginner Database Design & SQL Programming Using Microsoft SQL Server;12.0;510
1667;Index Data Structures in Object-Oriented Databases;97.0;177
2899;Sams Teach Yourself MySQL in 10 Minutes;6.0;288
786;Data Quality For The Information Age;97.0;332
2121;Microsoft SQL Server 2008 for Dummies;8.0;408
387;Beginning SQL Server 2005 Programming;6.0;720
2767;Programming SQL Server 2005;6.0;588
1499;Fundamentals of Database Management Systems;11.0;416
1503;Fundamentals of Database Systems  ;10.0;
2413;Oracle Applications Performance Tuning Handbook  ;0.0;908
1161;The Definitive Guide to db4o;6.0;512
2575;Pentaho Data Integration Beginner's Guide, Second Edition;13.0;502
1555;Google Analytics;10.0;218
831;Data Warehousing in Action;97.0;334
3363;Unauthorized Access: The Crisis in Online Privacy and Security;13.0;398
2775;Provenance Data in Social Media;11.0;86
2066;Microsoft Access Version 2002 Plain and Simple;1.0;240
1381;Expert Oracle Database Architecture: 9i and 10g Programming Techniques and Solutions;5.0;768
2191;Mondrian in Action: Open source business analytics;13.0;288
637;Corporate Information Factory;1.0;400
1790;Introduction to Database Systems;7.0;
2847;Relational Database Writings, 1989-1991;92.0;521
666;Crystal Reports Encyclopedia Volume 2: Programming .NET 2005;8.0;500
3067;SQL Server 2005 Bible;6.0;1344
958;Database Management Systems;0.0;
2462;Oracle Distributed Systems;99.0;552
3185;Talend for Big Data;14.0;96
2900;Sams Teach Yourself MySQL in 21 Days;2.0;608
2825;Redis in Action;13.0;320
3060;SQL Queries for Mere Mortals: A Hands-On Guide to Data Manipulation in SQL;0.0;528
1809;Java 2 Database Programming for Dummies;1.0;408
1102;Dataspace: The Final Frontier: 26th British National Conference on Databases, BNCOD 26, Birmingham, UK, July 7-9, 2009, Proceedings;9.0;248
2541;Oracle9i High-Performance Tuning with STATSPACK;2.0;645
1388;Expert Performance Indexing for SQL Server 2012;12.0;354
2052;Microsoft Access 2010 VBA Programming Inside Out;11.0;736
987;Database Principles and Design;8.0;544
3198;Teach Yourself VISUALLY Access 2013;13.0;352
3095;SQL Server MVP Deep Dives;9.0;848
463;Building Microsoft Access Applications;5.0;720
2006;MCTS Self-Paced Training Kit  : Microsoft SQL Server 2008 Database Development;9.0;496
1981;Mastering Microsoft SQL Server 2005 express;6.0;600
3362;UML for Database Design;1.0;304
144;Advanced DBA Certification Guide and Reference: for DB2 Universal Database v8.1 for Linux, UNIX, and Windows;3.0;800
2738;Professional Microsoft SQL Server 2012 Integration Services;12.0;960
2109;Microsoft SQL Server 2000 Unleashed;1.0;1472
1061;Database Theory - ICDT 2001: 8th International Conference London, UK, January 4-6, 2001 Proceedings;1.0;448
1117;DB2 9 for Developers;8.0;550
1186;Designing Scalable Object-Oriented Database Applications: Object-Oriented Design, Architectures, and Implementations;98.0;336
1400;Exploring Microsoft Office Access 2010 Introductory;10.0;336
3086;SQL Server 2014 Database Design;14.0;464
2394;Oracle 12c For Dummies;13.0;432
791;Data Replication: Tools and Techniques for Managing Distributed Information;97.0;384
1136;DB2 Universal Database v8 Handbook for Windows and UNIX and Linux;3.0;496
2680;Pro Spatial with SQL Server 2012;12.0;560
1123;DB2: Universal Database Certification Guide;97.0;770
1789;Introduction to Database Systems/E-book;0.0;
1852;Knowledge Discovery and Data Mining: The Info-Fuzzy Network   Methodology;0.0;168
2792;Query Processing in Parallel Relationship Database Systems;94.0;392
1761;Intelligent Systems Design: Integrating Expert Systems, Hypermedia, and Database Technologies;91.0;302
2750;Professional SQL Server 2008 Internals and Troubleshooting;10.0;624
903;Database Development 26 Success Secrets - 26 Most Asked Questions on Database Development - What You Need to Know;14.0;28
3387;Unsupervised Information Extraction by Text Segmentation;13.0;94
2407;Oracle And Open Source;1.0;426
2936;Scientific Data Management: Challenges, Technology, and Deployment;9.0;590
185;Advances in Database Technology EDBT '96: 5th International Conference on Extending Database Technology, Avignon, France, March 25-29 1996, Proceedings.;96.0;646
737;Data Mining and Business Analytics with R;13.0;368
136;Advanced Data Mining Techniques;8.0;180
2086;Microsoft Office Access 2007-Illustrated Complete;7.0;488
603;Conceptual Schema and Relational Database Design;95.0;547
2415;Oracle Business Intelligence 11g R1 Cookbook;13.0;364
1538;Getting Started with CouchDB;12.0;84
2722;Professional ADO. NET 3. 5 with LINQ and the Entity Framework;9.0;672
66;Access 2007 For Dummies;6.0;432
1094;Databases, Information Systems, and Peer-to-Peer Computing: Second International Workshop, DBISP2P 2004, Toronto, Canada, August 29-30, 2004, Revised Selected Papers;5.0;232
1914;Literature-based Discovery;8.0;198
2838;Relational Database Design with Microcomputer Applications;87.0;256
513;Chemical Information Mining: Facilitating Literature-Based Discovery;8.0;208
1414;Fast Track to MDX;5.0;310
2330;Object Relationship Notation   for Database Applications: Enhancing the Modeling and Implementation of Associations;9.0;246
467;Building the Agile Database: How to Build a Successful Application Using Agile Without Sacrificing Data Management;11.0;276
2228;Multivariate Statistics: Exercises and Solutions;7.0;368
2623;Practical Database Programming with Visual Basic.NET;12.0;900
1053;Database Systems Management and Design;94.0;
2339;OCP Oracle9i Database: Performance Tuning Exam Guide;2.0;470
2450;Oracle DBA Checklists Pocket Reference;1.0;82
802;Data Visualization: A Successful Design Process;12.0;206
2007;MDM for Customer Data: Optimizing Customer Centric Management of Your Business;9.0;85
677;Data Analysis for Database Design;1.0;336
358;Beginning C;;
2997;Smart Business Intelligence Solutions with Microsoft SQL Server 2008;9.0;800
2095;Microsoft Office Access 2010: A Lesson Approach, Complete;10.0;688
67;Access 2007 Forms & Reports For Dummies;6.0;390
2805;Rdb: A Comprehensive Guide;99.0;480
1191;A Developer's Guide to Amazon SimpleDB;10.0;269
2156;MINERIA DE DATOS. REDES NEURONALES Y ARBOLES DE DECISION. Ejemplos con SAS ENTERPRISE MINER;13.0;196
72;Access 2010: Basic + Certblaster, Student Manual with Data;11.0;224
863;Database Application Development and Design;0.0;583
380;Beginning Relational Data Modeling;5.0;632
2664;Pro Access 2010 Development;11.0;604
765;Data Mining Techniques in Sensor Networks: Summarization, Interpolation and Surveillance;13.0;105
2217;Multimedia Database Management Systems;96.0;206
2131;Microsoft SQL Server 2012 Integration Services: An Expert Cookbook;12.0;564
826;Data Warehousing Essentials;11.0;134
2672;Pro Microsoft HDInsight: Hadoop on Windows;14.0;272
285;Apache Mahout Cookbook;13.0;250
3192;Teach Yourself Database Programming with Delphi in 21 Days;95.0;608
3193;Teach Yourself Database Programming with Visual J++ in 21 Days;97.0;774
3497;XML and SQL: Developing Web Applications;1.0;256
1384;Expert Oracle Exadata;11.0;588
335;Automating FileMaker Pro: Scripting and Calculations;0.0;342
294;Applied Microsoft SQL Server 2008 Reporting Services;8.0;768
193;Advances in Databases and Information Systems: 6th East European Conference, ADBIS 2002, Bratislava, Slovakia, September 8-11, 2002, Proceedings;2.0;422
2464;Oracle Enterprise Manager 12c Command-Line Interface;14.0;300
2115;Microsoft SQL Server 2005 Integration Services;6.0;717
3146;Study Guide for 1Z0-051: Oracle Database 11g: SQL Fundamentals I: Oracle Certification Prep;12.0;144
2678;Pro Oracle Database 11g RAC on Linux;10.0;840
196;Advances in Databases: 18th British National Conference on Databases, BNCOD 18 Chilton, UK, July 9-11, 2001. Proceedings;1.0;219
1728;Innovating in Product/Process Development: Gaining Pace in New Product Development;9.0;280
1796;Introduction to Online Company Research;4.0;380
1811;Java Database Best Practices;3.0;288
486;C++ Object Databases: Programming with the ODMG Standard;97.0;480
3492;World Wide Web Database Programming for Windows NT;96.0;352
1163;Delivering Business Intelligence with Microsoft SQL Server 2012 3E;12.0;832
334;Automated Physical Database Design and Tuning;11.0;253
827;Data Warehousing For Dummies;97.0;360
824;Data Warehousing, Data Mining, and Olap;97.0;612
2090;Microsoft Office Access 2007 Introductory;7.0;672
2092;Microsoft Office Access 2007: Introductory;7.0;279
2053;Microsoft Access 2013: Illustrated Brief;13.0;152
2700;Pro T-SQL 2012 Programmer's Guide;12.0;696
1135;DB2 Universal Database v7.1: Application Development Certification Guide;0.0;320
381;Beginning SQL;5.0;520
2517;Oracle Tuning Power Scripts: With 100+ High Performance SQL Scripts;14.0;492
2846;Relational Database Technology;86.0;276
3184;T-SQL 2008 Joes 2 Pros: Core T-SQL Coding Fundamentals for Microsoft SQL Server 2008;9.0;256
1391;Expert SQL Server 2008 Development;10.0;430
759;Data Mining: Introductory and Advanced Topics;2.0;315
128;;;
129;;;
1441;FileMaker Pro 5/5.5 Advanced for Windows and Macintosh: Visual QuickPro Guide;1.0;500
3439;Visualizing the Data City: Social Media as a Source of Knowledge for Urban Planning and Management;14.0;76
1849;Knowledge and Systems Science: Enabling Systemic Knowledge Synthesis;13.0;246
3063;SQL Server 2000 for Experienceed DBAs;3.0;520
3174;Swarm Based Implementation of a Virtual Distributed Database System in a Sensor Network;12.0;122
69;Access 2007: The Missing Manual;7.0;754
