id;first_name;last_name;middle_name;street_address;zip_code
1;;ANDERSON;;BASSWOOD;4848
2;;ANDERSON;;BASSWOOD;4848
5;CLARA;AQUENDO;J;STARKEY;666
6;LEARONAD;BENITEZ;A;STARKEY;660
7;SAMUEL;BENITEZ;R;STARKEY;660
8;DELORES;BENITEZ;R;STARKEY;660
9;JAMEL;BODNER;C;BANK;102
10;ROSETTA;BODNER;L;BANK;102
11;MADGE;BODNER;R;BANK;102
12;ROSALIND;BODNER;N;BANK;102
13;CAROLYN;BODNER;L;BANK;102
14;IVAN;CENTURY;R;BASSWOOD;4906
15;RAMON;CENTURY;L;BASSWOOD;4906
16;ALICIA;CENTURY;B;BASSWOOD;4906
17;DONYA;CHEESMAN;L;STARKEY;690
18;DONTE;CHEESMAN;;STARKEY;690
19;DOMINIQUE;CONYERE;S;BASSWOOD;4836
20;CONNIE;CONYERE;E;BASSWOOD;4836
21;SEKOV;COSGRAVE;L;BANK;202
22;TIERRA;COSGRAVE;;BANK;202
23;THERSA;COSGRAVE;G;BANK;202
24;;COSGRAVE;L;BANK;202
25;;COSGRAVE;C;BANK;202
26;SAMMY;DANIEL LEIVA;J;RIDLEY;729
27;THAOLYNN;DANIEL LEIVA;R;RIDLEY;729
28;;DARCOURT;G;BASSWOOD;4802
29;MICHEAL;DECANAY;A;MITCHELL;112
30;AJASIA;DECANAY;M;MITCHELL;112
31;BRIANCE;DECANAY;G;MITCHELL;112
32;MILEORD;DIVERS;J;STARKEY;658
33;FRANKLIN;DOMINGUEZ;K;STARKEY;672
34;SHAVON;DOMINGUEZ;M;STARKEY;672
35;ANNA;FAUST;N;STARKEY;652
36;WESTLEY;FISCHGRUND;M;MITCHELL;110
37;NADESDIA;FISCHGRUND;A;MITCHELL;110
38;DANYCE;FISCHGRUND;L;MITCHELL;110
39;MICHAEL;GENE;C;STARKEY;686
40;CASSANDRA;GENE;C;STARKEY;686
41;GHOLOM;GIERINGER;W;BANK;200
42;JEFFERY;GIERINGER;W;BANK;200
44;DOUGLAS;GIERINGER;D;BANK;200
45;MAIRE;GIERINGER;T;BANK;200
46;TEMPESTT;GREEN;Z;BASSWOOD;4816
47;;GREEN;L;BASSWOOD;4816
48;;HENNEGGEY;L;MITCHELL;102
49;;HENNEGGEY;L;MITCHELL;102
50;RAYMOND;HILL;G;BASSWOOD;4810
51;IRVIN;JIMENCZ;V;BANK;214
52;AUNDERE;JIMENCZ;V;BANK;214
53;WILLPAMINA;JIMENCZ;S;BANK;214
54;BARBARA;JIMENEZ;M;STARKEY;674
55;;KAY;;BASSWOOD;4926
56;;KELLY;;BASSWOOD;4932
57;JORGE;KILLION;L;BASSWOOD;4914
58;TONYA;LAKATOS;M;BANK;206
59;DANEILLE;LAKATOS;S;BANK;206
60;;LASSITER;J;STARKEY;654
61;;LASSITER;;STARKEY;654
62;DOROTHEA;LASSITER;K;STARKEY;656
63;LELIA;LASSITER;;STARKEY;656
64;JOSEPH;LETO;E;MITCHELL;104
65;DEWIGHT;MALDONADO;B;STARKEY;678
66;MARQUISE;MALDONADO;;STARKEY;678
67;MABLE;MALDONADO;;STARKEY;678
68;;MALENDES;;RIDLEY;705
69;;MALENDES;A;RIDLEY;705
70;;MCCLAIN;;BASSWOOD;4920
71;AISHA;MOSQUERA;C;STARKEY;682
72;ANDREA;MOSQUERA;G;STARKEY;682
73;ROMINE;MOSQUERA;O;STARKEY;682
74;TANYA;MOSQUERA;O;STARKEY;682
75;PRINCETTA;MOSQUERA;D;STARKEY;682
76;LAKESHIA;MOSQUERA;O;STARKEY;682
77;HERMEN;MOSQUERA;M;STARKEY;684
78;XANTHE;PAIGIE;N;BASSWOOD;4830
79;JEMES;PARVA;V;STARKEY;676
80;;PARVA;G;STARKEY;676
81;TOWANDA;RODRIGUEZ;S;STARKEY;670
82;GEARLDINE;RODRIGUEZ;;STARKEY;670
83;DEREK;ROUNSEVELLE;;BANK;100
84;DAVON;SKANOS;B;BANK;104
85;LENORA;SKANOS;S;BANK;104
86;RANDOLPH;TORRES;E;STARKEY;680
87;FREEMAN;TORRES;R;STARKEY;680
88;WAYNE;VALDES;H;RIDLEY;723
89;THRESA;VALDES;;RIDLEY;723
90;BRANDEN;VARGAS;R;STARKEY;664
91;ALEXANDER;VARGAS;R;STARKEY;664
92;ELIZABETH;VARGAS;L;STARKEY;664
93;THUYKIM;VARGAS;;RIDLEY;727
94;DANNY;WEBSTER;A;BASSWOOD;4842
95;SHALLY;WEBSTER;;BASSWOOD;4842
96;ALEXANDER;WICZALKOWSKI;J;BANK;210
97;DOLORES;WICZALKOWSKI;A;BANK;210
98;;BANK;D;MALIBU;6540
99;;BANK;;MALIBU;6540
100;;BANK;A;MALIBU;6540
101;;BANK;P;MALIBU;6540
102;;BANK;P;MALIBU;6540
103;;BARNES;B;MALIBU;6550
104;;BARNES;C;MALIBU;6550
105;;BURGERSS;L;MALIBU;6556
106;;BURGERSS;D;MALIBU;6556
107;;BURGERSS;L;MALIBU;6556
108;;BURGESS;L;MALIBU;6560
109;;BURGESS;E;MALIBU;6560
110;;BURGESS;C;MALIBU;6560
111;;BURGESS;D;MALIBU;6560
112;;BURRISS;A;MALIBU;6500
113;;BURRISS;;MALIBU;6500
114;;BURRISS;;MALIBU;6500
115;;BUTLER;;MALIBU;6546
116;;CHISOLM;A;MALIBU;6578
117;;CHISOLM;J;MALIBU;6578
118;;COATES;;MALIBU;6566
119;LATISHA;CONRON;D;ELDORADO;110
120;;COTTEN;C;MALIBU;6526
121;;COTTEN;R;MALIBU;6526
122;;COTTEN;A;MALIBU;6526
123;;DIGGS;A;BASSWOOD;4952
124;;DIGGS;A;BASSWOOD;4952
125;;DORSIE;A;ELDORADO;117
126;;DUNNOCK;M;CARL VINSON;953
127;;GOINS;L;ELDORADO;115
128;;GOINS;T;ELDORADO;115
129;;GOINS;R;ELDORADO;115
130;;GOINS;;ELDORADO;115
131;;GOWANS;D;MALIBU;6520
132;;GOWANS;M;MALIBU;6520
133;REFUS;HOERRLING;D;ELDORADO;114
134;CHRISTOPHER;HOERRLING;D;ELDORADO;114
135;ZACHARY;HOERRLING;B;ELDORADO;114
136;TRAINA;HOERRLING;A;ELDORADO;114
137;ANA;HOERRLING;C;ELDORADO;114
138;GERALDO;HOLMES;S;ELDORADO;108
139;FRANCISCO;HOLMES;D;ELDORADO;108
140;ERICK;HOLMES;D;ELDORADO;108
141;LUCILLE;HOLMES;W;ELDORADO;108
142;;HOLMES;;ELDORADO;108
143;;HUGGINCHES;R;ELDORADO;109
144;;HUGGINCHES;R;ELDORADO;109
145;;HUGGINCHES;A;ELDORADO;109
146;;HUGGINCHES;M;ELDORADO;109
147;;HUTCHINSON;;ELDORADO;112
148;;HUTCHINSON;;ELDORADO;112
151;;LEVEN;M;CARL VINSON;957
152;;MATKIN;L;MALIBU;6514
153;;MATKIN;L;MALIBU;6514
154;;MATKIN;;MALIBU;6514
155;;MATKIN;;MALIBU;6514
156;;OWENS;L;MALIBU;6508
157;;OWENS;G;MALIBU;6508
158;;OWENS;E;MALIBU;6508
159;;OWENS;T;MALIBU;6508
160;;OWENS;N;MALIBU;6508
161;;OWENS;S;MALIBU;6508
162;;PAIGE;;ELDORADO;106
163;ROY;SPRINGGS;;ELDORADO;113
164;;SYKES;;MONTEGO;4901
165;;SYKES;;MONTEGO;4901
168;ROSETTA;THOMPSON;;MALIBU;6532
169;JACQUELINE;TREZEVANT;M;ELDORADO;111
170;ANA;TREZEVANT;M;ELDORADO;111
171;;TREZEVANT;T;ELDORADO;111
172;;WHITAKER;F;MONTEGO;4913
173;;WHITAKER;C;MONTEGO;4913
174;;WHITAKER;M;MONTEGO;4913
175;;WHITAKER;T;MONTEGO;4913
176;DIWALDO;1RUMOR;A;HWY 54;3820
177;BERNADINA;1RUMOR;;HWY 54;3820
178;TERRAN;1RUMOR;L;HWY 54;3820
179;ZAKIYA;1RUMOR;A;HWY 54;3820
180;;1RUMOR;A;HWY 54;3820
181;LEO;ALSTIN;E;OCONEE;612
182;MICHEAL;ALSTIN;;OCONEE;612
183;ROSE;ALSTIN;;OCONEE;612
184;ANTONINO;CAMPBELL;E;OCONEE;604
185;JESSICA;CAMPBELL;A;OCONEE;604
186;MARINELA;CAMPBELL;E;OCONEE;604
187;;CAMPBELL;D;OCONEE;604
188;DARRYL;CARR;B;RUBY;501
189;BERRY;CARR;J;RUBY;501
190;ROSELINE;CARR;D;RUBY;501
191;RODRICK;CARTER;;22ND;14135
192;JOANNIE;CARTER;;22ND;14135
193;ADMAN;CAVAJEL;L;MARTIN LUTHER K;607
194;STEPHEN;CAVAJEL;D;MARTIN LUTHER K;607
195;MALISSA;CAVAJEL;L;MARTIN LUTHER K;607
196;SARAH;CAVAJEL;L;MARTIN LUTHER K;607
197;LAWRENCE;CHAMBARS;;22ND;14180
198;EUGENE;CHAMBARS;F;22ND;14180
199;;COLBY;J;MAIN;303
200;MARKO;COUPE;;GEORGE;104
201;;COUPE;P;GEORGE;104
202;GUILLERMO;CRIDER;E;WARE;106
203;MARCO;CRIDER;M;WARE;106
204;W;DAVIES;U;22ND;14220
205;MICHELE;DAVIES;N;22ND;14220
206;RENEE;DAVIES;M;22ND;14220
207;SARAH;DAVIES;N;22ND;14220
208;GERARDO;DEGRAENED;D;WARE;128
209;ALLAN;DEGRAENED;R;WARE;128
210;;DORMAN;W;OCONEE;616
211;;DORMAN;R;OCONEE;616
212;;DORMAN;N;OCONEE;616
213;GREG;DOWOKAKOKO;S;JOHNSON;103
214;A;DOWOKAKOKO;A;JOHNSON;103
215;;DOWOKAKOKO;A;JOHNSON;103
216;MATTHEW;EASLEY;;MARTIN LUTHER K;613
217;FLORIPE;EASLEY;D;MARTIN LUTHER K;613
218;KERI;EASLEY;D;MARTIN LUTHER K;613
219;NILSA;EASLEY;D;MARTIN LUTHER K;613
220;CHERYL;ELLIOTT;;CHURCH;102
221;FLAINE;ELLIOTT;A;CHURCH;102
222;ALE JARDRO;ERVINE;A;MARTIN LUTHER K;601
223;JUAN;ERVINE;E;MARTIN LUTHER K;601
224;ZIONARA;ERVINE;T;MARTIN LUTHER K;601
225;;ERVINE;E;MARTIN LUTHER K;601
226;ETHNY;FREY;B;22ND;14225
227;SHAWNETT;GARRETT;R;WARE;124
228;HARRIET;GARRETT;R;WARE;124
229;KRISTY;GORDON;L;WOODHAVEN;303
230;DIANE;GORDON;M;WOODHAVEN;303
231;ROSEMARIE;GORDON;;WOODHAVEN;303
232;DANIEL;GRANER;;GEORGE;100
233;ROBERT;GRANER;R;GEORGE;100
234;MARJORIE;GRANER;A;GEORGE;100
235;EDUARDSO;GREENE;A;OCONEE;606
236;SONDRA;GREENE;C;OCONEE;606
237;ANN;GREENE;A;OCONEE;606
238;MICHELE;GREENE;M;OCONEE;606
239;ROSETA;GREENE;A;OCONEE;606
240;;GUIDETI;D;HWY 54;3454
241;JAMES;HAMMONDS;C;RUBY;505
242;LENWOOD;HAMMONDS;M;RUBY;505
243;TRACEY;HAMMONDS;R;RUBY;505
244;STEPHENE;HANKINS;;22ND;14215
245;PAYMM;HANKINS;T;22ND;14215
246;;HEAVENER;R;OCONEE;608
247;;HEAVENER;R;OCONEE;608
248;;HEAVENER;V;OCONEE;608
249;JOHNNY;HETTERICH;;RUBY;503
250;MICHEAL;HOLLEY;T;22ND;14170
251;DIMON;HOLLEY;T;22ND;14170
252;KATHERINE;HOLLEY;A;22ND;14170
253;CHARLOTTE;HOLLEY;E;22ND;14170
254;JACQUELINE;HUDSON;;HWY 54;3886
255;ARCHIE;HUSSEINKHEL;;OCONEE;614
256;;HUSSEINKHEL;;OCONEE;614
257;;KEARNS;A;OCONEE;626
258;;KEARNS;;OCONEE;626
259;;KEARNS;E;OCONEE;626
260;;KEARNS;M;OCONEE;626
261;SUSAN;KEICHENBERG;L;22ND;14150
262;JUDY;KEICHENBERG;A;22ND;14150
263;ANTONIO;KLEIMAN;B;OCONEE;622
264;JOCELYN;KLEIMAN;V;OCONEE;622
265;CLEARANCE;LESKO;;OCONEE;610
266;BEN;LESKO;;OCONEE;610
267;;LESKO;;OCONEE;610
268;ORESTE;MACCIO;S;WARE;106
269;OLIVIA;MACCIO;E;WARE;106
270;ERIKA;MARTINEZ STG;M;22ND;14255
271;;MARTINEZ STG;;22ND;14255
272;;MARTINEZ STG;;22ND;14255
273;GEOFFREY;MCALLISTER;M;22ND;14270
274;JEANETTE;MCALLISTER;M;22ND;14270
275;DOMINIQUE;MOHRING;B;31ST;701
276;JANICE;MOHRING;M;31ST;701
277;SHIRLEG;MOSES;;WOODHAVEN;305
278;;OBROCK;G;HWY 54;3732
279;;PEARL;;MAIN;209
280;;PEARL;C;MAIN;209
281;REYAN;RAGLIN;;22ND;14160
282;;REAVES;B;MARTIN LUTHER K;625
283;;REAVES;J;MARTIN LUTHER K;625
284;;REAVES;D;MARTIN LUTHER K;625
285;QUENTIN;RODRIGUEZ;R;22ND;14235
286;STEPHANIE;RODRIGUEZ;R;22ND;14235
287;PHILLIP;ROTHSHILD;;22ND;14240
288;J;ROTHSHILD;L;22ND;14240
289;HILLIARD;ROTHSHILD;E;22ND;14240
290;DOMINIC;RUDASILL;A;WARE;122
291;SEPTIMIA;RUDASILL;E;WARE;122
292;KIMBERLY;RUDASILL;L;WARE;122
293;ALISA;RUDASILL;M;WARE;122
294;;RUDASILL;S;WARE;122
295;TRACIE;RUEHLING;D;HWY 54;3870
296;MELISSA;RUEHLING;A;HWY 54;3870
297;;RUMOR;A;HWY 54;3840
298;MYRIAM;RUSSALL;S;OCONEE;624
299;JORGE;RUSSALL;L;OCONEE;624
300;LYNNETTE;RUSSALL;C;OCONEE;624
301;PELHAM;SANTIAGO;;JOHNSON;101
302;GEORGE;SANTIAGO;L;JOHNSON;101
303;ANGELA;SANTIAGO;E;JOHNSON;101
304;JESSEE;SANTIAGO;T;JOHNSON;101
305;LUIS;SQUILLANTE;A;HWY 54;3556
306;GERAR;SQUILLANTE;;HWY 54;3556
307;CHARLES;SWAGOI;A;OCONEE;600
308;ISRAEL;SWAGOI;M;OCONEE;600
309;MARY CAROLE;SWAGOI;T;OCONEE;600
310;;SWAGOI;B;OCONEE;600
311;;SWAGOI;C;OCONEE;600
312;KATHERINE;SYKS;M;22ND;14230
313;NICHOLE;TONSTALL;L;MAIN;201
314;MARY;TONSTALL;C;MAIN;201
315;HARRIETT;TONSTALL;J;MAIN;201
316;J;WASHINGTON;P;MARTIN LUTHER K;603
317;STEPHENS;WASHINGTON;I;MARTIN LUTHER K;603
318;AMAURY;WASHINGTON;P;MARTIN LUTHER K;603
319;XIOMARA;WASHINGTON;E;MARTIN LUTHER K;603
320;;WIESMAN;V;HWY 54;3850
321;GLORIANNE;BELL;M;3RD;7111
322;ALLEN;BRAWD;J;2ND;7126
323;ANN0;BRAWD;D;2ND;7126
324;JEAN;CARTER;B;72ND;410
325;DOUGASS;DUCOTY;S;3RD;7134
326;MICLELLE;DUCOTY;C;3RD;7134
327;L;DUFFY TYLER;A;72ND;400
328;D;DUFFY TYLER;J;72ND;400
329;BENJAMIN;DUFFY TYLER;M;72ND;400
330;ALICIA;DUFFY TYLER;;72ND;400
331;GERALDENE;DUFFY TYLER;L;72ND;400
332;NATSHA;DUFFY TYLER;M;72ND;400
333;JESUS;EHM;A;VILLAGRANDE;419
334;ETHEL;EHM;J;VILLAGRANDE;419
335;;EHM;M;VILLAGRANDE;419
336;PABLOS;GASBARRO;U;VILLAGRANDE;401
337;LEANNE;GASBARRO;;VILLAGRANDE;401
338;ERIN;GASBARRO;K;VILLAGRANDE;401
339;JO;GASBARRO;;VILLAGRANDE;401
340;;GASBARRO;A;VILLAGRANDE;401
341;DIXION;HELLER;J;72ND;318
342;DOREN;HELLER;J;72ND;318
343;TEGIRA;HELLER;J;72ND;318
344;AGELEON;HELLER;M;72ND;318
345;;HELLER;J;72ND;318
346;;HELLER;A;72ND;318
347;ARISTIDES;HOPPER;C;2ND;7100
348;CARLOS;HOPPER;C;2ND;7100
349;ROSEY;HOPPER;B;2ND;7100
350;CHARLES;HUBRIC;P;3RD;7127
351;DIANE;HUBRIC;;3RD;7127
352;SIGFREDO;PAINE WELLS;J;71ST;231
353;AGEL;PAINE WELLS;J;71ST;231
354;OSWALDO;PAINE WELLS;J;71ST;231
355;IGNACIO;PAINE WELLS;J;71ST;231
356;BARBARA;PAINE WELLS;C;71ST;231
357;JEFFREY;PENSETH;J;VILLAGRANDE;427
358;THRESA;PENSETH;A;VILLAGRANDE;427
359;ANNE;PENSETH;A;VILLAGRANDE;427
360;ANDREW E;POLLACK;;3RD;7139
361;JAMAR;POLLACK;F;3RD;7139
362;DARON;POLLACK;S;3RD;7139
363;SHAWN;POLLACK;P;3RD;7139
364;MIRIAM;POLLACK;J;3RD;7139
365;LEAH;POLLACK;A;3RD;7139
366;CHRISTOPHER;ROWEN;J;2ND;7112
367;EARNEST;ROWEN;A;2ND;7112
368;CATHY;ROWEN;;2ND;7112
369;ELFRIEDA;ROWEN;C;2ND;7112
370;NICOLAS;SAUNDERS;G;72ND;430
371;CATHERINE;SAUNDERS;L;72ND;430
372;JOHN;SCCHWARTZ;F;3RD;7121
373;TRICIA;SCCHWARTZ;E;3RD;7121
374;JEFFREY;SMALLS;P;VILLAGRANDE;441
375;INGER;SMALLS;B;VILLAGRANDE;441
376;;SMALLS;J;VILLAGRANDE;441
377;;SMALLS;A;VILLAGRANDE;441
378;MARC;ARCHER;C;WOODHAVEN;309
379;JEAN;ARCHER;A;WOODHAVEN;309
380;LAWRENCE;BELTRAN;C;BRANTWOOD;108
381;JEFF;BELTRAN;J;BRANTWOOD;108
382;SOUTA;BELTRAN;M;BRANTWOOD;108
383;ELMER;BELTRAN;A;BRANTWOOD;114
384;WILEY;BELTRAN;A;BRANTWOOD;114
385;GISELA;BELTRAN;M;BRANTWOOD;114
386;RUTH ANN;BELTRAN;M;BRANTWOOD;114
387;EDWIN;CAGER;M;WOODHAVEN;313
388;EARLE;CAGER;M;WOODHAVEN;313
389;ROSETTA;CAGER;J;WOODHAVEN;313
390;RONNIE;COBEZA;;WOODHAVEN;512
391;KENNETH;COBEZA;R;WOODHAVEN;512
392;SHAWN;COBEZA;E;WOODHAVEN;512
393;;COBEZA;M;WOODHAVEN;512
394;ARY;DORSEY;S;WOODHAVEN;503
395;MELISSA;DORSEY;J;WOODHAVEN;503
396;DEBBIE;DORSEY;M;WOODHAVEN;503
397;ENDA;DORSEY;L;WOODHAVEN;503
398;ISSAC;DRENMON;F;WOODHAVEN;311
399;ERNEST;DRENMON;R;WOODHAVEN;311
400;THERESA;DRENMON;A;WOODHAVEN;311
401;JOANNIE;FLEEK;;WOODHAVEN;514
402;ANNTIONETTE;FLEEK;;WOODHAVEN;514
403;STANLY;FLOWERS;J;WOODHAVEN;405
404;COVNELIA;FLOWERS;M;WOODHAVEN;405
405;KEN;GALIDEZ;E;BRANTWOOD;100
406;ENZELEE;GALIDEZ;E;BRANTWOOD;100
407;MICHELLE;GALIDEZ;M;BRANTWOOD;100
408;CHATERAH;GALIDEZ;M;BRANTWOOD;100
409;GIANNI;HILLEGAS;E;BRANTWOOD;106
410;JANICE;HILLEGAS;;BRANTWOOD;106
411;HAILLE;HILLEGAS;E;BRANTWOOD;106
412;ROSA;HILLEGAS;C;BRANTWOOD;106
413;JAMIE;HILLEGAS;E;BRANTWOOD;106
414;SCOT;HOLLOWAY;C;ELDORADO;107
415;JENIFFER;HOLLOWAY;T;ELDORADO;107
416;SHANIKA;KEARNEY;E;WOODHAVEN;501
417;ASHELY;KEARNEY;E;WOODHAVEN;501
418;SHERMISE;KEARNEY;J;WOODHAVEN;501
419;ROB;MANGUM;J;ELDORADO;105
420;BAKIA;MANGUM;E;ELDORADO;105
421;JEROME;MITCHELLL;J;WOODHAVEN;509
422;DONETTA;MITCHELLL;M;WOODHAVEN;509
423;JOSH;RADRIGZ;D;ELDORADO;101
424;RUGY;RADRIGZ;E;ELDORADO;101
425;SONJA;RAMAS;K;BRANTWOOD;112
426;JEFF;RHODES;L;BRANTWOOD;110
427;HENRIETTE;RHODES;;BRANTWOOD;110
428;JANNIE;RHODES;M;BRANTWOOD;110
429;JOANN;RHODES;N;BRANTWOOD;110
430;JOHONNY;RIBERA;U;BRANTWOOD;104
431;STUART;RIBERA;K;BRANTWOOD;104
432;EMMETTE;RICHARDSON;E;WOODHAVEN;315
433;TAMIKA;RICHARDSON;R;WOODHAVEN;315
434;JEFF;STAPPY;F;BRANTWOOD;102
435;FRANKLIN;STAPPY;E;BRANTWOOD;102
436;ELLA LOUISE;STAPPY;F;BRANTWOOD;102
437;QUAYN;STAPPY;B;BRANTWOOD;102
438;ARLIE;STAPPY;A;BRANTWOOD;102
439;FREDERICK;STEWARD;A;WOODHAVEN;505
440;CHANTEL;STEWARD;A;WOODHAVEN;505
441;BRIAN;WCIGNT;;WOODHAVEN;307
442;MAXICINE;WCIGNT;H;WOODHAVEN;307
443;BEN;WILKES;W;ELDORADO;103
444;STEVE;WILKES;M;ELDORADO;103
445;HARRIETTE;WILKES;L;ELDORADO;103
446;CHARLIE;WILLIAMS;A;WOODHAVEN;510
447;SHERRI;WILLIAMS;V;WOODHAVEN;510
448;CHANCE;YETES;E;WOODHAVEN;403
449;ALFREDRICK;YETES;S;WOODHAVEN;403
450;MARITZA;AHREWS;A;71ST;345
451;MARIANNA;AHREWS;B;71ST;345
452;LENARD;BENETAS;A;STARKEY;660
453;SAMMY;BENETAS;R;STARKEY;660
454;DOLORES;BENETAS;R;STARKEY;660
455;JAMAR;BODMER;C;BANKS;102
456;ROSSITA;BODMER;L;BANKS;102
457;MAG;BODMER;R;BANKS;102
458;ROZELLIN;BODMER;N;BANKS;102
459;CATHERINE;BODMER;L;BANKS;102
460;J;CETO;E;MITCHELL;104
461;DANYA;CHEESEMAN;L;STARKEY;690
462;DANTE;CHEESEMAN;E;STARKEY;690
463;DOMINQUE;CONNER;S;BASSWIDE;4836
464;COHNIE;CONNER;E;BASSWIDE;4836
465;SEKOU;COSGRAOE;L;BANKS;202
466;TREIRA;COSGRAOE;;BANKS;202
467;THERESA;COSGRAOE;G;BANKS;202
468;MICHAEL;DACANAY;A;MITCHELL;112
469;A JASIA;DACANAY;;MITCHELL;112
470;BRIANCA;DACANAY;G;MITCHELL;112
471;SAM;DANIEL-LEIVA;J;RIDLEY;729
472;THAU LYNN;DANIEL-LEIVA;R;RIDLEY;729
473;MILFORD;DIVER;J;STARKEY;658
474;FRANK;DOMINQUEZ;K;STARKEY;672
475;SHAVAN;DOMINQUEZ;M;STARKEY;672
476;ISAAE;ENGELSKIRCH;;STARKEY;612
477;JEANELLE;ENGELSKIRCH;;STARKEY;612
478;LOUIS;FAIRIE;W;BASSWOOD;4940
479;WESLEY;FISCHARUND;M;MITCHELL;110
480;NADESHIA;FISCHARUND;A;MITCHELL;110
481;DANYELLE;FISCHARUND;L;MITCHELL;110
482;RUNEE;GECKLE;;STARKEY;614
483;RALPAL;GECKLE;T;STARKEY;614
484;RROBERT;GERING;T;71ST;325
485;GHOLAN;GERINGER;W;BANK;200
486;JEFFREY;GERINGER;W;BANK;200
488;DOUGLASS;GERINGER;D;BANK;200
489;MARIE;GERINGER;T;BANK;200
490;NATHANIAL;GLICK;N;RIDLEY;725
491;TEMPEST;GREENE;Z;BASSWOOD;4816
492;RAYMON;HALL;;BASSWOOD;4810
493;GEORGE;HILLION;L;BASSWOOD;4914
494;KEYAN;JEANS;D;STARKEY;686
495;MICHEAL;JEANS;;STARKEY;686
496;CASANDRA;JEANS;C;STARKEY;686
497;SANDERA;JIMEMEZ;Y;STARKEY;674
498;BARBRA;JIMEMEZ;M;STARKEY;674
499;IRWIN;JIMENEZ;;BANKS;214
500;ANDRE;JIMENEZ;;BANKS;214
501;WILHEMENIA;JIMENEZ;;BANKS;214
502;FREDRICK;KELLEY;W;BASSWOOD;4932
503;TONY;LAKHTOSH;M;BANKS;206
504;DANIELLE;LAKHTOSH;S;BANKS;206
505;DORATHEA;LASITTER;K;STARKEY;656
506;LELA;LASITTER;M;STARKEY;656
507;DWIGHT;MALDONABO;B;STARKEY;678
508;MARQUIS;MALDONABO;E;STARKEY;678
509;MABEL;MALDONABO;;STARKEY;678
510;DARYL;MORGAN;A;3RD;7124
511;KEVEIN;MORGAN;;3RD;7124
512;HERMAN;MOSGERA;M;STARKEY;684
513;IASHA;MOSGUERA;C;STARKEY;682
514;ANDRE;MOSGUERA;G;STARKEY;682
515;ROMAINE;MOSGUERA;O;STARKEY;682
516;TAWYA;MOSGUERA;O;STARKEY;682
517;PRINCETTE;MOSGUERA;D;STARKEY;682
518;KEISHA;MOSGUERA;O;STARKEY;682
519;CLAIRE;OQUENDO;J;STARKEY;666
520;XANTHA;PAIGE;;BASSWOOD;4830
521;JEMOS;PARRA;V;STARKEY;676
522;ANN;RAUST;N;STARKEY;652
523;TAWANA;RODREQUE;S;STARKEY;670
524;GERALDINE;RODREQUE;A;STARKEY;670
525;DERRICK;ROUNSVELLE;E;BANKS;100
526;IRAN;SENTRY;R;BASSWOOD;4906
527;RAYMOND;SENTRY;L;BASSWOOD;4906
528;ALLICIA;SENTRY;J;BASSWOOD;4906
529;DAVONE;SHANKS;B;BANKS;104
530;LONORA;SHANKS;S;BANKS;104
531;RANDOLFF;TORRIS;;STARKEY;680
532;FREMAN;TORRIS;R;STARKEY;680
533;WYANE;VALDEZ;H;RIDLEY;723
534;THERESA;VALDEZ;;RIDLEY;723
535;THUY KIM;VARGAS MUNOZ;G;RIDLEY;727
536;BRANDON;VARGAS-HERNAN;R;STARKEY;664
537;ALEXANDE;VARGAS-HERNAN;R;STARKEY;664
538;ELIZBETH;VARGAS-HERNAN;L;STARKEY;664
539;DONNY;WESTERN;;BASSWOOD;4842
540;SALLY;WESTERN;;BASSWOOD;4842
541;ALEXDER;WIZALKOWSKI;J;BANKS;210
542;DELORES;WIZALKOWSKI;A;BANKS;210
543;LATESHA;CANNON;D;EL DORADO;110
544;KATHY;DORSER;;STARKEY;626
545;RUFUS;HOERNING;D;EL DORADO;114
546;CHISTOPHER;HOERNING;D;EL DORADO;114
547;ZACNARY;HOERNING;;EL DORADO;114
548;TRINA;HOERNING;;EL DORADO;114
549;ANNA;HOERNING;;EL DORADO;114
550;STEPHEN;JOHNS;;BASSWOOD;4946
551;GLURIA;JOHNS;;BASSWOOD;4946
552;GERARDO;JOLMES;F;EL DORADO;108
553;FRANCISO;JOLMES;D;EL DORADO;108
554;ERIK;JOLMES;D;EL DORADO;108
555;LUCILE;JOLMES;;EL DORADO;108
556;DANYAE;KENNY;;STARKEY;624
557;RAY;SPRIGGS;;EL DORADO;113
558;JACKIE;TREAEVANT;M;EL DORADO;111
559;ANNA;TREAEVANT;M;EL DORADO;111
560;LED;ALSTON;E;OCONEE;612
561;MICHAEL;ALSTON;;OCONEE;612
562;ROSEMARY;ALSTON;;OCONEE;612
563;KENDALL;BARRETT;;STARKEY;634
564;YUNAISY;BARRETT;L;STARKEY;634
565;ANTOIENO;CAMBLE;E;6041 / 2 OCONEE;
566;JESSICIA;CAMBLE;A;6041 / 2 OCONEE;
567;MARNELA;CAMBLE;E;6041 / 2 OCONEE;
568;DERRYL;CARL;B;RUBY;501
569;BARRY;CARL;J;RUBY;501
570;ROSELIME;CARL;D;RUBY;501
571;RODERICK;CARTIER;C;22;14135
572;JOAN;CARTIER;;22;14135
573;ADRIAN;CARVAJAL;L;MARTIN LUTHER K;607
574;STEVEN;CARVAJAL;D;MARTIN LUTHER K;607
575;MILISSA;CARVAJAL;L;MARTIN LUTHER K;607
576;SARA;CARVAJAL;L;MARTIN LUTHER K;607
577;LAURENCE;CHAMBERS;;22;14180
578;EUGENIO;CHAMBERS;E;22;14180
579;MIKE;COBY;D;MAIN;303
580;WILIAMS;COBY;A;MAIN;303
583;GOILLERMO;CRIBER;E;WARE;106
584;MARCOS;CRIBER;M;WARE;106
585;WINDY;DAVIS;E;22;14220
586;MICHELLE;DAVIS;N;22;14220
587;RENNE;DAVIS;M;22;14220
588;SARA;DAVIS;N;22;14220
589;JERARDO;DEGRAGENRIED;D;WARE;128
590;ALLEN;DEGRAGENRIED;R;WARE;128
591;MARY LOU;DICKERSON;;STARKEY;638
592;MATHEW;EASELY;;MARTIN LUTHER K;613
593;FLORY;EASELY;D;MARTIN LUTHER K;613
594;KERRY;EASELY;D;MARTIN LUTHER K;613
595;NILSAIVETTE;EASELY;D;MARTIN LUTHER K;613
596;SHERYL;ELLICATT-KEAN;;CHURCH;102
597;ELAINE;ELLICATT-KEAN;A;CHURCH;102
598;MARYANN;FOSTER;;STARKEY;636
599;EPHNY;FRY;B;22 PC;14225
600;DANNY;GARNER;;GEORGE;100
601;ROBERTO;GARNER;R;GEORGE;100
602;MAJORIE;GARNER;A;GEORGE;100
603;SHARNETT;GARRET;R;WARE;124
604;HARRET;GARRET;;WARE;124
605;KRISTY LEIGH;GORODN;L;WOODHAVEN;303
606;DIANE MARIE;GORODN;;WOODHAVEN;303
607;ROSE MARIE;GORODN;;WOODHAVEN;303
608;EDVARDO;GREEN;A;OCONEE;606
609;SANDRA;GREEN;C;OCONEE;606
610;ANNE;GREEN;A;OCONEE;606
611;MICHELLE;GREEN;M;OCONEE;606
612;ROSETTE;GREEN;A;OCONEE;606
613;CORTE;HACHETT;D;STARKEY;640
614;DENARIO;HACHETT;E;STARKEY;640
615;EYVETTE;HACHETT;D;STARKEY;640
616;ALISA;HACHETT;Y;STARKEY;640
617;JOAMES;HAMMOND;;RUBY;505
618;LENWOOD REV;HAMMOND;;RUBY;505
619;TRACI;HAMMOND;R;RUBY;505
620;STEFAN;HASKINS;;22;14215
621;PAMELA;HASKINS;T;22;14215
622;FLORRE;HEAVAENER;;OCONEE;608
623;JEFFREY;HEAVAENER;S;OCONEE;608
625;SAMIAR;HENRIKSON;I;OCONEE;618
626;SAMANTHA;HENRIKSON;H;OCONEE;618
627;DOROTHEA;HENRIKSON;T;OCONEE;618
628;DONNA MARIE;HENRIKSON;E;OCONEE;618
629;PHYLLIS;HENRIKSON;L;OCONEE;618
630;MICHAEL;HOLLY;T;22;14170
631;DAMOEN;HOLLY;T;22;14170
632;CATHRINE;HOLLY;A;22;14170
633;CHARCOTTE;HOLLY;E;22;14170
634;JEFFREY;HOSHINGTON;P;MARTIN LUTHER K;603
635;STEVEN;HOSHINGTON;I;MARTIN LUTHER K;603
636;MAURI;HOSHINGTON;P;MARTIN LUTHER K;603
637;XLONARA;HOSHINGTON;E;MARTIN LUTHER K;603
638;ANTHONY;HULLEY;B;STARKEY;628
639;DIANE;HULLEY;M;STARKEY;628
640;ARCHIBALD;HUSSEINKEL;;OCONEE;614
641;JACQUELIN;HUTSON;;HWY 54;3886
642;ALEJANDRO;IRVIN;A;MARTIN LUTHER K;601
643;IVAN;IRVIN;E;MARTIN LUTHER K;601
644;ZIONAIRE;IRVIN;T;MARTIN LUTHER K;601
645;ANTONIA;KLEINMAN;B;OCONEE;622
646;JOSLYN;KLEINMAN;V;OCONEE;622
647;MARCO;KOUPE;;GEORGE;104
648;DINWARDO;KUMOR;A;HWY 54;3820
649;BERNADINE;KUMOR;;HWY 54;3820
650;TERRENCE;KUMOR;L;HWY 54;3820
651;ZAKAYA;KUMOR;C;HWY 54;3820
652;DAGOBERTO;KUMOR;;HWY 54;3840
653;CORRINE;KUMOR;;HWY 54;3840
654;CLARENCE;LESCO;;OCONEE;610
655;BAN;LESCO;;OCONEE;610
656;ERICA;MARTINEZ;;22;14255
657;DELHAM;MATEO;;JOHNSON;101
658;GEORGE DR;MATEO;L;JOHNSON;101
659;ANGLA;MATEO;E;JOHNSON;101
660;JESSE;MATEO;;JOHNSON;101
661;GEOFFRY;MCALISTER;M;22;14270
662;JANETT;MCALISTER;M;22;14270
663;THE IMA;MITCHELL;V;STARKEY;650
664;DOMINIC;MOHRINA;B;31;701
665;JANIS;MOHRINA;M;31;701
666;SHIRLEY;MOSER;;WOODHAVEN;305
667;ORESTES;MUCCIO;S;1/2 WARE;106
668;LIVIA;MUCCIO;E;1/2 WARE;106
669;GREGORY;OLOWOKAKOKO;S;JOHNSON;103
670;AE;OLOWOKAKOKO;A;JOHNSON;103
671;VERCONIA;PARK;;HWY 54;3960
672;DELORES;PARK;;HWY 54;3960
673;JOHNNIE;PETTRICH;;RUBY;503
674;WILLY;REEVES;L;MARTIN LUTHER K;625
675;DOUGLASS;REEVES;F;MARTIN LUTHER K;625
677;SUE;REICHENBERG;L;22;14150
678;TRUDY;REICHENBERG;A;22;14150
679;QUINTON;RODRIGUES;;22;14235
680;STEPHINE;RODRIGUES;;22;14235
681;REYANN;ROGLIN;J;22;14160
682;PHILIP;ROTHCHILD;;224;14240
683;JAYANN;ROTHCHILD;L;224;14240
684;HILDRED;ROTHCHILD;E;224;14240
685;DOMINI;RUDAGILL;A;WARE;122
686;SEPTIMIO;RUDAGILL;E;WARE;122
687;KIMBERY;RUDAGILL;L;WARE;122
688;ALASIA;RUDAGILL;M;WARE;122
689;TRACIE LEE;RUIHLING;D;HWY 54;3870
690;MELLISSA;RUIHLING;A;HWY 54;3870
691;MIRIAM;RUSSELL;S;OCONEE;624
692;JONGE;RUSSELL;L;OCONEE;624
693;LYNN;RUSSELL;C;OCONEE;624
694;CHARES;SHAWQI;;OCONEE;600
695;ISAREL;SHAWQI;;OCONEE;600
696;MARYCAROLE;SHAWQI;;OCONEE;600
697;SHEILA;SINEFIELD;;STARKEY;632
699;BRANDIE;SOLLIVAN;D;22;14245
700;ANNE;SOLLIVAN;G;22;14245
701;LOUIS;SQUILLANGE;A;HWY 54;3556
702;GERARD;SQUILLANGE;A;HWY 54;3556
703;KATHY;SYKES;M;22;14230
704;NICOLE;TUNSTALL;;MAIN;201
705;MARY ANNE;TUNSTALL;C;MAIN;201
706;HARRIET;TUNSTALL;J;MAIN;201
707;ALAN;BRAND;J;2ND;7126
708;ANN;BRAND;D;2ND;7126
709;JEANNE;CARTE;;72ND;410
710;TRYONE;DAVID;M;STARKEY;618
711;HOANG;DAVID;;STARKEY;618
712;DOUGLAS;DOCUTY;S;3RD;7134
713;MICHELLE;DOCUTY;C;3RD;7134
714;LAWRENCE;DUFFY-TYLER;A;72ND;400
715;DAVID;DUFFY-TYLER;F;72ND;400
716;BEN;DUFFY-TYLER;M;72ND;400
717;ALLICIA;DUFFY-TYLER;;72ND;400
718;GERALDINE;DUFFY-TYLER;L;72ND;400
719;NATASHA;DUFFY-TYLER;;72ND;400
720;GISUS;ELM;A;VILLAGRANDE;419
721;ETHLEW;ELM;J;VILLAGRANDE;419
722;JEANNE;FENSTER-PENNE;L;STARKEY;610
723;PABLO;GASBARRD;V;VILLAGRANDE;401
724;LE ANNE;GASBARRD;G;VILLAGRANDE;401
725;AFRIN;GASBARRD;K;VILLAGRANDE;401
726;JO ANNE;GASBARRD;M;VILLAGRANDE;401
727;BIANCA;GEHRING;A;STARKEY;602
728;ZUNZELL;HACKER;M;STARKEY;606
729;CORNLIUS;HACKER;M;STARKEY;606
730;MARIEA;HALLORAW;A;STARKEY;600
731;DIXIE;HELER;J;72ND;380
732;DORIAN;HELER;J;72ND;380
733;TEAIRA;HELER;J;72ND;380
734;ANGELEAN;HELER;M;72ND;380
735;ARISTIDIS;HOOPER;C;2ND;7100
736;CARLO;HOOPER;C;2ND;7100
737;ROSETTA;HOOPER;B;2ND;7100
738;CHARLS;HUBRICK;P;3RD;7127
739;JANICE;HUBRICK;;3RD;7127
740;SIFRIDO;PAINE-WELLS;J;71ST;231
741;ABEL;PAINE-WELLS;;71ST;231
742;WALDO;PAINE-WELLS;J;71ST;231
743;IGANACIO;PAINE-WELLS;J;71ST;231
744;BARBRA;PAINE-WELLS;L;71ST;231
745;JEFFERY;PENSMITH;J;VILLAGRANDE;427
746;THRESSA;PENSMITH;A;VILLAGRANDE;427
747;ANN;PENSMITH;A;VILLAGRANDE;427
748;ANDREW;POLLOCK;;3RD;7139
749;JAMAL;POLLOCK;F;3RD;7139
750;DAVON;POLLOCK;S;3RD;7139
751;SHAUN;POLLOCK;P;3RD;7139
752;MIRIAN;POLLOCK;J;3RD;7139
753;LEHA;POLLOCK;A;3RD;7139
754;KENNETH;REEVER;A;STARKEY;604
755;CRISTOPHER;ROWAN;J;2ND;7112
756;ERNEST;ROWAN;A;2ND;7112
757;CATHERINE;ROWAN;;2ND;7112
758;ALFREDA;ROWAN;L;2ND;7112
759;NICHOLAS;SANDERS;G;72ND;430
760;KATHY;SANDERS;L;72ND;430
761;JOAN;SCHWARTZ;F;3RD;7121
762;PATRICIA;SCHWARTZ;E;3RD;7121
763;JEFFERY;SMALL;P;VILLAGRANDE;441
764;ENGER;SMALL;B;VILLAGRANDE;441
765;GLORIANE;VELL;M;3RD;7111
766;MACK;ARCHBR;C;WOODHAVEN;309
767;J;ARCHBR;A;WOODHAVEN;309
768;ELAM;BELTAN;A;BRANTWOOD;114
769;WYLIE;BELTAN;A;BRANTWOOD;114
770;GISELLA;BELTAN;M;BRANTWOOD;114
771;RUTHANN;BELTAN;M;BRANTWOOD;114
772;LAWRENE;BETRAN;;BRANTWOOD;108
773;JEFFREY;BETRAN;;BRANTWOOD;108
774;SOLITA;BETRAN;;BRANTWOOD;108
775;EDDIE;COGER;M;WOODHAVEN;313
776;EARL;COGER;M;WOODHAVEN;313
777;ROSSITA;COGER;J;WOODHAVEN;313
778;GARY;DORSLY;S;WOODHAVEN;503
779;MELLISA;DORSLY;J;WOODHAVEN;503
780;DEBNA;DORSLY;M;WOODHAVEN;503
781;EDNA;DORSLY;L;WOODHAVEN;503
782;ISAAC;DRENNON;F;WOODHAVEN;311
783;EARNEST;DRENNON;R;WOODHAVEN;311
784;THERSA;DRENNON;A;WOODHAVEN;311
785;JOHNNIE;FLEET;;WOODHAVEN;514
786;ANTOINETTE;FLEET;;WOODHAVEN;514
787;STANLEY;FLOWER;J;WOODHAVEN;405
788;CORNELIA;FLOWER;M;WOODHAVEN;405
789;KENNETH;GALINDE;E;BRANTWOOD;100
790;ENZNZELLE;GALINDE;E;BRANTWOOD;100
791;LACHELLE;GALINDE;G;BRANTWOOD;100
792;CHATYRA;GALINDE;M;BRANTWOOD;100
793;JOHNNIE;HILLEGASS;E;BRANTWOOD;106
794;JENIA;HILLEGASS;;BRANTWOOD;106
795;HAILIE;HILLEGASS;E;BRANTWOOD;106
796;ROSE;HILLEGASS;C;BRANTWOOD;106
797;JONIE;HILLEGASS;E;BRANTWOOD;106
798;SCOTT;HULLOWAY;C;ELDORADA;107
799;JENNIFER;HULLOWAY;T;ELDORADA;107
800;PRESPEU;JONES;J;3RD;7114
801;NAOMI;JONES;K;3RD;7114
802;LUC;JONES;M;3RD;7114
803;RONNY;KABEZA;;WOODHAVEN;512
804;KEN;KABEZA;R;WOODHAVEN;512
805;SHAWNA;KABEZA;;WOODHAVEN;512
806;SHAMIKA;KEARNAY;E;WOODHAVE;501
807;ASHLEY;KEARNAY;;WOODHAVE;501
808;SHERMICE;KEARNAY;;WOODHAVE;501
809;ALMA;MASLIN;C;STARKEY;620
810;GEROME;MITCHELL;J;WOODHAVEN;509
811;DORETTA;MITCHELL;M;WOODHAVEN;509
812;ROBERT;MONGUM;J;EL DORADO;105
813;RAKIA;MONGUM;;EL DORADO;105
814;SONYA;RAMOS;K;BRANTWOOD;112
815;JEFFREY;RHOADS;C;BRANTWOOD;110
816;HENRIETTA;RHOADS;;BRANTWOOD;110
817;JANIE;RHOADS;M;BRANTWOOD;110
818;JEANNE;RHOADS;;BRANTWOOD;110
819;EMMIT;RICHARDSONIII;E;WOODHAVEN;315
820;TOMICA;RICHARDSONIII;R;WOODHAVEN;315
821;JOHN;RIVERA;U;BRANTONWOOD;104
822;STEWART;RIVERA;K;BRANTONWOOD;104
823;JOSHUA;RODRIGUEZ;V;EL DORADO;101
824;RUBY;RODRIGUEZ;E;EL DORADO;101
825;SILYIA;SPINWATO;M;71ST;301
826;FRED;STEWART;A;WOODHAVEN;505
827;SHANTELL;STEWART;A;WOODHAVEN;505
828;JEFFREY;STOPPY;F;BRANTWOOD;102
829;FRANK;STOPPY;E;BRANTWOOD;102
830;ELOUISE;STOPPY;F;BRANTWOOD;102
831;QUIYINA;STOPPY;B;BRANTWOOD;102
832;ALIE;STOPPY;A;BRANTWOOD;102
833;BENEDICT;WILKS;W;EL DORADO;103
834;STEVEN;WILKS;M;EL DORADO;103
835;HARRIET;WILKS;L;EL DORADO;103
836;CHARLEY;WILLIAM;A;WOODHAVEN;510
837;SHERRY;WILLIAM;V;WOODHAVEN;510
838;BRYAN;WRIGHT;;WOODHAVEN;307
839;MAXINE;WRIGHT;H;WOODHAVEN;307
840;CHANSE;YATES;E;WOODHAVEN;403
841;ALFREDICA;YATES;S;WOODHAVEN;403
