id1;id2
conf/sigmod/SlivinskasJS01;375678
conf/sigmod/ChaudhuriDN01;375694
conf/sigmod/RinfretOO01;375669
conf/sigmod/BreunigKKS01;375672
conf/sigmod/JagadishJOT01;375687
conf/sigmod/NazeriBO01;375743
conf/sigmod/ChenZCKR01;375789
conf/sigmod/BohmBKK01;375714
conf/sigmod/DattaDRTV01;375780
conf/sigmod/HernandezMHYHT01;375767
conf/sigmod/LeeWMS01;375709
conf/sigmod/HanPLJ01;375786
conf/sigmod/KiesslingHFE01;375754
conf/sigmod/YanMHF01;375729
conf/sigmod/FernandezMS01;375674
conf/sigmod/CandanLLHA01;375736
conf/sigmod/BorkarDS01;375682
conf/sigmod/SchusterW01;375728
conf/sigmod/HanPDW01;375664
conf/sigmod/Maguire01;375742
conf/sigmod/GodfreyGXZ01;375749
conf/sigmod/FabretJLPRS01;375677
conf/sigmod/OlstonWL01;375710
conf/sigmod/LahiriG01;375751
conf/sigmod/DeolaseeKPRS01;375752
conf/sigmod/Meseck01;375745
conf/sigmod/ShahC01;375773
conf/sigmod/StonebrakerH01;375739
conf/sigmod/AfratiLU01;375705
conf/sigmod/ButtlerLPP01;375762
conf/sigmod/LangS01;375716
conf/sigmod/Smith01;375814
conf/sigmod/TatarinovIHW01;375720
conf/sigmod/ShouCTRH01;375755
conf/sigmod/GionisGK01;375689
conf/sigmod/MistryRSR01;375703
conf/sigmod/Larson01;375792
conf/sigmod/GoldsteinL01;375706
conf/sigmod/Bussler01;375810
conf/sigmod/BabuGR01;375693
conf/sigmod/LamCKNH01;375779
conf/sigmod/GreenwaldK01;375670
conf/sigmod/DraperHW01;375744
conf/sigmod/AgichteinGV01;375774
conf/sigmod/KimCK01;375679
conf/sigmod/ClaypoolRZSK01;375765
conf/sigmod/BertinoCF01;375764
conf/sigmod/Mohan01;375798
conf/sigmod/KalnisP01;375712
conf/sigmod/YuMWL01;375684
conf/sigmod/ChenGK01;375692
conf/sigmod/Galindo-LegariaJ01;375748
conf/sigmod/DeshpandeGR01;375685
conf/sigmod/LazaridisM01;375718
conf/sigmod/BrunoCG01;375686
conf/sigmod/Sahuguet01;375757
conf/sigmod/AgrawalCN01;375769
conf/sigmod/ChenGM01;375688
conf/sigmod/ZhangNDLL01;375722
conf/sigmod/CarinoKKB01;375733
conf/sigmod/AggarwalY01;375668
conf/sigmod/WynblattN01;375737
conf/sigmod/BohannonMR01;375681
conf/sigmod/GunopulosD01;375808
conf/sigmod/KeoghCMP01;375680
conf/sigmod/DoanDH01;375731
conf/sigmod/NgWY01;375666
conf/sigmod/IpeirotisGS01;375671
conf/sigmod/JoshiA01;375673
conf/sigmod/HristidisKP01;375690
conf/sigmod/GetoorTK01;375727
conf/sigmod/WuAA01;375724
conf/sigmod/GehrkeKS01;375665
conf/sigmod/AdiBEY01;375759
conf/sigmod/Amer-YahiaCLS01;375730
conf/sigmod/WhitneyS01;375783
conf/sigmod/KriegelMPS01;375777
conf/sigmod/BabyCY01;375761
conf/sigmod/CasatiS01;375812
conf/sigmod/Rosenthal01;375796
conf/sigmod/NguyenACP01;375723
conf/sigmod/CatarciS01;375771
conf/sigmod/ChangC01;375776
conf/sigmod/Lomet00;335378
conf/sigmod/LabioWGG00;335379
conf/sigmod/AggarwalY00;335383
conf/sigmod/PalmerF00;335384
conf/sigmod/ZaharioudakisCLPU00;335390
conf/sigmod/CorralMTV00;335414
conf/sigmod/RoySSB00;335419
conf/sigmod/HellersteinA00;335420
conf/sigmod/PopaDST00;335421
conf/sigmod/AgrawalW00;335423
conf/sigmod/ForlizziGNS00;335426
conf/sigmod/MoonSL00;335428
conf/sigmod/ChoSG00;335429
conf/sigmod/OhHP00;335436
conf/sigmod/RamaswamyRS00;335437
conf/sigmod/SzalayGKT00;335439
conf/sigmod/GunopulosKTD00;335448
conf/sigmod/AcharyaGP00;335450
conf/sigmod/WaasG00;335451
conf/sigmod/WattezCBFF00;335452
conf/sigmod/Ross00;335457
conf/sigmod/HsiaoN00;335461
conf/sigmod/Weininger00;335465
conf/sigmod/Jhingran00;335469
conf/sigmod/WangSSZZW00;335495
conf/sigmod/ChenDLT00;336560
conf/sigmod/Galhardas00;336568
conf/sigmod/JarkeQCLFLVV00;336570
conf/sigmod/GillmannWSWW00;336577
conf/sigmod/LiuPBHPT00;336579
conf/sigmod/OriaOILY00;336589
conf/sigmod/HanPY00;335372
conf/sigmod/RiedelFGN00;335375
conf/sigmod/ShenoyHSBBS00;335376
conf/sigmod/LakhamrajuRSS00;335381
conf/sigmod/BreunigKNS00;335388
conf/sigmod/ChoG00;335391
conf/sigmod/SalemBCL00;335393
conf/sigmod/ChristophidesCS00;335395
conf/sigmod/LiefkeS00;335405
conf/sigmod/GarofalakisGRSS00;335409
conf/sigmod/FaloutsosSTT00;335412
conf/sigmod/KornM00;335415
conf/sigmod/RodriguezR00;335413
conf/sigmod/LeeKOTM00;335416
conf/sigmod/LitwinS00;335418
conf/sigmod/GoldmanW00;335422
conf/sigmod/BarclaySG00;335424
conf/sigmod/SaltenisJLL00;335427
conf/sigmod/LabrinidisR00;335430
conf/sigmod/ChenJDTW00;335432
conf/sigmod/ChangBCLLS00;335433
conf/sigmod/JagadishKS00;335434
conf/sigmod/AgrawalS00;335438
conf/sigmod/RaoR00;335449
conf/sigmod/LehnerSPC00;335454
conf/sigmod/PonnekantiK00;335462
conf/sigmod/AnnamalaiCD00;335463
conf/sigmod/ChenCPPSTM00;335466
conf/sigmod/OrdonezC00;335468
conf/sigmod/Ramakrishnan00;335471
conf/sigmod/Nori00;335474
conf/sigmod/Gal00;335479
conf/sigmod/ShuklaD00;335482
conf/sigmod/IvesLPST00;335492
conf/sigmod/FegarasSRM00;335494
conf/sigmod/RundensteinerCCSO00;335496
conf/sigmod/MerialdoAMMP00;335497
conf/sigmod/BerckenDS00;336562
conf/sigmod/Sarawagi00;336564
conf/sigmod/PeiMHZ00;336572
conf/sigmod/HsuLG00;336573
conf/sigmod/Rodriguez-Martinez00;336575
conf/sigmod/YangYW00;336578
conf/sigmod/LiBCS00;336583
conf/sigmod/BressanGOT00;336587
conf/sigmod/ReveszCKLLW00;336590
conf/sigmod/ChakrabartiM99;304185
conf/sigmod/AggarwalPWYP99;304188
conf/sigmod/ShanmugasundaramNSR99;304190
conf/sigmod/Jamil99;304192
conf/sigmod/AdaliSS99;304193
conf/sigmod/GehrkeGRL99;304197
conf/sigmod/VitterW99;304199
conf/sigmod/ChanI99;304201
conf/sigmod/BlohsfeldKS99;304203
conf/sigmod/IvesFFLW99;304209
conf/sigmod/MayrS99;304213
conf/sigmod/BeyerR99;304214
conf/sigmod/KotidisR99;304215
conf/sigmod/AggarwalWY99;304218
conf/sigmod/Keim99;304219
conf/sigmod/YerneniLGU99;304221
conf/sigmod/CallanCD99;304224
conf/sigmod/DavulcuFKR99;304225
conf/sigmod/Ozsu99;304228
conf/sigmod/Mohan99;304230
conf/sigmod/HinneburgK99;304232
conf/sigmod/KrishnamurthyBN99;304235
conf/sigmod/BaulierBGGHJKKMMNNRSSSWW99;304239
conf/sigmod/Kohler99;304241
conf/sigmod/Greer99;304242
conf/sigmod/TrisoliniLN99;304569
conf/sigmod/LiuHBPT99;304570
conf/sigmod/AltinelABFSZ99;304571
conf/sigmod/WolfsonSXZC99;304572
conf/sigmod/BraumandlKK99;304573
conf/sigmod/RundensteinerKZWLLN99;304574
conf/sigmod/NgLHM99;304575
conf/sigmod/CruzJ99;304587
conf/sigmod/MamoulisP99;304183
conf/sigmod/AcharyaPR99;304184
conf/sigmod/JagadishLS99;304186
conf/sigmod/AnkerstBKS99;304187
conf/sigmod/LometT99;304189
conf/sigmod/BreitbartKRSS99;304191
conf/sigmod/JagadishLMSV99;304194
conf/sigmod/Hidber99;304195
conf/sigmod/LakshmananNHP99;304196
conf/sigmod/AboulnagaC99;304198
conf/sigmod/LeeKC99;304200
conf/sigmod/Wu99;304202
conf/sigmod/MankuRL99;304204
conf/sigmod/ChaudhuriMN99;304206
conf/sigmod/AcharyaGPR99a;304207
conf/sigmod/HaasH99;304208
conf/sigmod/FlorescuLMS99;304210
conf/sigmod/MaratheS99;304211
conf/sigmod/ChangG99;304212
conf/sigmod/LabioYG99;304216
conf/sigmod/NatsevRS99;304217
conf/sigmod/DeutschFS99;304220
conf/sigmod/PapakonstantinouV99;304222
conf/sigmod/EmbleyJN99;304223
conf/sigmod/GarofalakisRRS99;304227
conf/sigmod/Dullmann99;304229
conf/sigmod/Chakrabarti99;304231
conf/sigmod/Suciu99;304233
conf/sigmod/CareyCNVDRSM99;304234
conf/sigmod/Brown99;304236
conf/sigmod/KanthRSB99;304240
conf/sigmod/Hammond99;304243
conf/sigmod/Team99;304244
conf/sigmod/BergstraesserBPS99;304248
conf/sigmod/DoRD99;304250
conf/sigmod/JarkeQBLMS99;304568
conf/sigmod/AdelbergD99;304576
conf/sigmod/BargaL99;304577
conf/sigmod/LiVCAHMWBCHIKSS99;304578
conf/sigmod/RundensteinerCLCZNJLW99;304579
conf/sigmod/ZhouLP99;304580
conf/sigmod/AcharyaGPR99;304581
conf/sigmod/BrodskySCE99;304582
conf/sigmod/BonnetBCCCHKMMOSS99;304583
conf/sigmod/RoussopoulosKS99;304584
conf/sigmod/BohlenBD99;304585
conf/sigmod/VossenW99;304586
conf/sigmod/BouguettayaBH99;304589
conf/sigmod/BaruGLMPVC99;304590
conf/sigmod/NgLHP98;276307
conf/sigmod/CherniackZ98;276311
conf/sigmod/GuhaRS98;276312
conf/sigmod/Bayardo98;276313
conf/sigmod/AgrawalGGR98;276314
conf/sigmod/KabraD98;276315
conf/sigmod/UrhanFA98;276317
conf/sigmod/KanthAS98;276320
conf/sigmod/KotidisR98;276327
conf/sigmod/DeshpandeRSN98;276328
conf/sigmod/NestorovAM98;276331
conf/sigmod/ChakrabartiDI98;276332
conf/sigmod/SubramanianV98;276333
conf/sigmod/ChanI98;276336
conf/sigmod/ChaudhuriN98;276337
conf/sigmod/AdaliBSS98;276340
conf/sigmod/FernandezFKLS98;276341
conf/sigmod/RajagopalanML98;276342
conf/sigmod/LometW98;276345
conf/sigmod/Stonebraker98;276348
conf/sigmod/AdamY98;276350
conf/sigmod/BerchtoldK98;276353
conf/sigmod/WhiteCF98;276355
conf/sigmod/Doherty98;276358
conf/sigmod/FranklinZ98;276360
conf/sigmod/LahiriJJC98;276366
conf/sigmod/Aulakh98;276367
conf/sigmod/Whelan98;276368
conf/sigmod/NaumanS98;276369
conf/sigmod/Brewer98;276372
conf/sigmod/LiS98;276374
conf/sigmod/LiuPTBBZBHY98;276376
conf/sigmod/OlstonWACELSS98;276377
conf/sigmod/AmbiteABKMMMPT98;276381
conf/sigmod/AvnurHLORRRW98;276383
conf/sigmod/KornackerSH98;276384
conf/sigmod/DarEGP98;276391
conf/sigmod/ChenWZ98;276392
conf/sigmod/LiYVGPUV98;276382
conf/sigmod/TsurUACMNR98;276306
conf/sigmod/ShintaniK98;276308
conf/sigmod/RaoR98;276309
conf/sigmod/Fegaras98;276310
conf/sigmod/JonssonFS98;276316
conf/sigmod/BerchtoldBK98;276318
conf/sigmod/SeidlK98;276319
conf/sigmod/CluetDSS98;276321
conf/sigmod/Miller98;276322
conf/sigmod/Cohen98;276323
conf/sigmod/GrumbachRS98;276324
conf/sigmod/PapadopoulosM98;276325
conf/sigmod/HjaltasonS98;276326
conf/sigmod/ZhaoDNS98;276329
conf/sigmod/Adelberg98;276330
conf/sigmod/GibbonsM98;276334
conf/sigmod/SarawagiTA98;276335
conf/sigmod/JaedickeM98;276338
conf/sigmod/GodfreySE98;276339
conf/sigmod/ChaudhuriMN98;276343
conf/sigmod/MatiasVW98;276344
conf/sigmod/LarsonG98;276346
conf/sigmod/AndersonBKW98;276347
conf/sigmod/Mylopoulos98;276349
conf/sigmod/KemperKM98;276351
conf/sigmod/ClossmanSHKPB98;276352
conf/sigmod/BlakeleyP98;276354
conf/sigmod/ReinwaldP98;276356
conf/sigmod/Eaton98;276357
conf/sigmod/Spiro98;276359
conf/sigmod/Chan98;276362
conf/sigmod/NgLK98;276364
conf/sigmod/AndersonAF98;276365
conf/sigmod/Chong98;276370
conf/sigmod/Lassettre98;276371
conf/sigmod/Kennamer98;276373
conf/sigmod/MeccaAMMS98;276375
conf/sigmod/ChaudhuriN98a;276378
conf/sigmod/KiepuszewskiMO98;276379
conf/sigmod/Cohen98a;276380
conf/sigmod/LacroixSC98;276385
conf/sigmod/BaumannDFRW98;276386
conf/sigmod/ParkKKLPC98;276387
conf/sigmod/ZaianeHLCC98;276388
conf/sigmod/Toyama98;276389
conf/sigmod/CeriFP98;276390
conf/sigmod/BerchtoldBBKK97;253263
conf/sigmod/KornackerMH97;253272
conf/sigmod/RoussopoulosKR97;253276
conf/sigmod/ZhaoDN97;253288
conf/sigmod/AcharyaFZ97;253293
conf/sigmod/GriffinH97;253304
conf/sigmod/BrinMUT97;253325
conf/sigmod/BrinMS97;253327
conf/sigmod/KornJF97;253332
conf/sigmod/LivnyRBCDLMW97;253335
conf/sigmod/PatelYKTNBHRLEKGDN97;253342
conf/sigmod/GebhardtJJ97;253344
conf/sigmod/BozkayaO97;253345
conf/sigmod/AgrawalASY97;253355
conf/sigmod/LlirbatFS97;253357
conf/sigmod/YangM97;253361
conf/sigmod/JajodiaSSB97;253364
conf/sigmod/Kramer97;253372
conf/sigmod/CruzALRZ97;253376
conf/sigmod/LivnyRBCDLMW97a;253379
conf/sigmod/HanKS97;253404
conf/sigmod/RafieiM97;253264
conf/sigmod/ChawatheG97;253266
conf/sigmod/ONeilQ97;253268
conf/sigmod/ZaharioudakisC97;253269
conf/sigmod/HoAMS97;253274
conf/sigmod/MumickQM97;253277
conf/sigmod/TsueiPK97;253279
conf/sigmod/DoppelhammerHKK97;253280
conf/sigmod/AdelbergGW97;253287
conf/sigmod/HellersteinHW97;253291
conf/sigmod/GravanoCGP97;253299
conf/sigmod/CareyK97;253302
conf/sigmod/Arpaci-DusseauACHP97;253322
conf/sigmod/HanKK97;253330
conf/sigmod/MaheshwariL97;253338
conf/sigmod/KoudasS97;253340
conf/sigmod/KatayamaS97;253347
conf/sigmod/ShivakumarG97;253349
conf/sigmod/QuassW97;253352
conf/sigmod/ColbyKLMR97;253353
conf/sigmod/MotakisZ97;253359
conf/sigmod/GeorgeH97;253362
conf/sigmod/GuptaHR97;253366
conf/sigmod/Shasha97;253368
conf/sigmod/CareyMN97;253370
conf/sigmod/ChaudhuriD97;253373
conf/sigmod/Chaudhuri97;253374
conf/sigmod/GoyalHKMSZ97;253377
conf/sigmod/LiCHH97;253384
conf/sigmod/BressanGFJHKLMPQSS97;253389
conf/sigmod/AtzeniT97;253393
conf/sigmod/HammerGNYBV97;253395
conf/sigmod/GingrasLSPS97;253397
conf/sigmod/GeneserethKD97;253400
conf/sigmod/BohrerBBCFHKKMNRRSUUW97a;253401
conf/sigmod/TomasicABKNR97;253402
conf/sigmod/FernandezFKLS97;253403
conf/sigmod/LabioZWGGW97;253405
conf/sigmod/WangSCRZP97;253406
conf/sigmod/BerchtoldK97;253407
conf/sigmod/SeshadriP97;253408
conf/sigmod/Chakravarthy97;253409
conf/sigmod/WodtkeWWDM97;253411
conf/sigmod/IoannidisLANT97;253415
conf/sigmod/SimmenSM96;233320
conf/sigmod/OConnellISWABCCLPWW96;233321
conf/sigmod/OzdenRSS96;233322
conf/sigmod/Blakeley96;233329
conf/sigmod/LibkinMW96;233335
conf/sigmod/Agarwal96;233336
conf/sigmod/GangulyGMS96;233340
conf/sigmod/KrishnanVI96;233341
conf/sigmod/BrownCL96;233351
conf/sigmod/ChristophidesCM96;233358
conf/sigmod/SeshadriHPLRSSS96;233360
conf/sigmod/ColbyGLMT96;233364
conf/sigmod/HullZ96;233365
conf/sigmod/ChawatheRGW96;233366
conf/sigmod/BunemanDHS96;233368
conf/sigmod/NguyenS96;233371
conf/sigmod/Keim96;280349
conf/sigmod/Han96;280351
conf/sigmod/LeflerSW96;280354
conf/sigmod/HanFWCZK96;280356
conf/sigmod/HungYK96;280360
conf/sigmod/BilirisFOP96;280362
conf/sigmod/SrikantA96;233311
conf/sigmod/FukudaMMT96;233313
conf/sigmod/SelfridgeSW96;233315
conf/sigmod/VanceM96;233317
conf/sigmod/GoelI96;233318
conf/sigmod/ChaudhuriG96;233323
conf/sigmod/ZhangRL96;233324
conf/sigmod/ZouS96;233325
conf/sigmod/AchyutuniON96;233326
conf/sigmod/AdaliCPS96;233327
conf/sigmod/FranklinJK96;233328
conf/sigmod/GrayHOS96;233330
conf/sigmod/HillyerS96;233332
conf/sigmod/HarinarayanRU96;233333
conf/sigmod/RaoBG96;233334
conf/sigmod/LoR96;233337
conf/sigmod/PatelD96;233338
conf/sigmod/PoosalaIHS96;233342
conf/sigmod/DohertyHR96;233344
conf/sigmod/LiskovACDGGMMS96;233346
conf/sigmod/Tajima96;233349
conf/sigmod/GarofalakisI96;233352
conf/sigmod/CookKWZ96;233354
conf/sigmod/McAuliffeCS96;233355
conf/sigmod/CherniackZ96;233356
conf/sigmod/HellersteinN96;233359
conf/sigmod/RossSS96;233361
conf/sigmod/MorpainCFP96;233362
conf/sigmod/GoyalHKMS96;233369
conf/sigmod/FernandezS96;280347
conf/sigmod/Bernstein96;280348
conf/sigmod/Mohan96;280350
conf/sigmod/PiatkoYLS96;280352
conf/sigmod/BohmA96;280353
conf/sigmod/QuassWGHLMNRRAUW96;280355
conf/sigmod/ChooOLCGBPS96;280357
conf/sigmod/DogacHKOONDMAKE96;280358
conf/sigmod/FukudaMMT96a;280359
conf/sigmod/RundensteinerKRCJM96;280361
conf/sigmod/RothAHCCFSTW96;280363
conf/sigmod/BerensonBGMOO95;223785
conf/sigmod/AdyaGLM95;223787
conf/sigmod/Freeston95;223796
conf/sigmod/ShatdalN95;223801
conf/sigmod/FaloutsosL95;223812
conf/sigmod/ParkCY95;223813
conf/sigmod/AcharyaAFZ95;223816
conf/sigmod/GuptaMR95;223817
conf/sigmod/HouZ95;223840
conf/sigmod/IoannidisP95;223841
conf/sigmod/AdelbergGK95;223842
conf/sigmod/DavisonG95;223845
conf/sigmod/LuMSS95;223850
conf/sigmod/BersonGM95;223852
conf/sigmod/AbiteboulCM95;223854
conf/sigmod/BrinDG95;223855
conf/sigmod/Gettys95;223860
conf/sigmod/Hope95;223861
conf/sigmod/Ivinskis95;223862
conf/sigmod/WoelkBJOTU95;223867
conf/sigmod/Squire95;223869
conf/sigmod/Olson95;223873
conf/sigmod/Kleissner95;223875
conf/sigmod/BaruFGHJPW95;223876
conf/sigmod/ImielinskiV95;223885
conf/sigmod/RadekeBBEKKN95;223894
conf/sigmod/MoleskyR95;223786
conf/sigmod/BrodskyK95;223788
conf/sigmod/FegarasM95;223789
conf/sigmod/GardarinMP95;223791
conf/sigmod/RoussopoulosKV95;223794
conf/sigmod/PapadiasTSE95;223798
conf/sigmod/WilschutFA95;223803
conf/sigmod/HernandezS95;223807
conf/sigmod/RamaswamyK95;223809
conf/sigmod/ArefBV95;223811
conf/sigmod/WhiteD95;223814
conf/sigmod/BettiniWBJ95;223843
conf/sigmod/SistlaW95;223844
conf/sigmod/DuSD95;223846
conf/sigmod/BhargavaGI95;223847
conf/sigmod/ZhugeGHW95;223848
conf/sigmod/GriffinL95;223849
conf/sigmod/FreedmanD95;223851
conf/sigmod/DanS95;223853
conf/sigmod/ChaudhuriDY95;223856
conf/sigmod/Team95;223857
conf/sigmod/Team95c;223858
conf/sigmod/Moore95;223859
conf/sigmod/BunemanM95;223863
conf/sigmod/Gray95;223864
conf/sigmod/Ellison95;277954
conf/sigmod/Epstein95;277955
conf/sigmod/Golding95;223865
conf/sigmod/Shyy95;223866
conf/sigmod/Edelstein95;223868
conf/sigmod/Bampahl95;223870
conf/sigmod/French95;223871
conf/sigmod/Perna95;223872
conf/sigmod/Atkinson95;223874
conf/sigmod/Gerber95;223877
conf/sigmod/Levine95;223878
conf/sigmod/MattosM95;223881
conf/sigmod/Sheth95;223882
conf/sigmod/Norrie95;223883
conf/sigmod/Gibson95;223884
conf/sigmod/CeriFPP95;223886
conf/sigmod/ColletC95;223887
conf/sigmod/AshleyFHLNP95;223888
conf/sigmod/BuchmannDZH95;223889
conf/sigmod/MassariPSC95;223890
conf/sigmod/ShklarSKT95;223891
conf/sigmod/ThomasDM95;223892
conf/sigmod/GatziuGD95;223893
conf/sigmod/KeimK95;223895
conf/sigmod/HammerGIPUW95;223896
conf/sigmod/LiC95;223897
conf/sigmod/Team95a;223898
conf/sigmod/Team95b;223899
conf/sigmod/WangZS95;223900
conf/sigmod/GrossmanHQ95;223901
conf/sigmod/DreyerDS95;223902
conf/sigmod/JonkerS95;223903
conf/sigmod/HuangSW94;191845
conf/sigmod/ImielinskiVB94;191846
conf/sigmod/BilirisDGJR94;191848
conf/sigmod/MohanN94;191849
conf/sigmod/ZhangNBB94;191850
conf/sigmod/GibbsBT94;191856
conf/sigmod/WangCMSSZ94;191863
conf/sigmod/ChenR94;191874
conf/sigmod/SwamiS94;191877
conf/sigmod/NybergBCGL94;191884
conf/sigmod/VingralekBW94;191889
conf/sigmod/KrollW94;191891
conf/sigmod/ChristophidesACS94;191901
conf/sigmod/CareyFZ94;191911
conf/sigmod/FaloutsosRM94;191925
conf/sigmod/DarR94;191928
conf/sigmod/Dietterich94;191931
conf/sigmod/Martin94;191936
conf/sigmod/Vaskevitch94;191942
conf/sigmod/BilirisP94;191983
conf/sigmod/BrinkhoffKSS94a;191988
conf/sigmod/Mohan94;191990
conf/sigmod/Jagadish94;191991
conf/sigmod/Ballinger94;191944
conf/sigmod/BarbaraI94;191844
conf/sigmod/Ahn94;191847
conf/sigmod/BersonGMJ94;191852
conf/sigmod/MumickP94;191860
conf/sigmod/GravanoGT94;191869
conf/sigmod/IoannidisL94;191870
conf/sigmod/ColeG94;191872
conf/sigmod/HsiaoCY94;191879
conf/sigmod/BrinkhoffKSS94;191880
conf/sigmod/LoR94;191881
conf/sigmod/PangCL94;191882
conf/sigmod/GraySEBW94;191886
conf/sigmod/DewanSHH94;191893
conf/sigmod/TomasicGS94;191896
conf/sigmod/ConsensM94;191898
conf/sigmod/Hellerstein94;191904
conf/sigmod/KemperMPS94;191906
conf/sigmod/Galindo-Legaria94;191908
conf/sigmod/CookWZ94;191913
conf/sigmod/CareyDFHMNSSTTWZ94;191915
conf/sigmod/WhiteD94;191919
conf/sigmod/McIverK94;191924
conf/sigmod/SeshadriLR94;191926
conf/sigmod/SagonasSW94;191927
conf/sigmod/Carey94;191929
conf/sigmod/DanielsDDEHJJLSSS94;191930
conf/sigmod/GorelikWD94;191932
conf/sigmod/LaursenOP94;191933
conf/sigmod/Kulkarni94;191935
conf/sigmod/Cattell94;191937
conf/sigmod/Kim94;191938
conf/sigmod/Ubell94;191939
conf/sigmod/Pirahesh94;191941
conf/sigmod/Englert94;191945
conf/sigmod/Fernandez94;191947
conf/sigmod/Melling94;191948
conf/sigmod/SinghTW94;191949
conf/sigmod/FlokstraKS94;191951
conf/sigmod/BryanMCLG94;191955
conf/sigmod/MissikoffT94;191958
conf/sigmod/KuhnTS94;191963
conf/sigmod/GrossmanQ94;191965
conf/sigmod/TheodoulidisAACKS94;191967
conf/sigmod/SagonasSW94a;191970
conf/sigmod/DogacAEOADAOS94;197137
conf/sigmod/AgrawalCFGHIIMMSS94;191972
conf/sigmod/CatarciS94;191976
conf/sigmod/HanFHCC94;191979
conf/sigmod/HwangLYMMGCSS94;191986
conf/sigmod/Blakeley94;191989
conf/sigmod/BabcockO03;872764
conf/sigmod/DasGR03;872765
conf/sigmod/WangJLY03;872777
conf/sigmod/DeligiannakisR03;872786
conf/sigmod/BabcockBDM03;872789
conf/sigmod/BenediktCFFR03;872792
conf/sigmod/MiloAABN03;872793
conf/sigmod/FaginKS03;872795
conf/sigmod/ArasuG03;872799
conf/sigmod/ChaudhuriGS03;872802
conf/sigmod/IlyasRLGL03;872803
conf/sigmod/ReissK03;872804
conf/sigmod/LometT03;872806
conf/sigmod/Bierman03;872807
conf/sigmod/SunAA03;872813
conf/sigmod/PapadiasTFS03;872814
conf/sigmod/CuiOTS03;872815
conf/sigmod/DeshpandeNGS03;872818
conf/sigmod/LiBKN03;872820
conf/sigmod/AbiteboulBCMM03;872821
conf/sigmod/BabcockCD03;872822
conf/sigmod/ChengKP03;872823
conf/sigmod/OlstonJW03;872825
conf/sigmod/DeHaanTCO03;872832
conf/sigmod/CranorJSS03;872838
conf/sigmod/ShenNSHS03;872842
conf/sigmod/BornhovdAKMPR03;872849
conf/sigmod/AbadiCCCCEGHMRSSTXYZ03;872855
conf/sigmod/AgrawalK03;872865
conf/sigmod/GuptaLM03;872869
conf/sigmod/JohnsonD03;872875
conf/sigmod/JagatheesanR03;872878
conf/sigmod/Mamoulis03;872778
conf/sigmod/Ullman03;872759
conf/sigmod/Al-KhalifaYJ03;872761
conf/sigmod/GuoSBS03;872762
conf/sigmod/WitkowskiBBDFGSS03;872767
conf/sigmod/LakshmananPZ03;872768
conf/sigmod/SchleimerWA03;872770
conf/sigmod/AgrawalES03;872771
conf/sigmod/SionAP03;872772
conf/sigmod/WangPFY03;872774
conf/sigmod/MinPC03;872775
conf/sigmod/QunLO03;872776
conf/sigmod/Dyreson03;872779
conf/sigmod/ZhuS03;872780
conf/sigmod/MelnikRB03;872782
conf/sigmod/KangN03;872783
conf/sigmod/HeC03;872784
conf/sigmod/CohenM03;872787
conf/sigmod/GangulyGR03;872790
conf/sigmod/ChaudhuriGGM03;872796
conf/sigmod/KementsietsidisAM03;872798
conf/sigmod/StoltePAG03;872800
conf/sigmod/GuptaS03;872809
conf/sigmod/PengC03;872810
conf/sigmod/ZhangZPTL03;872812
conf/sigmod/MaddenFHH03;872817
conf/sigmod/KriegelBKPS03;872828
conf/sigmod/KimC03;872829
conf/sigmod/ChaudhuriKN03;872831
conf/sigmod/PadmanabhanBMCH03;872835
conf/sigmod/GotoK03;872837
conf/sigmod/ZuzartePMCLW03;872840
conf/sigmod/LakshmananPZ03a;872843
conf/sigmod/OoiTZGLLLNSWZ03;872845
conf/sigmod/LarsonG03;872848
conf/sigmod/AgichteinG03;872851
conf/sigmod/Amer-YahiaFSX03;872852
conf/sigmod/DeshpandeNGS03a;872856
conf/sigmod/ChandrasekaranCDFHHKMRS03;872857
conf/sigmod/ChoALS03;872859
conf/sigmod/ZhouWGGZWXYF03;872860
conf/sigmod/ZhangDWEMPMDR03;872861
conf/sigmod/PaparizosACJLNPSWWY03;872862
conf/sigmod/BohannonDGKLNS03;872863
conf/sigmod/ZhuSZ03;872866
conf/sigmod/SengarH03;872867
conf/sigmod/KornMZ03;872868
conf/sigmod/KoudasS03;872871
conf/sigmod/GraySSU03;872873
conf/sigmod/Chamberlin03;872877
conf/sigmod/BunemanKTT02;564693
conf/sigmod/RiedewaldAA02;564694
conf/sigmod/KalnisNOPT02;564695
conf/sigmod/MaddenSHR02;564698
conf/sigmod/OlstonW02;564701
conf/sigmod/ZadorozhnyRVUB02;564702
conf/sigmod/Grust02;564705
conf/sigmod/ChungMS02;564706
conf/sigmod/KaushikBNK02;564707
conf/sigmod/HacigumusILM02;564717
conf/sigmod/LuoEHN02;564721
conf/sigmod/BrunoC02;564722
conf/sigmod/Ramanan02;564726
conf/sigmod/VriesMNK02;564729
conf/sigmod/GaoW02;564734
conf/sigmod/MoonWH02;564735
conf/sigmod/WangWYY02;564737
conf/sigmod/ProcopiucJAM02;564739
conf/sigmod/ThaperGIK02;564741
conf/sigmod/Aggarwal02;564743
conf/sigmod/SismanisDRK02;564745
conf/sigmod/ChaudhuriGN02;564747
conf/sigmod/BhattacharyaMBNHS02;564749
conf/sigmod/DogacTPPLKTK02;564750
conf/sigmod/BumbulisB02;564753
conf/sigmod/Weininger02;564754
conf/sigmod/RaoZML02;564757
conf/sigmod/AltinelLKMPLWB02;564765
conf/sigmod/KarbhariRXD02;564773
conf/sigmod/WangTYGWP02;564774
conf/sigmod/FungSG02;564775
conf/sigmod/MaddenH02;564776
conf/sigmod/CranorGJSS02;564777
conf/sigmod/HanWDPW02;564781
conf/sigmod/AgrawalCD02;564782
conf/sigmod/PhanN02;564783
conf/sigmod/HinneburgKW02;564784
conf/sigmod/HellersteinW02;564788
conf/sigmod/Bonnet02;564790
conf/sigmod/ShashaB02a;564798
conf/sigmod/ShashaB02;564799
conf/sigmod/ViglasN02;564697
conf/sigmod/DobraGGR02;564699
conf/sigmod/DattaDTVSR02;564703
conf/sigmod/ZhouR02;564709
conf/sigmod/ChenGMV02;564710
conf/sigmod/LiGS02;564711
conf/sigmod/FreireHRRS02;564713
conf/sigmod/PapakonstantinouPV02;564714
conf/sigmod/TatarinovVBSSZ02;564715
conf/sigmod/GillmannWW02;564718
conf/sigmod/DasuJMS02;564719
conf/sigmod/RamanH02;564723
conf/sigmod/GuhaJKSY02;564725
conf/sigmod/BrunoKS02;564727
conf/sigmod/TaoP02;564730
conf/sigmod/ChangH02;564731
conf/sigmod/PolyzotisG02;564733
conf/sigmod/YangWYH02;564738
conf/sigmod/ChoiC02;564742
conf/sigmod/GarofalakisG02;564746
conf/sigmod/JosifovskiSHL02;564751
conf/sigmod/KanthRA02;564755
conf/sigmod/SzalayGTKMRSv02;564758
conf/sigmod/PossSKL02;564759
conf/sigmod/Team02;564761
conf/sigmod/AntonJLPZZ02;564762
conf/sigmod/LuoKMPWLN02;564763
conf/sigmod/MarklL02;564766
conf/sigmod/ZhangMCMR02;564767
conf/sigmod/TheobaldW02;564768
conf/sigmod/BarbosaMKL02;564769
conf/sigmod/AbadiC02;564770
conf/sigmod/ChenRW02;564771
conf/sigmod/CrescenziMM02;564778
conf/sigmod/FlorescuGKR02;564779
conf/sigmod/LuWYBLY02;564785
conf/sigmod/RundensteinerWYD02;564786
conf/sigmod/Cotton02;564792
conf/sigmod/GarofalakisGR02;564794
conf/sigmod/Mohan02;564796
conf/sigmod/Bussler02;564801
conf/sigmod/Aggarwal03;872826
conf/sigmod/LiuFP03;872846
conf/sigmod/ArasuBBDIRW03;872854
journals/sigmod/Date03;959061
journals/sigmod/Snodgrass03c;959062
journals/sigmod/BonnetBDL03;959067
journals/sigmod/AilamakiFFSV03;959069
journals/sigmod/KannanKIK03;959071
journals/sigmod/PalpanasPKG03;959074
journals/sigmod/Aberer03d;959078
journals/sigmod/Kumar03;959064
journals/sigmod/HellersteinHM03;959065
journals/sigmod/Mani03;959066
journals/sigmod/ChengP03;959068
journals/sigmod/DemersGRTY03;959070
journals/sigmod/TanK03;959072
journals/sigmod/GerlaX03;959073
journals/sigmod/CalvaneseGLV03;959076
journals/sigmod/WangD03;959079
journals/sigmod/GalianoM03;959080
journals/sigmod/Wiegand03;959081
journals/sigmod/LenzVJS03;959083
journals/sigmod/Giorgini03;959084
journals/sigmod/MotroA03;959085
journals/sigmod/KambhampatiK03;959086
journals/sigmod/Hainaut03;959087
journals/sigmod/NascimentoSP03;945722
journals/sigmod/AilamakiH03;945725
journals/sigmod/NejdlSS03;945731
journals/sigmod/PitouraAPSV03;945737
journals/sigmod/Snodgrass03b;945723
journals/sigmod/Halevy03;945724
journals/sigmod/Aberer03c;945727
journals/sigmod/BawaCCDGGKMSSVY03;945728
journals/sigmod/AbererCDDHPS03;945729
journals/sigmod/Hellerstein03;945730
journals/sigmod/TatarinovIMHSDDKMM03;945732
journals/sigmod/ArenasKKKMM03;945733
journals/sigmod/OoiST03;945734
journals/sigmod/Ouksel03;945735
journals/sigmod/KoubarakisTID03;945736
journals/sigmod/MalaikaEM03;945739
journals/sigmod/Anisimov03;945741
journals/sigmod/JukicNV03;776987
journals/sigmod/MukhopadhyayGS03;776989
journals/sigmod/Aberer03b;776994
journals/sigmod/Vianu03;776999
journals/sigmod/GolabO03;776986
journals/sigmod/GottlobKP03a;776988
journals/sigmod/dOnofrioP03;776990
journals/sigmod/FifeG03;776991
journals/sigmod/CaleroPR03;776992
journals/sigmod/Hoffner03;776995
journals/sigmod/Nascimento03;776996
journals/sigmod/Stirling03;776997
journals/sigmod/ChongFTSYKDJJ03;777000
journals/sigmod/CampbellEM03;777002
journals/sigmod/AilamakiG03;777004
journals/sigmod/Chang03;640993
journals/sigmod/WenLMZ03;640994
journals/sigmod/BertinoEH03;640995
journals/sigmod/David03;640996
journals/sigmod/MarchiLPT03;640997
journals/sigmod/ChakravarthyAEFO03;641006
journals/sigmod/OConnellW03;640991
journals/sigmod/GottlobKP03;640992
journals/sigmod/RossGN03;641001
journals/sigmod/LacroixB03;641003
journals/sigmod/SpynsMJ02;637413
journals/sigmod/BusslerFM02;637415
journals/sigmod/MaximilienS02;637417
journals/sigmod/AbererCH02;637419
journals/sigmod/GroskySF02;637420
journals/sigmod/Aberer02c;637424
journals/sigmod/ShethM02;637430
journals/sigmod/MeltonE02;637433
journals/sigmod/SureSS02;637414
journals/sigmod/FininJ02;637416
journals/sigmod/AnyanwuS02;637418
journals/sigmod/ButtlerCCFHLPRX02;637421
journals/sigmod/GobleR02a;637422
journals/sigmod/Wu02;637426
journals/sigmod/Grohe02;637428
journals/sigmod/BoucelmaCGJLL02;637431
journals/sigmod/RoantreeS02;637435
journals/sigmod/HalkidiBV02a;601862
journals/sigmod/HuangKL02;601863
journals/sigmod/Aberer02b;601865
journals/sigmod/Neven02;601869
journals/sigmod/WinslettCDHZZ02;601881
journals/sigmod/Hammer02a;601859
journals/sigmod/YaoG02;601861
journals/sigmod/Weikum02;601867
journals/sigmod/LightstoneLZ02;601873
journals/sigmod/RossAJS02;601875
journals/sigmod/MeltonMJKS02;601877
journals/sigmod/LuoI02;601879
journals/sigmod/CruzKLSWY02;601882
journals/sigmod/SlivinskasJS02;565119
journals/sigmod/PourabbasR02;565121
journals/sigmod/HalkidiBV02;565124
journals/sigmod/Camps02;565125
journals/sigmod/Aberer02a;565129
journals/sigmod/LaenderRST02;565137
journals/sigmod/Fagin02;565143
journals/sigmod/OrlandicLS02;565120
journals/sigmod/Wiegand02;565122
journals/sigmod/Kosch02;565123
journals/sigmod/Konig-RiesMMPPRSVW02;565134
journals/sigmod/Hammer02;565135
journals/sigmod/BargaL02;565139
journals/sigmod/EisenbergM02;565141
journals/sigmod/CiliaB02;507344
journals/sigmod/HummerLW02;507345
journals/sigmod/Kim02;507346
journals/sigmod/ErdurD02;507349
journals/sigmod/Aberer02;507353
journals/sigmod/Kemper02;507354
journals/sigmod/TianDCZ02;507341
journals/sigmod/Cingil02;507342
journals/sigmod/SommerGB02;507343
journals/sigmod/CuiJO02;507347
journals/sigmod/QuixSJ02;507348
journals/sigmod/BallMRZ02;507350
journals/sigmod/Bussler02;507351
journals/sigmod/Suciu02;507360
journals/sigmod/Stonebraker02;507362
journals/sigmod/RossKMV02;507364
journals/sigmod/GobleR02;507366
journals/sigmod/Snodgrass02;507369
journals/sigmod/StolfoLCFE01;604267
journals/sigmod/BarbaraCJW01;604268
journals/sigmod/CabreraLM01;604269
journals/sigmod/Aberer01a;604274
journals/sigmod/Cardelli01;604278
journals/sigmod/Barbara01;604266
journals/sigmod/LeeF01;604270
journals/sigmod/SayginVC01;604271
journals/sigmod/VelACM01;604272
journals/sigmod/MeltonE01;604280
journals/sigmod/ShahMFH01;604282
journals/sigmod/Cetintemel01;604284
journals/sigmod/ShethMKA01;604286
journals/sigmod/Aberer01;603869
journals/sigmod/ShanmugasundaramSKKVNT01;603871
journals/sigmod/Huyn01;603880
journals/sigmod/BabuW01;603884
journals/sigmod/LabrinidisM01;603886
journals/sigmod/Fankhauser01;603870
journals/sigmod/SchmidtWKFCMB01;603872
journals/sigmod/HanBP01;603873
journals/sigmod/Suciu01;603874
journals/sigmod/ChienTZ01;603875
journals/sigmod/LudascherMM01;603876
journals/sigmod/Lomet01;603878
journals/sigmod/TanakaV01;603879
journals/sigmod/RossHKRRSS01;603882
journals/sigmod/BiancheriPP01;373631
journals/sigmod/BunemanFSW01;373697
journals/sigmod/Aggarwal01;373638
journals/sigmod/LawderK01;373678
journals/sigmod/PuSW01;373680
journals/sigmod/BertinoEH01;373684
journals/sigmod/FengJH01;373691
journals/sigmod/RossCGLLM01;604262
journals/sigmod/Critchlow01;373699
journals/sigmod/CarmelMS01;373705
journals/sigmod/BoscMP01;373708
journals/sigmod/MeltonMJKSZ01;373709
journals/sigmod/MillerHHYHFP01;373713
journals/sigmod/YuenCLL00;369282
journals/sigmod/BernsteinHP00;369289
journals/sigmod/PossasMCR00;369278
journals/sigmod/RashidS00;369281
journals/sigmod/Halevy00;369284
journals/sigmod/RossIJP00;602302
journals/sigmod/Jhingran00;369287
journals/sigmod/PoessF00;369291
journals/sigmod/TheodoridisN00;362104
journals/sigmod/Bussche00;362136
journals/sigmod/LeeC00;362140
journals/sigmod/LudwigG00;362094
journals/sigmod/WuY00;362096
journals/sigmod/ArpinarD00;362098
journals/sigmod/ClementiniF00;362101
journals/sigmod/WestmannKHM00;362137
journals/sigmod/VetterliVS00;362138
journals/sigmod/Palpanas00;362142
journals/sigmod/RoddickABDEGHLMMMW00;344789
journals/sigmod/LabrinidisR00;344794
journals/sigmod/PourabbasR00;344799
journals/sigmod/Vassilakis00;344803
journals/sigmod/LiefkeS00;344815
journals/sigmod/BonifatiC00;344822
journals/sigmod/PaepckeGRC00;344828
journals/sigmod/DongS00;344808
journals/sigmod/EisenbergM00;344819
journals/sigmod/GatziuJSV99;344825
journals/sigmod/KempsterST99;344843
journals/sigmod/JacobS99;344857
journals/sigmod/VassiliadisS99;344869
journals/sigmod/Etzion99;344820
journals/sigmod/HansonN99;344839
journals/sigmod/Libkin99;344850
journals/sigmod/Abiteboul99;344853
journals/sigmod/MusickC99;344860
journals/sigmod/EisenbergM99a;344864
journals/sigmod/ConradHHKRSS99;333608
journals/sigmod/FrankGGJKLMNPSSSTW99;333609
journals/sigmod/BoulosO99;333610
journals/sigmod/RosenthalS99;333611
journals/sigmod/RamDD99;333613
journals/sigmod/PapianiWDN99;333614
journals/sigmod/DomenigD99;333615
journals/sigmod/GruenwaldBDGSSV99;333616
journals/sigmod/YauLMS99;333612
journals/sigmod/PapazoglouH99;309886
journals/sigmod/SycaraKWL99;309895
journals/sigmod/FowlerPNB99;310060
journals/sigmod/SouzaS99;310063
journals/sigmod/CeriFP99;310064
journals/sigmod/KuanL99;310065
journals/sigmod/Mackay99;309852
journals/sigmod/ForteHWDCVHFS99;309870
journals/sigmod/SmithO99;309878
journals/sigmod/Hampapur99;309883
journals/sigmod/BergamaschiCV99;309897
journals/sigmod/Gal99;310061
journals/sigmod/NascimentoM99;310062
journals/sigmod/RoantreeMH99;310066
journals/sigmod/ShethBS99;310067
journals/sigmod/CareyS99;310071
journals/sigmod/EisenbergM99;310075
journals/sigmod/Danish98;306103
journals/sigmod/DogacDATKCD98;306109
journals/sigmod/JenningsNF98;306112
journals/sigmod/ReichB98;306115
journals/sigmod/BollKB98;306119
journals/sigmod/BuchnerM98;306124
journals/sigmod/Domingo-FerrerH98;306129
journals/sigmod/BichlerSZ98;306102
journals/sigmod/MeltzerC98;306105
journals/sigmod/ChristoffelPSL98;306133
journals/sigmod/BernsteinBCDFGGHHJLMNPSU98;306137
journals/sigmod/Ritter98;306141
journals/sigmod/EisenbergM98a;306144
journals/sigmod/CheungF98;290596
journals/sigmod/GriffinK98;290597
journals/sigmod/Lomet98;290598
journals/sigmod/KeetonPH98;290602
journals/sigmod/FlorescuLM98;290605
journals/sigmod/ChangGKRS98;290607
journals/sigmod/BorgidaCS98;290595
journals/sigmod/SnodgrassGIMSU98;290599
journals/sigmod/KappelR98;290601
journals/sigmod/EisenbergM98;290604
journals/sigmod/LometBCLN98;290608
journals/sigmod/BurtonM98;273254
journals/sigmod/TsotrasJS98;273258
journals/sigmod/Chaudhri98;273247
journals/sigmod/MusickM98;273249
journals/sigmod/Seshadri98;273251
journals/sigmod/Roussopoulos98;273253
journals/sigmod/GatziuKBF98;273255
journals/sigmod/KuokFW98;273257
journals/sigmod/Snodgrass98a;390004
journals/sigmod/ChangASS98;273264
journals/sigmod/KoksalAD98;273265
journals/sigmod/Manola98;273267
journals/sigmod/Rosenthal98;273270
journals/sigmod/Bernstein98;273271
journals/sigmod/Han98;273273
journals/sigmod/NadoH97;271083
journals/sigmod/Suciu97;271077
journals/sigmod/AshishK97;271078
journals/sigmod/AtzeniMM97;271080
journals/sigmod/McHughW97;271082
journals/sigmod/NestorovAM97;271084
journals/sigmod/BaaderJN97;274461
journals/sigmod/McClatcheyV97;271087
journals/sigmod/ConradEHRSSSV97;271089
journals/sigmod/GuptaHR97;271093
journals/sigmod/GrayG97;271094
journals/sigmod/JajodiaBBKMSW97;271095
journals/sigmod/DadamK97;271096
journals/sigmod/FernandezFLS97;262763
journals/sigmod/HadzilacosT97;262766
journals/sigmod/JukicV97;262767
journals/sigmod/SilberschatzZ97;262768
journals/sigmod/BarbaraS97;262764
journals/sigmod/ClementLGMK97;262765
journals/sigmod/RamamrithamS97;262769
journals/sigmod/McHughAGQW97;262770
journals/sigmod/Konig-RiesL97;262771
journals/sigmod/FrewD97;248609
journals/sigmod/RosenthalHRS97;248612
journals/sigmod/Fong97;248614
journals/sigmod/RamanathanH97;248615
journals/sigmod/ChaudhuriD97;248616
journals/sigmod/AbelTK97;248605
journals/sigmod/TomasicS97;248606
journals/sigmod/KramerNKRLKLZ97;248607
journals/sigmod/RiekertMW97;248608
journals/sigmod/Gardels97;248610
journals/sigmod/KaradimitriouT97;248613
journals/sigmod/DoanPSB97;248617
journals/sigmod/Qian97;248618
journals/sigmod/Date96;245885
journals/sigmod/Ioannidis96;245890
journals/sigmod/KennedyMB96;245895
journals/sigmod/HasanMV96;245900
journals/sigmod/CoxEH96;245901
journals/sigmod/AtkinsonDJPS96;245905
journals/sigmod/Darwen96;245886
journals/sigmod/RafanelliBT96;245887
journals/sigmod/TaninBS96;245891
journals/sigmod/Ahlberg96;245893
journals/sigmod/Keim96;245896
journals/sigmod/SantucciT96;245898
journals/sigmod/ShethGJRSWW96;245903
journals/sigmod/Sidell96;245906
journals/sigmod/Eisenberg96;245907
journals/sigmod/Bhashyam96;245908
journals/sigmod/Qian96b;245909
journals/sigmod/Camps96;234890
journals/sigmod/ZobelMR96;234891
journals/sigmod/BrunieK96;234895
journals/sigmod/ACT-NET96;234896
journals/sigmod/NormanZT96;234892
journals/sigmod/GerlhofKM96;234893
journals/sigmod/HasanFV96;234894
journals/sigmod/BestavrosLS96;234897
journals/sigmod/BilirisP96;234898
journals/sigmod/Dogac96;234900
journals/sigmod/Colliat96;234901
journals/sigmod/DAndreaJ96;234902
journals/sigmod/Qian96a;234903
journals/sigmod/Bestavros96;381860
journals/sigmod/UlusoyB96;381876
journals/sigmod/LinP96;381878
journals/sigmod/AndlerHEMBE96;381881
journals/sigmod/SilberschatzSU96;381886
journals/sigmod/PhatakSSS96;381897
journals/sigmod/RamamrithamSSTX96;381868
journals/sigmod/HaritsaS96;381870
journals/sigmod/KuoM96;381873
journals/sigmod/SonDT96;381879
journals/sigmod/AdelbergKG96;381882
journals/sigmod/BerndtssonH96;381889
journals/sigmod/Baeza-YatesN96;381890
journals/sigmod/FreemanG96;381893
journals/sigmod/Wade96;381895
journals/sigmod/UrbanDG96;381892
journals/sigmod/Anonymous96;381900
journals/sigmod/Qian96;381901
journals/sigmod/NobleS95;219730
journals/sigmod/BhargavaAP95;219746
journals/sigmod/Ulusoy95;219751
journals/sigmod/DrewHKKLLLSW95;219769
journals/sigmod/DunhamH95a;219727
journals/sigmod/ElmagarmidJF95;219735
journals/sigmod/WolfsonSDNR95;219737
journals/sigmod/AlonsoCIM95;219742
journals/sigmod/SegevJS95;219754
journals/sigmod/Bohlen95;219758
journals/sigmod/EnglertGH95;219760
journals/sigmod/VenkatraoP95;219763
journals/sigmod/SellisV95;219766
journals/sigmod/Qian95b;219772
journals/sigmod/Stacey95;219774
journals/sigmod/Finkelstein95;219777
journals/sigmod/DoanPK95;212003
journals/sigmod/LeeCL95;212011
journals/sigmod/Wong95;212013
journals/sigmod/PitouraB95;212015
journals/sigmod/RisheSBDOALOSS95;212019
journals/sigmod/RosenthalSMBTL95;212020
journals/sigmod/Richey95;212024
journals/sigmod/AbiteboulH95;211994
journals/sigmod/MaelbranckeO95;211999
journals/sigmod/ONeilG95;212001
journals/sigmod/Fong95;212007
journals/sigmod/Lee95;212008
journals/sigmod/KokkotosIPS95;212014
journals/sigmod/GamacheS95;212016
journals/sigmod/DogacDKOONEHAKKM95;212017
journals/sigmod/YanG95;212018
journals/sigmod/Qian95a;212022
journals/sigmod/KimballS95;212023
journals/sigmod/Zhang95;202661
journals/sigmod/Hanna95;202664
journals/sigmod/Chaudhri95;202668
journals/sigmod/JaegerF95;202669
journals/sigmod/BerraNT95;202670
journals/sigmod/MedskerCS95;202673
journals/sigmod/DogacAOD95;202662
journals/sigmod/KarlapalemLS95;202663
journals/sigmod/NgH95;202665
journals/sigmod/Jannink95;202666
journals/sigmod/DarwenD95;202667
journals/sigmod/Jarke95;202671
journals/sigmod/SchlageterBHMSW95;202672
journals/sigmod/Bertram94;190631
journals/sigmod/ShinM94;190633
journals/sigmod/KiyokiKH94;190639
journals/sigmod/BohmR94;190635
journals/sigmod/JainH94;190638
journals/sigmod/AndersonS94;190642
journals/sigmod/GroskyFS94;190644
journals/sigmod/GlavitschSW94;190645
journals/sigmod/ChenHKPW94;190646
journals/sigmod/BarclayBGS94;190647
journals/sigmod/MattosD94;190648
journals/sigmod/SnodgrassAABCDEGJKKKLLRSSS94a;187449
journals/sigmod/Chen94;187460
journals/sigmod/Group94;187439
journals/sigmod/Datta94;187442
journals/sigmod/Klein94;187445
journals/sigmod/YeungHL94;187447
journals/sigmod/BarbaraBFLS94;187455
journals/sigmod/Widom94;187457
journals/sigmod/RamirezSP94;187458
journals/sigmod/Qian94;187462
journals/sigmod/Yang94;181554
journals/sigmod/JensenCEGHJ94;181560
journals/sigmod/BunemanLSTW94;181564
journals/sigmod/MedeirosP94;181566
journals/sigmod/Stonebraker94;181551
journals/sigmod/DreyerDS94;181553
journals/sigmod/DiazJPa94;181555
journals/sigmod/PissinouSEMOPSTD94;181557
journals/sigmod/SnodgrassAABCDEGJKKKLLRSSS94;181562
journals/sigmod/Loeffen94;181565
journals/sigmod/NorrieBSW94;181567
journals/sigmod/Gallagher94;181568
journals/sigmod/Winslett94;181569
journals/tods/TaoSP03;958943
journals/tods/LakshmananLN03;958944
journals/tods/ChoG03;958945
journals/tods/Chomicki03;958946
journals/tods/DiaoAFZF03;958947
journals/tods/HjaltasonS03;958948
journals/tods/WijesekeraJPH03;937599
journals/tods/JacoxS03;937600
journals/tods/Jimenez-PerisPAK03;937601
journals/tods/TaoP03;777944
journals/tods/GunopulosKMSTS03;777945
journals/tods/LechtenborgerV03;777946
journals/tods/BeneventanoBS03;762472
journals/tods/KarpSP03;762473
journals/tods/MelnikG03;762474
journals/tods/MayL02;582411
journals/tods/CiacciaP02;582412
journals/tods/FernandezKSMT02;582413
journals/tods/CaldersNW02;581752
journals/tods/GibbonsMP02;581753
journals/tods/TaoPZ02;581754
journals/tods/ChakrabartiKMP02;568520
journals/tods/BrunoCG02;568519
journals/tods/Suciu02;507235
journals/tods/SchuldtABS02;507236
journals/tods/LiuDL02;507237
journals/tods/ChomickiTB01;383892
journals/tods/FukudaMMT01;383893
journals/tods/JajodiaSSS01;383894
journals/tods/AndriesCPB01;383735
journals/tods/DekhtyarRS01;383736
journals/tods/HsuSY01;383737
journals/tods/BohlenJS00;377665
journals/tods/FegarasM00;377676
journals/tods/KossmannFDA00;377677
journals/tods/KemmeA00;363955
journals/tods/Meo00;363956
journals/tods/BaralisW00;363954
journals/tods/CuiWW00;357777
journals/tods/ParsonsW00;357778
journals/tods/Bohm00;357776
journals/tods/KossmannS00;352982
journals/tods/Lerner00;352983
journals/tods/GutingBEJLSV00;352963
journals/tods/DeySB99;331984
journals/tods/MuralidharS99;331986
journals/tods/WandSW99;331989
journals/tods/YanG99;331992
journals/tods/Alagic99;328943
journals/tods/BozkayaO99;328959
journals/tods/CasatiCPP99;328996
journals/tods/ChaudhuriS99;320249
journals/tods/GravanoGT99;320252
journals/tods/HjaltasonS99;320255
journals/tods/DattaVCK99;310710
journals/tods/Wijsen99;310715
journals/tods/LeveneL99;310712
journals/tods/KonopnickiS98;277639
journals/tods/SistlaWYS98;277641
journals/tods/ZobelMR98;277632
journals/tods/BertinoBFS98;293151
journals/tods/CastanoAFP98;293150
journals/tods/FormicaGM98;293152
journals/tods/Hellerstein98;277627
journals/tods/LiuHD98;277628
journals/tods/MehrotraRKS98;277629
journals/tods/DyresonS98;288087
journals/tods/Revesz98;288088
journals/tods/StolboushkinT98;288089
journals/tods/StoreyCDGS97;278246
journals/tods/TariSS97;278247
journals/tods/ZaharioudakisCF97;278249
journals/tods/FranklinCL97;261125
journals/tods/EiterGM97;261126
journals/tods/LakshmananLRS97;261131
journals/tods/WangBBJ97;249979
journals/tods/AmmannJR97;249981
journals/tods/WolfsonJH97;249982
journals/tods/CliffordDIJS97;249980
journals/tods/Galindo-LegariaR97;244812
journals/tods/PetersO97;244813
journals/tods/Keen97;244811
journals/tods/Kuo96;236712
journals/tods/RaschidL96;236714
journals/tods/LitwinN96;236713
journals/tods/CiacciaTZ96;232755
journals/tods/DeyS96;232796
journals/tods/GhandeharizadehHJ96;232801
journals/tods/LiuM96;232622
journals/tods/Ross96;232628
journals/tods/BellNNS96;232691
journals/tods/GuoSW96;232692
journals/tods/BaralisCP96;227605
journals/tods/BunemanO96;227609
journals/tods/MokNE96;227612
journals/tods/MumickFPR96;227624
journals/tods/ChenHM95;219039
journals/tods/FraternaliT95;219042
journals/tods/SrivastavaSRN95;219056
journals/tods/Chen95a;211416
journals/tods/IoannidisR95;211419
journals/tods/ShashaLSV95;211427
journals/tods/BaekgaardM95;210198
journals/tods/Chomicki95;210200
journals/tods/GraefeC95;210202
journals/tods/AikenHW95;202107
journals/tods/Chen95;202110
journals/tods/Jagadish95;202113
journals/tods/GoldmanL94;195666
journals/tods/KrishnakumarB94;195670
journals/tods/WinslettSQ94;195675
journals/tods/CeriFPT94;185828
journals/tods/PolyzoisG94;185836
journals/tods/ChrysanthisR94;185843
journals/tods/KorthS94;185854
journals/tods/RosenthalR94;176568
journals/tods/BrightHP94;176569
journals/tods/Subrahmanian94;176571
journals/tods/YanG94;176573
journals/tods/ScioreSR94;176570
journals/tods/OliverS94;174640
journals/tods/TendickM94;174641
journals/tods/CliffordC94;174642
journals/tods/SalemGS94;174639
journals/tods/KotidisR01;503100
journals/tods/MamoulisP01;503101
journals/tods/LakshmananSS01;503102
journals/tods/Snodgrass01a;505055
journals/tods/EiterLLS01;502031
journals/tods/LiC01;502032
journals/tods/Ng01;502033
journals/tods/Snodgrass01;505049
conf/vldb/GarofalakisG01;672356
conf/vldb/Mohan01;672360
conf/vldb/CherniackFZ01;672180
conf/vldb/DayalHL01;672211
conf/vldb/Wadler01;672033
conf/vldb/MadhavanBR01;672191
conf/vldb/ChirkovaHS01;672216
conf/vldb/AmirKN01;672215
conf/vldb/StanoiRAA01;672207
conf/vldb/RaghavanG01;672025
conf/vldb/HuntAI01;672030
conf/vldb/ChaHKK01;672375
conf/vldb/LuoN01;672041
conf/vldb/WaasCB01;672026
conf/vldb/BohmMSW01;672198
conf/vldb/OzsuLON01;672177
conf/vldb/ManolescuFK01;672368
conf/vldb/ChienTZ01;672373
conf/vldb/TanEO01;672217
conf/vldb/ManolopoulosT01;672358
conf/vldb/CooperSFHS01;672202
conf/vldb/KahveciS01;672028
conf/vldb/GalhardasFSSS01;672042
conf/vldb/AnSVKIG01;672374
conf/vldb/BerckenS01;672197
conf/vldb/Kotidis01;672183
conf/vldb/GravanoIJKMS01;672200
conf/vldb/UrhanF01;672188
conf/vldb/ChungCLL01;672347
conf/vldb/Gibbons01;672351
conf/vldb/YangG01;672193
conf/vldb/AksoyZF01;672046
conf/vldb/MignetMAC01;672205
conf/vldb/AboulnagaAN01;672034
conf/vldb/OConnellWG01;672185
conf/vldb/TsurAADKW01;672353
conf/vldb/Novaretti01;672196
conf/vldb/Draluk01;672031
conf/vldb/Shmueli01;672369
conf/vldb/SadriZZA01;672043
conf/vldb/BunkerCCMMW01;672182
conf/vldb/LahiriSCMC01;672377
conf/vldb/Adler01;758383
conf/vldb/BrownG01;672032
conf/vldb/MaedaT01;672378
conf/vldb/ZengBNN01;672023
conf/vldb/LiCHPALHAY01;672040
conf/vldb/SundaraHCAS01;672361
conf/vldb/NishioSTTL01;672350
conf/vldb/BlokWZPAKJ01;672179
conf/vldb/PatonG01;757416
conf/vldb/ChaudhuriS01;672044
conf/vldb/Leymann01;757417
conf/vldb/Sol01;672038
conf/vldb/Sondag01;672359
conf/vldb/StillgerLMK01;672349
conf/vldb/AndreiV01;672357
conf/vldb/SeegerBBKSDS01;672371
conf/vldb/DillKMRST01;672181
conf/vldb/GilbertKMS01;672174
conf/vldb/MeccaCM01;672370
conf/vldb/BaumgartnerFG01;672194
conf/vldb/AgrawalSX01;672175
conf/vldb/CasatiDGS01;672190
conf/vldb/AilamakiDHS01;672367
conf/vldb/SakuraiYKU01;672024
conf/vldb/FegarasE01;672209
conf/vldb/ShanmugasundaramKSFF01;672203
conf/vldb/VeltriCV01;672192
conf/vldb/NatsevCSLV01;672365
conf/vldb/MargaritisFT01;758382
conf/vldb/DongHLPW01;672176
conf/vldb/LiM01;672035
conf/vldb/RamanH01;672045
conf/vldb/LabrinidisR01;672362
conf/vldb/TanSHCR01;672376
conf/vldb/OoiYTJ01;672178
conf/vldb/PapadiasT01;672363
conf/vldb/JensenL01;672027
conf/vldb/BratsbergH01;672348
conf/vldb/CuiW01;672029
conf/vldb/SatheS01;672366
conf/vldb/WiesnerK01;672204
conf/vldb/MarronL01;672372
conf/vldb/OzdenGHNSDGGW01;672352
conf/vldb/Duranti01;672214
conf/vldb/Gentili01;672184
conf/vldb/BouguettayaEMO01;672201
conf/vldb/Huyn01;672037
conf/vldb/BonifatiCDS01;672212
conf/vldb/AbrolLMMMRTWZ01;672355
conf/vldb/DattaDTVRF01;672364
conf/vldb/CareyKRLABFLOPQRSSUVWY01;672199
conf/vldb/NarayananS01;672213
conf/vldb/CatozziR01;672210
conf/vldb/MorishimaKKT01;672187
conf/vldb/May01;672036
conf/vldb/AnciauxBBPV01;758381
conf/vldb/SindoniTABFGMPPT01;672039
conf/vldb/KoschBBHHLRT01;672354
conf/vldb/BaumgartnerFG01a;672189
conf/vldb/AmbiteKKMST01;672186
conf/vldb/ZhouLZLZJT01;672206
conf/vldb/StohrR01;672208
conf/vldb/PereiraFJLS01;672195
conf/vldb/YagoubFIV00a;758379
conf/vldb/X00a;758376
conf/vldb/ChoenniV00;672008
conf/vldb/AltinelF00;671841
conf/vldb/ShanmugasundaramSBCLPR00;671695
conf/vldb/MatiasVW00;672011
conf/vldb/ChakrabartiGRS00;671851
conf/vldb/YuV00;758377
conf/vldb/KemmeA00;671855
conf/vldb/YagoubFIV00;672020
conf/vldb/PardonA00;671860
conf/vldb/LingLL00;671868
conf/vldb/WuFSP00;671847
conf/vldb/LuL00;671686
conf/vldb/YiF00;671689
conf/vldb/GoldsteinR00;671849
conf/vldb/PottingerL00;671692
conf/vldb/AgrawalCN00;671701
conf/vldb/Bar-YossefBCFW00;671873
conf/vldb/DingGS00;672013
conf/vldb/PantiSG00;671693
conf/vldb/ChangG00;672022
conf/vldb/PappasC00;671850
conf/vldb/ManolescuFKXO00;671846
conf/vldb/DuttaDMRT00;672018
conf/vldb/BasuFP00;671865
conf/vldb/DeenJNNW00;671702
conf/vldb/HvasshovdBT00;671853
conf/vldb/Nori00;671698
conf/vldb/MohanBWSZ00;671858
conf/vldb/CotterB00;672015
conf/vldb/Banerjee00;671683
conf/vldb/Tsur00;671840
conf/vldb/SchaeferBBJ00;671845
conf/vldb/Ramaswamy00;672012
conf/vldb/Taylor00;671859
conf/vldb/X00;671674
conf/vldb/ChaudhuriW00;671696
conf/vldb/ChristopheBPV00;758380
conf/vldb/LakshmananJN00;671863
conf/vldb/WangHH00;671697
conf/vldb/MillerHH00;671677
conf/vldb/ChakrabartiM00;671852
conf/vldb/OlstonW00;671877
conf/vldb/GrumbachRS00;672005
conf/vldb/WangZ00;671687
conf/vldb/GantiLR00;672017
conf/vldb/ChoG00;671679
conf/vldb/BalminPP00;672016
conf/vldb/MendelzonV00;672006
conf/vldb/CeriCW00;671876
conf/vldb/RamsakMFZEB00;671872
conf/vldb/StohrMR00;671843
conf/vldb/SrinivasanDFCJYKTDB00;672004
conf/vldb/DiaoLCT00;671678
conf/vldb/JohnsonA00;671874
conf/vldb/ManegoldBK00;672010
conf/vldb/RamasamyPNK00;672009
conf/vldb/KoudasIM00;671699
conf/vldb/PfoserJT00;672019
conf/vldb/KriegelPS00;671844
conf/vldb/GuntzerBK00;671875
conf/vldb/CowleyP00;671837
conf/vldb/JiangSLB00;672021
conf/vldb/LabioYCGW00;671684
conf/vldb/JarkeKL00;671688
conf/vldb/HinneburgAK00;671675
conf/vldb/SakuraiYUK00;671676
conf/vldb/DiligentiCLGG00;671854
conf/vldb/RisheYACLMVSV00;671681
conf/vldb/PedersenJD00;671842
conf/vldb/GuPS00;756647
conf/vldb/ChakrabartiSST00;758378
conf/vldb/BeneventanoBCCGMMV00;672014
conf/vldb/CarusoCGLM00;671870
conf/vldb/HelalL00;671869
conf/vldb/PereiraFLS00;671690
conf/vldb/ShahabiFKF00;671682
conf/vldb/LudasaherGM00;671864
conf/vldb/AdiBEY00;671839
conf/vldb/CareyKSSS00;671862
conf/vldb/RamamrithamABEGP00;672007
conf/vldb/BernsteinHJRW00;671867
conf/vldb/Schek00;671861
conf/vldb/Brodie00;671680
conf/vldb/Ladin00;671856
conf/vldb/Team00;671838
conf/vldb/Deshpande00;671866
conf/vldb/CasatiS00;671694
conf/vldb/Blecken00;671691
conf/vldb/Bowker00;671871
conf/vldb/Schnase00;671685
conf/vldb/NetzCBF00;671836
conf/vldb/LaneEN00;671857
conf/vldb/Carey00;671700
conf/vldb/KemperKW99;671506
conf/vldb/Sarawagi99;671500
conf/vldb/BonczMK99;671364
conf/vldb/RaoR99;671362
conf/vldb/Chawathe99;671669
conf/vldb/PitouraC99;671504
conf/vldb/PacittMS99;671521
conf/vldb/AbiteboulACEMM99;671664
conf/vldb/VorugantiOU99;671363
conf/vldb/TamuraK99;671495
conf/vldb/BamfordAP99;671509
conf/vldb/KnorrN99;671529
conf/vldb/JermaineDO99;671517
conf/vldb/AilamakiDHW99;671662
conf/vldb/DyresonBJ99;671672
conf/vldb/BernsteinPS99;671498
conf/vldb/GohOST99;671507
conf/vldb/WangZL99;671360
conf/vldb/ChakrabartiBD99;671523
conf/vldb/ChaudhuriG99;671359
conf/vldb/KonigW99;671668
conf/vldb/ChenCFGJMTW99;671496
conf/vldb/NinkHR99;671661
conf/vldb/RothOH99;671494
conf/vldb/CarinoOBS99;671525
conf/vldb/CeriFP99;671524
conf/vldb/KumarRRT99;671512
conf/vldb/LiRS99;671355
conf/vldb/PedersenJD99;671491
conf/vldb/ChanI99;671365
conf/vldb/Kornacker99;671358
conf/vldb/ZurekS99;671665
conf/vldb/DattaRT99;671352
conf/vldb/SahuguetA99;671350
conf/vldb/AcharyaGP99;671347
conf/vldb/Mohan99;671526
conf/vldb/TanGO99;671519
conf/vldb/Norvag99;758375
conf/vldb/KoudasMJ99;758373
conf/vldb/IoannidisP99;671527
conf/vldb/JagadishMN99;671667
conf/vldb/BrodieC99;671492
conf/vldb/Hamilton99;671508
conf/vldb/Pound99;671490
conf/vldb/GarofalakisRS99;671514
conf/vldb/Blum99;671348
conf/vldb/Campbell99;671353
conf/vldb/Graefe99;671528
conf/vldb/DarmontS99;671361
conf/vldb/Johnson99;671351
conf/vldb/ShanmugasundaramGTZDN99;671499
conf/vldb/McHughW99;671349
conf/vldb/HaasKU99;671671
conf/vldb/JagadishKNS99;671501
conf/vldb/DonjerkovicR99;671510
conf/vldb/JosifovskiR99;671673
conf/vldb/NaumannLF99;671356
conf/vldb/DeutschPT99;756643
conf/vldb/LakshmananSS99;671511
conf/vldb/LeeL99;671354
conf/vldb/JaedickeM99;671515
conf/vldb/KeimH99;671505
conf/vldb/GionisIM99;671516
conf/vldb/JagadishLS99;671666
conf/vldb/CareyCNVDRSM99;671522
conf/vldb/FuhDCMTLDRM99;671520
conf/vldb/HoskingC99;671503
conf/vldb/FlorescuLSY99;671493
conf/vldb/ChengGKLLQS99;671357
conf/vldb/RamanRH99;671663
conf/vldb/DeRose99;671670
conf/vldb/Dayal99;671502
conf/vldb/ZirintsisKM99;758374
conf/vldb/AbiteboulAAACHHMMMMSTV99;671497
conf/vldb/BaumannDFRW99;671513
conf/vldb/BouganimCDDGS99;671518
conf/vldb/VriesDBA99;671530
conf/vldb/Tygar98;671343
conf/vldb/MengLYWCR98;671185
conf/vldb/GraefeBC98;671160
conf/vldb/HelmerWM98;671197
conf/vldb/Ganguly98;671329
conf/vldb/ShivakumarGC98;671179
conf/vldb/Greco98;671344
conf/vldb/FangSGMU98;671338
conf/vldb/GibsonKR98;671202
conf/vldb/OoiGT98;671029
conf/vldb/MorimotoFMTY98;671186
conf/vldb/KnorrN98;671334
conf/vldb/OzsuVU98;671024
conf/vldb/MuthOPW98;671026
conf/vldb/Garcia-MolinaLY98;671164
conf/vldb/ZhangL98;671332
conf/vldb/Amer-YahiaCD98;671324
conf/vldb/PapadiasMD98;671163
conf/vldb/ZimbraoS98;671196
conf/vldb/CarinoJ98;671030
conf/vldb/DarEGP98;671325
conf/vldb/Vieille98;671336
conf/vldb/JoshiBLL98;671184
conf/vldb/BamfordBKM98;671023
conf/vldb/BaulierBKS98;671167
conf/vldb/VenkataramanZ98;671028
conf/vldb/RezendeS98;671195
conf/vldb/BaulierBGJGKKMMNNRSS98;671175
conf/vldb/George98;671032
conf/vldb/Mihalisin98;671176
conf/vldb/RiedelGF98;671345
conf/vldb/Shaw98;671169
conf/vldb/GoldmanSVG98;671346
conf/vldb/AbiteboulMRVW98;671172
conf/vldb/JohnsonM98;671327
conf/vldb/GarofalakisIO98;671193
conf/vldb/BraumandlCK98;671341
conf/vldb/MiloZ98;671326
conf/vldb/GingrasL98;671161
conf/vldb/RezendeH98;671194
conf/vldb/CareyK98;671166
conf/vldb/LinR98;671033
conf/vldb/GrovlenHT98;671204
conf/vldb/WeberSB98;671192
conf/vldb/AnkerstBKS98;671198
conf/vldb/IshikawaSF98;671331
conf/vldb/CherniackZ98;671177
conf/vldb/NipplM98;671337
conf/vldb/JagadishKMPSS98;671191
conf/vldb/EsterKSWX98;671201
conf/vldb/GarciaLL98;671188
conf/vldb/BliujuteJSS98;671339
conf/vldb/RamaswamyMS98;671170
conf/vldb/RastogiS98;671183
conf/vldb/GehrkeRG98;671330
conf/vldb/SheikholeslamiCZ98;671342
conf/vldb/GeorgeH98;671190
conf/vldb/Moerkotte98;671173
conf/vldb/ShuklaDN98;671189
conf/vldb/ZouS98;671182
conf/vldb/ArgePRSV98;671340
conf/vldb/KornLKF98;671025
conf/vldb/SilversteinBMU98;671027
conf/vldb/ChakrabartiSD98;671328
conf/vldb/Slutz98;671199
conf/vldb/LakshmiZ98;671200
conf/vldb/BonczRK98;671171
conf/vldb/DoDJJR98;671165
conf/vldb/Sterling98;671203
conf/vldb/FankhauserGLMT98;758371
conf/vldb/BelloDDFNSWZ98;671335
conf/vldb/ArunJ98;758370
conf/vldb/Schoning98;671181
conf/vldb/CarinoO98;671031
conf/vldb/FlorescuLS98;671168
conf/vldb/BlottKS98;671333
conf/vldb/Orenstein98;671178
conf/vldb/RoussopoulosK98;671180
conf/vldb/SchieferKBLF98;671187
conf/vldb/Mina98;671162
conf/vldb/Objectivity98;758372
conf/vldb/Pogue98;671174
conf/vldb/MaratheS97;671002
conf/vldb/GyssensL97;673639
conf/vldb/RossS97;670993
conf/vldb/TheodoratosS97;673656
conf/vldb/YangKL97;673657
conf/vldb/ChaudhuriN97;673646
conf/vldb/MorimotoIM97;673651
conf/vldb/VassalosP97;673662
conf/vldb/RothS97;670992
conf/vldb/HumborstadSHT97;671000
conf/vldb/StathatosRB97;673653
conf/vldb/EicklerKK97;673666
conf/vldb/AlsabtiRS97;673650
conf/vldb/SkubiszewskiV97;673640
conf/vldb/AshwinRSSS97;673645
conf/vldb/ZhangL97;671006
conf/vldb/HelmerM97;673667
conf/vldb/BerckenSW97;671016
conf/vldb/LeeLWS97;671015
conf/vldb/GoldmanW97;671008
conf/vldb/GibbonsMP97;673669
conf/vldb/ChatziantoniouR97;671003
conf/vldb/ChangG97;671022
conf/vldb/SeidlK97;673655
conf/vldb/BaumannFRW97;673652
conf/vldb/WhiteheadSM97;673660
conf/vldb/GinisHKMT97;670997
conf/vldb/AlonsoHST97;671020
conf/vldb/MalonM97;673642
conf/vldb/KumarKA97;671009
conf/vldb/WildfogelY97;670998
conf/vldb/Jacobs97;673647
conf/vldb/BernsteinHSSZ97;670999
conf/vldb/SellisRF97;673658
conf/vldb/JagadishNSSK97;671013
conf/vldb/Huyn97;673644
conf/vldb/FaloutsosJS97;673641
conf/vldb/Jamil97;673648
conf/vldb/SeshadriLR97;671010
conf/vldb/NgC97;673643
conf/vldb/BohannonLRSSS97;671017
conf/vldb/LlirbatST97;670991
conf/vldb/BaralisPT97;671019
conf/vldb/ShaferA97;671018
conf/vldb/WangYM97;758369
conf/vldb/GravanoG97;670994
conf/vldb/AtzeniMM97;671014
conf/vldb/FlorescuKLP97;673654
conf/vldb/TriantafillouP97;673663
conf/vldb/ChristodoulakisTZ97;671007
conf/vldb/KraissW97;673664
conf/vldb/HaasKWY97;670995
conf/vldb/ClaussenKMP97;673649
conf/vldb/GarofalakisI97;671004
conf/vldb/PellenkoftLK97;673661
conf/vldb/HuangJR97;670996
conf/vldb/CiacciaPZ97;671005
conf/vldb/ChakrabartiDAR97;673659
conf/vldb/ChavdaW97;671021
conf/vldb/PoosalaI97;673638
conf/vldb/GarofalakisOS97;758368
conf/vldb/DesslochM97;671012
conf/vldb/LiCHH97;673668
conf/vldb/KietzRS97;671001
conf/vldb/LockemannKKKN97;673665
conf/vldb/BridgeJKLLM97;671011
conf/vldb/SevcikK96;673466
conf/vldb/FaloutsosG96;673487
conf/vldb/LabioG96;673477
conf/vldb/McKennaBHT96;673476
conf/vldb/MeoPC96;673500
conf/vldb/FukudaMMT96;673495
conf/vldb/BohlenSS96;673474
conf/vldb/Ogawa96;673320
conf/vldb/KornSFSP96;673493
conf/vldb/ViverosNR96;673464
conf/vldb/SrivastavaDJL96;673627
conf/vldb/DiwanRSS96;673636
conf/vldb/AcharyaFZ96;673323
conf/vldb/GardarinST96;673485
conf/vldb/GardarinGT96;673484
conf/vldb/BouganimFV96;673330
conf/vldb/PoosalaI96;673321
conf/vldb/LeeL96;673331
conf/vldb/Padmanabhan96;673329
conf/vldb/Klots96;673483
conf/vldb/Sheth96;673492
conf/vldb/Moni96;673335
conf/vldb/Mohan96;673631
conf/vldb/Malaika96;673630
conf/vldb/Hess96;673327
conf/vldb/Gupta96;673324
conf/vldb/CareyD96;673465
conf/vldb/BerchtoldKK96;673502
conf/vldb/ScheuermannSV96;758367
conf/vldb/StaudtJ96;673479
conf/vldb/ChaudhuriS96;673461
conf/vldb/SeshadriLR96;673634
conf/vldb/Toivonen96;673325
conf/vldb/SarawagiS96;673632
conf/vldb/BerckenS96;673480
conf/vldb/CareyHMW96;673633
conf/vldb/Suciu96;673629
conf/vldb/LakshmananSS96;673490
conf/vldb/LevyRO96;673469
conf/vldb/ShethKMWDLPLS96;673468
conf/vldb/IoannidisLGP96;673496
conf/vldb/ChatziantoniouR96;673628
conf/vldb/FaloutsosMS96;673328
conf/vldb/DarFJST96;673462
conf/vldb/Suciu96a;673488
conf/vldb/Levy96;673332
conf/vldb/PapakonstantinouAG96;673481
conf/vldb/VermeerA96;673635
conf/vldb/RysNS96;673501
conf/vldb/BertinoBFS96;673475
conf/vldb/Cuppens96;673637
conf/vldb/AgarwalADGNRS96;673497
conf/vldb/ShuklaDNR96;673494
conf/vldb/Dyreson96;673326
conf/vldb/ShaferAM96;673491
conf/vldb/RamakrishnanR96;673333
conf/vldb/CochranePM96;673498
conf/vldb/Kleewein96;673472
conf/vldb/Mattos96;673467
conf/vldb/Gawlick96;673334
conf/vldb/Dasgupta96;756664
conf/vldb/Atal96;673322
conf/vldb/Rengarajan96;673499
conf/vldb/Hammond96;673473
conf/vldb/Celis96;673471
conf/vldb/Bhashyam96;673470
conf/vldb/Sullivan96;673489
conf/vldb/MiningGroup96;673478
conf/vldb/Sacks-Davis96;673486
conf/vldb/Raghavan96;673463
conf/vldb/Baru96;758366
conf/vldb/GuptaM96;673482
conf/vldb/Bayer95;673133
conf/vldb/Madnick95;673306
conf/vldb/EicklerGK95;673165
conf/vldb/AmsalegFG95;673302
conf/vldb/YanG95;673153
conf/vldb/GravanoG95;673294
conf/vldb/ChenRS95;673007
conf/vldb/KornackerB95;673305
conf/vldb/BunemanDHOW95;673160
conf/vldb/BargaP95;673298
conf/vldb/SteinbrunnPMK95;673167
conf/vldb/HasanM95;673143
conf/vldb/BelussiF95;673166
conf/vldb/GardarinGT95;673169
conf/vldb/YanL95;673154
conf/vldb/GuptaHQ95;673150
conf/vldb/BassiliadesV95;673137
conf/vldb/RahmM95;673163
conf/vldb/HanF95;673134
conf/vldb/SavasereON95;673300
conf/vldb/AgrawalLSS95;673155
conf/vldb/MillinerBP95;673144
conf/vldb/HellersteinNP95;673145
conf/vldb/CabreraRH95;673308
conf/vldb/HoelS95;673135
conf/vldb/DidriksenGD95;673313
conf/vldb/SumiyaYTSI95;673141
conf/vldb/Wang95;673152
conf/vldb/Lindsay95;673161
conf/vldb/OrensteinK95;673151
conf/vldb/LeslieJBY95;673317
conf/vldb/BrownS95;673132
conf/vldb/ReuterCGSW95;673318
conf/vldb/Korth95;758365
conf/vldb/WienerN95;673168
conf/vldb/KonopnickiS95;673148
conf/vldb/MogiK95;673307
conf/vldb/WuYCT95;673158
conf/vldb/BestavrosB95;673131
conf/vldb/GoyalHSS95;673147
conf/vldb/FerrandinaMZFM95;673314
conf/vldb/SubietaKL95;673138
conf/vldb/RusinkiewiczKTWM95;673142
conf/vldb/AmmannJR95;673164
conf/vldb/LuTD95;673139
conf/vldb/TreschPL95;673309
conf/vldb/MoserKK95;673149
conf/vldb/ChaudhuriGS95;673312
conf/vldb/HaasNSS95;673295
conf/vldb/FlodinR95;673311
conf/vldb/MehtaD95;673299
conf/vldb/SrikantA95;673304
conf/vldb/GallersdorferN95;673130
conf/vldb/LometT95;673170
conf/vldb/HvasshovdTBH95;673136
conf/vldb/LuSL95;758364
conf/vldb/AgrawalPWZ95;673157
conf/vldb/HaberIL95;673296
conf/vldb/KalusD95;673315
conf/vldb/EvangelidisLS95;673316
conf/vldb/Brin95;673006
conf/vldb/Sarawagi95;673159
conf/vldb/SistlaYLL95;673146
conf/vldb/RamakrishnanGRSWZ95;756661
conf/vldb/SeligmanBNSW95;673303
conf/vldb/Meier95;673301
conf/vldb/SimonD95;673319
conf/vldb/Vaskevitch95;673310
conf/vldb/Fecteau95;673140
conf/vldb/CatozziR95;673297
conf/vldb/Spintzik95;673162
conf/vldb/Hallmark95;673156
conf/vldb/JonscherD94;672978
conf/vldb/JagadishLRSS94;673000
conf/vldb/Galindo-LegariaPK94;672975
conf/vldb/WienerN94;672979
conf/vldb/NgH94;672827
conf/vldb/BrownCC94;672985
conf/vldb/FuC94;672824
conf/vldb/OuzzaniAB94;672989
conf/vldb/FrohnLU94;672988
conf/vldb/Guting94;672980
conf/vldb/GutierrezPST94;672976
conf/vldb/KemperK94;672977
conf/vldb/JohnsonS94;672996
conf/vldb/BarjaPFWD94;672969
conf/vldb/BaralisW94;673002
conf/vldb/AgrawalS94;672836
conf/vldb/ShatdalKN94;758363
conf/vldb/SripadaW94;672983
conf/vldb/DeWittKLPY94;672974
conf/vldb/Chiueh94;672825
conf/vldb/OzdenBRS94;672984
conf/vldb/ChakravarthyKAK94;672994
conf/vldb/SteenhagenABB94;672819
conf/vldb/MuntzR94;672820
conf/vldb/Lesk94;672830
conf/vldb/RosenthalS94;672973
conf/vldb/AnandBH94;672966
conf/vldb/IyerW94;672970
conf/vldb/BernsteinD94;672992
conf/vldb/CochinwalaB94;672968
conf/vldb/GoodmanRS94;672833
conf/vldb/LevySSZ94;672972
conf/vldb/LiC94;672826
conf/vldb/IdrisGC94;672967
conf/vldb/HasanM94;672835
conf/vldb/MohaniaS94;672987
conf/vldb/BrownMCL94;673005
conf/vldb/LevyMS94;672839
conf/vldb/AmielBDS94;672982
conf/vldb/ColletCS94;673003
conf/vldb/HoelS94;672823
conf/vldb/BrinkhoffK94;672841
conf/vldb/KilgerM94;672981
conf/vldb/SreenathS94;672995
conf/vldb/SetzerZ94;672838
conf/vldb/GehaniJR94;672971
conf/vldb/FerrandinaMZ94;672991
conf/vldb/TeisseirePC94;672831
conf/vldb/GaasterlandL94;672837
conf/vldb/MedianoCD94;672840
conf/vldb/ChawatheCY94;672822
conf/vldb/LitwinNS94;672842
conf/vldb/ChaudhuriS94;672834
conf/vldb/TsatalosSI94;672990
conf/vldb/DavisonG94;672821
conf/vldb/MatthesS94;672986
conf/vldb/PoulovassilisS94;672965
conf/vldb/NgY94;672828
conf/vldb/KamelF94;673001
conf/vldb/XieH94;672963
conf/vldb/LuOT94;672832
conf/vldb/SistlaYH94;672829
conf/vldb/PirotteZMY94;672997
conf/vldb/HjelsvoldM94;672818
conf/vldb/MartinC94;673004
conf/vldb/YanA94;672964
conf/vldb/Spaccapietra94;672993
conf/vldb/ZemankovaI94;672998
conf/vldb/Bernstein94;672999
journals/vldb/Halevy01;767151
journals/vldb/GrefenVA01;767153
journals/vldb/RahmB01;767154
journals/vldb/TurkerG01;767150
journals/vldb/LaurentLSV01;767152
journals/vldb/MecellaP01;767134
journals/vldb/BonifatiCP01;767136
journals/vldb/SuHHHLWLPLL01;767138
journals/vldb/DattaDVRN01;767140
journals/vldb/EyalM01;767135
journals/vldb/BraumandlKKKKSS01;767137
journals/vldb/ShegalovGW01;767139
journals/vldb/NguSHL01;765504
journals/vldb/LeeSC01;765507
journals/vldb/CombiP01;765505
journals/vldb/LiCHH01;765506
journals/vldb/WangW01;765508
journals/vldb/MirbelPSTV00;765230
journals/vldb/FuCCM00;765232
journals/vldb/CandanLS00;765231
journals/vldb/FernandezFLS00;765222
journals/vldb/BerendtS00;765223
journals/vldb/ChidlovskiiB00;765220
journals/vldb/GruserRZZ00;765221
journals/vldb/BunemanFS00;765224
journals/vldb/BraumandlCKK00;764214
journals/vldb/GibsonKR00;764217
journals/vldb/KnorrNT00;764218
journals/vldb/TorpJS00;764220
journals/vldb/GeorgeH00;764215
journals/vldb/MuthOPW00;764216
journals/vldb/KornLKF00;764219
journals/vldb/SheikholeslamiCZ00;764221
journals/vldb/PacittiS00;764222
journals/vldb/LiangOY00;764223
journals/vldb/KrivokapicKG99;765510
journals/vldb/LawLG99;765513
journals/vldb/BonczK99;765511
journals/vldb/AslanM99;765512
journals/vldb/LiR99;765515
journals/vldb/HarderST99;765516
journals/vldb/HuangDT99;765517
journals/vldb/KabraD99;765518
journals/vldb/ZezulaSAR98;765541
journals/vldb/BalkirO98;765542
journals/vldb/JiangE98;765538
journals/vldb/NgS98;765539
journals/vldb/SofferS98;765540
journals/vldb/Seshadri98;765531
journals/vldb/RoySSSA98;765534
journals/vldb/KraissW98;765532
journals/vldb/ChakrabartiDAR98;765533
journals/vldb/NgC98;765535
journals/vldb/AbiteboulCM98;765527
journals/vldb/OoiTCH98;765528
journals/vldb/IshakbeyogluO98;765525
journals/vldb/DesslochHMMT98;765526
journals/vldb/HansonCDERTX98;765521
journals/vldb/ScheuermannWZ98;765523
journals/vldb/Han98;765520
journals/vldb/MehtaGPN98;765522
journals/vldb/DiazJ97;765563
journals/vldb/FahlR97;765562
journals/vldb/BohmAnY97;765564
journals/vldb/MuckP97;765565
journals/vldb/BerchtoldKK97;765566
journals/vldb/SteinbrunnMK97;765556
journals/vldb/LometS97;765558
journals/vldb/Cobb97;765555
journals/vldb/PanagosB97;765557
journals/vldb/HaasCLS97;765559
journals/vldb/PapazogluK97a;765560
journals/vldb/PapazogluK97;765549
journals/vldb/CatarciSC97;765550
journals/vldb/MehrotraKS97;765553
journals/vldb/ChenHY97;765551
journals/vldb/IoannidisNSS97;765552
journals/vldb/Antoshenkov97;765545
journals/vldb/SinghalS97;765546
journals/vldb/MehtaD97;765547
journals/vldb/EvangelidisS97;765544
journals/vldb/MylopoulosCPST96;765853
journals/vldb/BeckerGOSW96;765854
journals/vldb/AntoshenkovZ96;765852
journals/vldb/KashyapS96;765855
journals/vldb/DeyBS96;765803
journals/vldb/HarderR96;765805
journals/vldb/ShyyASL96;765804
journals/vldb/OoiHLT96;765806
journals/vldb/PoulovassilisS96;765691
journals/vldb/TsatalosSI96;765690
journals/vldb/AmielBDS96;765692
journals/vldb/FangGM96;765693
journals/vldb/KellerB96;765753
journals/vldb/RamamrithamC96;765756
journals/vldb/DeWittNSV96;765751
journals/vldb/SivasankaranSTPR96;765752
journals/vldb/StonebrakerALPSSSY96;765754
journals/vldb/HarrisR96;765755
journals/vldb/NybergBCGL95;615237
journals/vldb/SwamiS95;615239
journals/vldb/BarbaraI95;615236
journals/vldb/WhiteD95;615238
journals/vldb/LandauST95;615233
journals/vldb/AbiteboulB95;615234
journals/vldb/AlbanoGO95;615227
journals/vldb/AtkinsonM95;615226
journals/vldb/OzsuPSILM95;615228
journals/vldb/BenzakenD95;615229
journals/vldb/KemperK95;615230
journals/vldb/PeckhamMD95;615219
journals/vldb/TenienteO95;615220
journals/vldb/GutingS95;615221
journals/vldb/TempletonHMB95;615222
journals/vldb/DanYC95;615216
journals/vldb/ConstantopoulosJMV95;615213
journals/vldb/CliftonGB95;615214
journals/vldb/AgrawalAJL95;615215
journals/vldb/Guting94;615206
journals/vldb/ChuIT94;615208
journals/vldb/Baumann94;615207
journals/vldb/PapadiasS94;615209
journals/vldb/LinJF94;615210
journals/vldb/RamamohanaraoH94;615193
journals/vldb/KieslingSSD94;615196
journals/vldb/DerrMP94;615194
journals/vldb/RamakrishnanSSS94;615195
journals/vldb/VaghaniRKSSLH94;615197
journals/vldb/GeorgakopoulosRL94;615186
journals/vldb/WhangKW94;615187
journals/vldb/KamelWS94;615188
journals/vldb/Sciore94;615189
journals/vldb/LeeW94;615200
journals/vldb/Barbara-MillaG94;615201
journals/vldb/Bertino94;615202
journals/vldb/WidomS00;764213
journals/vldb/AtzeniM00;765219
journals/vldb/Atkinson00;765234
journals/vldb/BernsteinPS00;765235
journals/vldb/ClaussenKKW00;765236
journals/vldb/JagadishKNS00;765237
journals/vldb/ManegoldBK00;765238
journals/vldb/RamanRH00;765239
journals/vldb/TanGO00;765240
journals/vldb/OzsuC98;765537
journals/vldb/CasatiSG01;767133
journals/vldb/AbbadiSW01;767142
journals/vldb/PucheralBVB01;767143
journals/vldb/ShanmugasundaramSBCLPR01;767144
journals/vldb/ChangG01;767145
journals/vldb/PottingerH01;767146
journals/vldb/ChakrabartiGRS01;767147
journals/vldb/Sarawagi01;767148
journals/vldb/FungKL03;950490
journals/vldb/Li03;950491
journals/vldb/HelmerM03;950493
journals/vldb/ChuaCL03;950492
journals/vldb/YangW03;950494
journals/vldb/RamamurthyDS03;950483
journals/vldb/AbadiCCCCLSTZ03;950485
journals/vldb/ChakrabartiRS03;950488
journals/vldb/BernsteinIR03;950482
journals/vldb/ChanGR03;950484
journals/vldb/ChandrasekaranF03;950486
journals/vldb/AgrawalHK03;950487
journals/vldb/ShethTP03;775454
journals/vldb/VerykiosME03;775455
journals/vldb/MedjahedBBNE03;775457
journals/vldb/Ozsu03;775453
journals/vldb/CuiW03;775456
journals/vldb/ChienTZ02;764204
journals/vldb/ChanFGR02;764205
journals/vldb/IvesHW02;764206
journals/vldb/Halevy02;764200
journals/vldb/JagadishACLNPPSWWY02;764201
journals/vldb/FiebigHKMNSW02;764202
journals/vldb/Amer-YahiaCLS02;764203
journals/vldb/AnGSVKI02;641270
journals/vldb/ChirkovaHS02;641272
journals/vldb/HuntAI02;641274
journals/vldb/AilamakiDH02;641271
journals/vldb/ApersCS02;641269
journals/vldb/AguileraCMVV02;641273
journals/vldb/NanopoulosM02;767130
journals/vldb/FengYLH02;767131
journals/vldb/SakuraiYUK02;767128
journals/vldb/HjaltasonS02;767129
journals/vldb/RafieiM02;767094
journals/vldb/FerrariAABC02;767097
journals/vldb/SaltenisJ02;767093
journals/vldb/Navarro02;767095
journals/vldb/MihailaRT02;767096
journals/vldb/MaratheS02;767098
journals/vldb/MedjahedBE03;953243
journals/vldb/AtluriJY03;953239
journals/vldb/MaedcheMS03;953240
journals/vldb/DoanMDDH03;953241
journals/vldb/HalkidiNVV03;953242
journals/vldb/FiletoLPAM03;953244
conf/sigmod/BohrerBBCFHKKMNRRSUUW97;253294
journals/sigmod/Kuijpers02;601866
conf/sigmod/Faloutsos95;223879
conf/sigmod/MogiK96;233331
journals/sigmod/CasatiDS00;369276
journals/sigmod/Jagadish01;604276
conf/sigmod/CareyDNAGS97;253283
conf/sigmod/BratsbergT00;335477
conf/sigmod/BlottRS96;233348
journals/vldb/C95b;615225
journals/sigmod/GeppertD94;181556
conf/sigmod/Deutsch95;223880
journals/sigmod/X94;187454
conf/sigmod/HaasH01;375800
journals/sigmod/Geller02;507355
conf/sigmod/Seshadri99;304226
conf/sigmod/RamakrishnanD98;276361
journals/sigmod/Aberer03a;641004
journals/sigmod/Wedekind94;190628
conf/sigmod/Carey00;335476
conf/sigmod/Hellerstein00;335473
journals/sigmod/Badia02;637425
journals/sigmod/HasselbringHHKRRS00;369277
journals/sigmod/KantM00;362091
journals/sigmod/Goethals02;565132
conf/sigmod/Rajaraman99;304246
journals/sigmod/BunemanRU97;248611
journals/sigmod/OukselS99;309849
journals/sigmod/Gunther97;248604
journals/sigmod/CaplinskasEV02;507367
journals/sigmod/Kim94;181552
journals/sigmod/BerzalM02;565130
journals/sigmod/CatarciC96;245888
journals/vldb/C94c;615205
journals/sigmod/Grefen02;507356
conf/sigmod/Ojjeh99;304245
conf/sigmod/BlakeleyD00;335480
journals/sigmod/Ouksel02;565131
journals/sigmod/Dogac02;507340
journals/sigmod/Scholl01;604275
journals/sigmod/Rosneblatt94;190649
journals/sigmod/Winslett02b;601871
journals/sigmod/Labrinidis01;604283
journals/sigmod/Winslett03;640999
