id;title;year
1;The Martian;2015
5;The Intern(I);2015
32;Me and Earl and the Dying Girl;2015
36;The Hunger Games: Mockingjay - Part 2;2015
37;The Maze Runner;2014
49;Magic Mike XXL;2015
51;Guardians of the Galaxy;2014
63;The Last Witch Hunter;2015
65;Dope;2015
67;The Loft;2014
76;The Dark Knight;2008
82;Goosebumps;2015
83;The Perfect Guy;2015
92;Titanic;1997
93;The Avengers;2012
102;Minions;2015
103;Poltergeist;2015
105;A Walk in the Woods;2015
106;Harry Potter and the Sorcerer's Stone;2001
109;John Wick;2014
112;Mad Max;1979
121;Into the Woods;2014
122;Under the Skin(I);2013
125;Pulp Fiction;1994
142;One Flew Over the Cuckoo's Nest;1975
154;American Ultra;2015
165;Snow White and the Huntsman;2012
167;No Escape(I);2015
171;Captain America: The Winter Soldier;2014
173;Child 44;2015
175;The Final Girls;2015
177;Thor;2011
198;The Theory of Everything;2014
211;American Beauty;1999
217;Harry Potter and the Deathly Hallows: Part 2;2011
218;Goodfellas;1990
223;Grown Ups 2;2013
224;300;2006
228;Avatar;2009
229;The Fault in Our Stars;2014
235;Friday the 13th;2009
237;Mad Max 2: The Road Warrior;1981
240;Jem and the Holograms;2015
242;Star Trek Into Darkness;2013
248;The Hobbit: The Battle of the Five Armies;2014
258;The Breakfast Club;1985
263;Captain America: The First Avenger;2011
265;I Spit on Your Grave;2010
280;Terminator 2: Judgment Day;1991
282;Transformers: Age of Extinction;2014
283;Wildlike;2014
290;Magic Mike;2012
294;Snowpiercer;2013
301;No Country for Old Men;2007
305;The Girl with the Dragon Tattoo;2011
307;The Incredibles;2004
308;The Conjuring;2013
323;The Overnight;2015
326;National Lampoon's Vacation;1983
341;Cider with Rosie;2015
354;Inherent Vice;2014
356;The Twilight Saga: Breaking Dawn - Part 2;2012
357;Toy Story;1995
362;Top Gun;1986
368;The Judge;2014
388;Pan's Labyrinth;2006
391;Blow;2001
409;The Gambler(III);2014
420;I Spit on Your Grave: Vengeance is Mine;2015
424;Star Wars: Episode VI - Return of the Jedi;1983
429;The Sixth Sense;1999
433;V for Vendetta;2005
434;The Lord of the Rings: The Return of the King;2003
445;Black Swan;2010
448;The Lego Movie;2014
449;2001: A Space Odyssey;1968
450;I Saw the Light;2015
458;The Good Dinosaur;2015
469;The Hobbit: An Unexpected Journey;2012
473;Pirates of the Caribbean: At World's End;2007
478;Transformers;2007
479;The Social Network;2010
488;Interview with the Vampire: The Vampire Chronicles;1994
498;Scott Pilgrim vs. the World;2010
504;Sweeney Todd: The Demon Barber of Fleet Street;2007
523;Don Jon;2013
525;Guardians of the Galaxy Vol. 2;2017
529;Spirited Away;2001
533;The Curious Case of Benjamin Button;2008
534;Cars;2006
543;Quantum of Solace;2008
555;G.I. Joe: Retaliation;2013
568;The Counselor;2013
584;Harry Potter and the Half-Blood Prince;2009
588;Ted;2012
594;The Secret Life of Walter Mitty;2013
612;Barely Lethal;2015
627;Hostel;2005
636;Pearl Harbor;2001
642;The Machinist;2004
646;The Lazarus Effect;2015
663;Ocean's Eleven;2001
671;The D Train;2015
677;The Messenger(I);2015
686;Noah;2014
694;The Hive(I);2015
699;The Purge(I);2013
708;The Cobbler;2014
710;This Is 40;2012
724;Shaun of the Dead;2004
725;Starship Troopers;1997
730;The Blind Side;2009
733;The Matrix Reloaded;2003
736;The Karate Kid;1984
743;Raiders of the Lost Ark;1981
754;American Gangster;2007
755;Selma;2014
757;Batman Returns;1992
758;The Lord of the Rings: The Two Towers;2002
767;Superman Returns;2006
770;That Awkward Moment;2014
772;Mr. Holmes;2015
775;TRON: Legacy;2010
776;Harry Potter and the Order of the Phoenix;2007
778;Jack Reacher;2012
781;The Lone Ranger;2013
793;Blunt Force Trauma;2015
796;Deliverance;1972
799;Pretty Woman;1990
801;The Mist;2007
823;Matilda;1996
826;Hercules;1997
828;Horns;2013
834;Amlie;2001
839;Wayne's World;1992
842;Despicable Me 2;2013
845;Mud;2012
849;Twelve Monkeys;1995
853;Men in Black;1997
861;RoboCop;2014
873;Carrie;2013
876;The Pianist;2002
881;Not Another Teen Movie;2001
887;White Chicks;2004
892;R.L. Stine's Monsterville: The Cabinet of Souls;2015
894;The Punisher;2004
904;Safe Haven(I);2013
911;Underworld;2003
922;EuroTrip;2004
926;The League of Extraordinary Gentlemen;2003
930;Wild Card;2015
937;Daredevil;2003
942;Casablanca;1942
951;The Croods;2013
952;Olympus Has Fallen;2013
963;Gone with the Wind;1939
964;8 Mile;2002
972;Paul;2011
980;Scary Movie;2000
1002;Prince of Persia: The Sands of Time;2010
1006;One Day;2011
1008;The November Man;2014
1014;Step Brothers;2008
1020;Gangster Squad;2013
1022;Spy Kids;2001
1044;Unforgiven;1992
1048;Sherlock Holmes: A Game of Shadows;2011
1058;Legion;2010
1077;Kill Bill: Vol. 2;2004
1085;Transformers: Dark of the Moon;2011
1105;The Wolverine;2013
1125;The Dreamers;2003
1131;The Parent Trap;1998
1135;The Road(I);2009
1138;King Arthur;2004
1141;The Fighter(I);2010
1143;Monty Python and the Holy Grail;1975
1147;End of Watch;2012
1150;District 9;2009
1168;Spaceballs;1987
1204;Into the Blue;2005
1208;Death Proof;2007
1226;Ocean's Twelve;2004
1233;National Lampoon's Christmas Vacation;1989
1257;Anchorman 2: The Legend Continues;2013
1258;Seven Psychopaths;2012
1261;Wanted;2008
1278;High School Musical;2006
1281;Into the Grizzly Maze;2015
1292;Wrath of the Titans;2012
1314;Chain of Command;2015
1316;Stargate;1994
1327;The World Is Not Enough;1999
1328;The Master;2012
1329;Jack Ryan: Shadow Recruit;2014
1333;Sex and the City 2;2010
1335;30 Days of Night;2007
1344;Coming to America;1988
1346;Who Framed Roger Rabbit;1988
1352;The Circle;2016
1376;Raging Bull;1980
1388;Epic Movie;2007
1390;The Descent;2005
1401;Paddington;2014
1403;Maps to the Stars;2014
1409;Step Up All In;2014
1413;Some Kind Of Beautiful;2014
1418;Meet the Parents;2000
1435;The Polar Express;2004
1461;The Great Escape;1963
1464;Burn After Reading;2008
1466;Night at the Museum: Battle of the Smithsonian;2009
1480;The Twilight Saga: Eclipse;2010
1489;There's Something About Mary;1998
1500;Rio;2011
1521;Dances with Wolves;1990
1526;Mirror Mirror(I);2012
1529;The Three Musketeers;2011
1562;Underworld: Awakening;2012
1563;Strange Magic;2015
1571;Meet the Fockers;2004
1582;Resident Evil: Apocalypse;2004
1590;Rise of the Planet of the Apes;2011
1594;The Princess and the Frog;2009
1600;The Blues Brothers;1980
1621;The X Files: I Want to Believe;2008
1625;Spartacus;1960
1639;The Constant Gardener;2005
1647;Con Air;1997
1649;My Own Private Idaho;1991
1666;Trading Places;1983
1668;Mission to Mars;2000
1679;The Falling;2014
1701;Hall Pass;2011
1707;A Bug's Life;1998
1716;The Vatican Tapes;2015
1738;The Conjuring 2: The Enfield Poltergeist;2016
1741;The Fall;2006
1744;The Assassin;2015
1761;Demonic;2015
1771;Sabotage;2014
1776;Cleveland Abduction;2015
1812;Valkyrie;2008
1830;Goldfinger;1964
1831;The Chronicles of Narnia: Prince Caspian;2008
1832;Hanna;2011
1838;Last Action Hero;1993
1839;Leviathan;2014
1840;Planet of the Apes;1968
1842;The Town That Dreaded Sundown;2014
1843;Elf;2003
1863;The Cell;2000
1866;The Prince;2014
1873;Killing Them Softly;2012
1885;Ice Age;2002
1903;When the Game Stands Tall;2014
1914;The Homesman;2014
1916;The Unborn;2009
1917;The Rundown;2003
1918;Fantastic 4: Rise of the Silver Surfer;2007
1936;Master and Commander: The Far Side of the World;2003
1942;Martyrs;2008
1971;The Hunt for Red October;1990
1974;Austin Powers in Goldmember;2002
1976;La Vie en Rose;2007
2002;Lucky Number Slevin;2006
2010;Soul Surfer;2011
2023;The Thomas Crown Affair;1999
2038;Blade: Trinity;2004
2055;Rocky III;1982
2075;Das Boot;1981
2092;The Duchess;2008
2101;The Omen;1976
2102;A Dangerous Method;2011
2104;Transporter 2;2005
2110;The Forger;2014
2147;27 Dresses;2008
2159;Little Children;2006
2165;No Good Deed(I);2014
2166;A Long Way Down;2014
2171;Dead Silence;2007
2188;The Heartbreak Kid;2007
2191;Shallow Hal;2001
2194;Freaky Friday;2003
2206;The Raven(I);2012
2226;Death Race;2008
2228;Underworld: Evolution;2006
2234;Europa Report;2013
2253;Horton Hears a Who!;2008
2257;You Don't Mess with the Zohan;2008
2261;The Hours;2002
2273;American Wedding;2003
2275;Cinema Paradiso;1988
2280;The Time Traveler's Wife;2009
2287;Saw II;2005
2292;August Rush;2007
2309;Charlie's Angels: Full Throttle;2003
2322;A Night at the Roxbury;1998
2328;Space Jam;1996
2333;The Wolfman;2010
2411;The Replacements;2000
2419;The Ward;2010
2450;Unstoppable;2010
2468;The Bag Man(I);2014
2481;Alvin and the Chipmunks;2007
2484;Spy Game;2001
2487;Ben-Hur;1959
2512;The Immigrant;2013
2513;The Change-Up;2011
2527;Underworld: Rise of the Lycans;2009
2529;Man on a Ledge;2012
2536;Tears of the Sun;2003
2540;The Rewrite;2014
2577;I'm Not There.;2007
2590;Anger Management;2003
2594;After the Dark;2013
2600;Song One;2014
2602;The Railway Man;2013
2622;The 'Burbs;1989
2624;The Rover;2014
2628;The Inbetweeners Movie;2011
2646;The Simpsons Movie;2007
2649;Spy Kids: All the Time in the World in 4D;2011
2656;Monsters;2010
2666;Escape from Alcatraz;1979
2710;Australia;2008
2723;The Green Hornet;2011
2742;Frequency;2000
2762;The Girl Next Door;2007
2768;Miller's Crossing;1990
2769;The Game Plan;2007
2792;Contraband;2012
2793;My Little Pony: Equestria Girls - Friendship Games;2015
2801;Scary Movie 4;2006
2806;Green Zone;2010
2808;Drive Angry;2011
2812;Aliens vs. Predator: Requiem;2007
2823;La Haine;1995
2828;Elizabeth;1998
2830;The Piano Teacher;2001
2849;The Jacket;2005
2861;The Machine(I);2013
2876;Hit and Run;2012
2890;Saw III;2006
2894;A Fistful of Dollars;1964
2908;Monte Carlo;2011
2921;The Little Death;2014
2931;Ice Age: Collision Course;2016
2938;The Ring Two;2005
2940;The Texas Chainsaw Massacre: The Beginning;2006
2959;Frankenweenie;2012
2962;Date Night;2010
2965;Runner Runner;2013
2967;Tootsie;1982
2975;Killing Season;2013
2982;The Living Daylights;1987
3007;The Taking of Pelham 1 2 3;2009
3015;The Three Stooges;2012
3026;Disaster Movie;2008
