id;title;year
1;The Martian;2015
61;The Intern;2015
283;Me and Earl and the Dying Girl;2015
549;The Hunger Games: Mockingjay - Part 2;2015
12;Maze Runner: The Scorch Trials;2015
141;Magic Mike XXL;2015
24;Guardians of the Galaxy;2014
478;The Purge;2013
1574;The Spectacular Now;2013
908;The Last Witch Hunter;2015
156;Dope;2015
175;The Loft;2014
67;The Dark Knight;2008
1720;Scooby-Doo! and the Samurai Sword;2009
649;Goosebumps;2015
1845;Into the Grizzly Maze;2015
226;Titanic;1997
51;The Avengers;2012
9;Minions;2015
80;Poltergeist;2015
1862;A Walk in the Woods;2015
117;Harry Potter and the Philosopher's Stone;2001
224;Harry Potter and the Chamber of Secrets;2002
27;John Wick;2014
104;Mad Max;1979
194;We're the Millers;2013
1269;The Railway Man;2013
230;Pulp Fiction;1994
415;One Flew Over the Cuckoo's Nest;1975
136;American Ultra;2015
485;Snow White and the Huntsman;2012
773;No Escape;2015
63;Captain America: The Winter Soldier;2014
59;Child 44;2015
155;The Final Girls;2015
160;Thor;2011
385;The Conjuring;2013
754;American Beauty;1999
510;The Girl with the Dragon Tattoo;2011
427;Goodfellas;1990
316;Grown Ups 2;2013
256;300;2006
93;Avatar;2009
1293;The Little Death;2014
2888;The Collector;2009
147;Mad Max 2: The Road Warrior;1981
2578;The Search for Freedom;2015
442;Star Trek Into Darkness;2013
1893;The Duke of Burgundy;2015
1951;Hector and the Search for Happiness;2014
1483;The Karate Kid;1984
1802;The Wolfman;2010
2207;I Spit on Your Grave;2010
64;Terminator 2: Judgment Day;1991
785;The Best of Me;2014
1480;Wildlike;2015
1087;Magic Mike;2012
737;Snowpiercer;2013
3041;No Way Out;2008
958;The Social Network;2010
1185;The Machinist;2004
151;The Expendables 3;2014
857;National Lampoon's Vacation;1983
1654;Cider With Rosie;2015
335;Inherent Vice;2014
306;The Twilight Saga: Breaking Dawn - Part 1;2011
159;Toy Story;1995
572;Top Gun;1986
1171;Pan's Labyrinth;2006
1828;Blow;2001
364;The Gambler;2014
161;I Spit on Your Grave III: Vengeance is Mine;2015
168;Star Wars: Episode VI - Return of the Jedi;1983
809;The Sixth Sense;1999
200;V for Vendetta;2006
2947;The Rundown;2003
618;Black Swan;2010
781;The Prince;2014
186;2001: A Space Odyssey;1968
3002;The Rewrite;2014
19;The Hobbit: The Battle of the Five Armies;2014
3021;The Good Dinosaur;2015
89;The Hobbit: The Desolation of Smaug;2013
229;Pirates of the Caribbean: Dead Man's Chest;2006
2345;Transformers;2007
363;Harry Potter and the Deathly Hallows: Part 2;2011
2559;The Change-Up;2011
1108;Interview with the Vampire;1994
1151;Scott Pilgrim vs. the World;2010
966;Fantastic 4: Rise of the Silver Surfer;2007
1433;Don Jon;2013
2011;Guardians of the Galaxy Vol. 2;2017
2167;Avatar 2;2017
252;Spirited Away;2001
1531;The Seeker: The Dark Is Rising;2007
303;Cars;2006
780;(500) Days of Summer;2009
672;G.I. Joe: Retaliation;2013
1052;Out of the Furnace;2013
548;The Twilight Saga: Eclipse;2010
2107;The Final Destination;2009
341;Ted;2012
2053;Thunder and the House of Magic;2013
343;Barely Lethal;2015
1263;Hostel;2005
1019;Pearl Harbor;2001
260;The Incredibles;2004
1759;The Rover;2014
211;Ocean's Eleven;2001
2908;The Eichmann Show;2015
1250;Salting the Battlefield;2014
2447;The Bag Man;2014
493;Noah;2014
1260;The Lazarus Effect;2015
183;The Theory of Everything;2014
264;The Purge: Anarchy;2014
3048;The Woman in Black 2: Angel of Death;2014
1050;This Is 40;2012
1310;Shaun of the Dead;2004
654;Starship Troopers;1997
2037;Legend of the BoneKnapper Dragon;2010
2714;The Debt;2010
199;The Matrix Reloaded;2003
566;E.T. the Extra-Terrestrial;1982
1584;American Gangster;2007
1110;Selma;2014
832;Batman Returns;1992
102;The Lord of the Rings: The Fellowship of the Ring;2001
607;Superman Returns;2006
740;That Awkward Moment;2014
739;Mr. Holmes;2015
1060;TRON: Legacy;2010
2530;30 Days of Night;2007
1105;Jack Reacher;2012
1347;The Lone Ranger;2013
239;Blunt Force Trauma;2015
1673;Deliverance;1972
1014;Pretty Woman;1990
1168;The Mist;2007
1607;Matilda;1996
504;Hercules;1997
1626;Horns;2013
1039;Amlie;2001
1595;Wayne's World;1992
148;Despicable Me 2;2013
935;Mud;2012
1123;Twelve Monkeys;1995
329;Men in Black;1997
203;RoboCop;2014
2271;Carrie;2013
647;The Pianist;2002
1432;Not Another Teen Movie;2001
1652;White Chicks;2004
971;The Punisher;2004
3008;Safe Haven;2013
684;Underworld;2003
2564;EuroTrip;2004
760;The League of Extraordinary Gentlemen;2003
75;Wild Card;2015
763;Daredevil;2003
574;Casablanca;1942
893;Olympus Has Fallen;2013
576;The Wizard of Oz;1939
1348;8 Mile;2002
1671;Paul;2011
1142;Scary Movie;2000
1253;Prince of Persia: The Sands of Time;2010
1315;One Day;2011
129;The November Man;2014
1737;Step Brothers;2008
1350;Gangster Squad;2013
1505;Spy Kids;2001
1757;Unforgiven;1992
328;Sherlock Holmes: A Game of Shadows;2011
1203;Legion;2010
873;Kill Bill: Vol. 2;2004
1469;The Vow;2012
2144;The Machine;2013
1276;The Dreamers;2003
1301;The Parent Trap;1998
1707;American Pie Presents: The Book of Love;2009
1403;King Arthur;2004
153;Harry Potter and the Deathly Hallows: Part 1;2010
294;Harry Potter and the Half-Blood Prince;2009
994;The Fighter;2010
509;Monty Python and the Holy Grail;1975
2129;Diary of a Wimpy Kid: Rodrick Rules;2011
2717;Diary of a Wimpy Kid: Dog Days;2012
435;District 9;2009
1431;Spaceballs;1987
1917;Into the Blue;2005
2140;Death Proof;2007
655;Ocean's Twelve;2004
1418;National Lampoon's Christmas Vacation;1989
886;The Guest;2014
930;Seven Psychopaths;2012
767;Wanted;2008
2804;High School Musical 2;2007
494;Chain of Command;2015
537;Stargate;1994
1754;Pokmon: The First Movie: Mewtwo Strikes Back;1998
1710;The Three Musketeers;2011
1083;Jack Ryan: Shadow Recruit;2014
718;The Chronicles of Narnia: The Voyage of the Dawn Treader;2010
433;Licence to Kill;1989
1683;Who Framed Roger Rabbit;1988
982;Raging Bull;1980
2620;Disaster Movie;2008
1888;The Princess Diaries 2: Royal Engagement;2004
668;Paddington;2014
705;Step Up All In;2014
1127;Meet the Parents;2000
1034;The Polar Express;2004
1072;The Great Escape;1963
2193;Burn After Reading;2008
2068;Date Night;2010
681;There's Something About Mary;1998
651;Rio;2011
811;Dances with Wolves;1990
1088;Mirror Mirror;2012
1000;The Next Three Days;2010
699;Underworld: Awakening;2012
2909;Strange Magic;2015
925;Meet the Fockers;2004
1440;Resident Evil: Apocalypse;2004
917;Rise of the Planet of the Apes;2011
1199;The Road;2009
1824;The Blind Side;2009
1980;The Blues Brothers;1980
422;The Twilight Saga: New Moon;2009
863;Spartacus;1960
2257;The Constant Gardener;2005
1573;Con Air;1997
641;My Own Private Idaho;1991
3062;Trading Places;1983
2377;Mission to Mars;2000
2545;The Falling;2014
2157;Hall Pass;2011
242;A Bug's Life;1998
520;Shaun the Sheep Movie;2015
2481;Hitting the Apex;2015
1778;The Fall;2006
2380;The Assassin;2015
1695;Demonic;2015
497;Sabotage;2014
2961;Cleveland Abduction;2015
721;Valkyrie;2008
1023;Goldfinger;1964
759;The Chronicles of Narnia: Prince Caspian;2008
1194;Hanna;2011
536;Last Action Hero;1993
1489;Leviathan;2014
1147;Planet of the Apes;1968
862;Elf;2003
2218;The Cell;2000
346;The Lego Movie;2014
1612;Killing Them Softly;2012
204;Ice Age;2002
1124;The Cobbler;2014
1259;Far from the Madding Crowd;2015
1447;The Homesman;2014
1416;The Animatrix;2003
1182;Alvin and the Chipmunks;2007
1836;Over the Hedge;2006
144;The Lord of the Rings: The Return of the King;2003
2970;Martyrs;2008
2280;The Hunt for Red October;1990
1207;Austin Powers in Goldmember;2002
2959;La Vie en Rose;2007
1424;Lucky Number Slevin;2006
1245;Soul Surfer;2011
1852;The 13th Warrior;1999
519;Blade: Trinity;2004
1392;Rocky III;1982
556;Das Boot;1981
2566;The Duchess;2008
2437;The Omen;1976
593;Transporter 2;2005
1915;The Forger;2014
2237;27 Dresses;2008
1544;Little Children;2006
1446;No Good Deed;2014
1478;A Long Way Down;2014
1421;Dead Silence;2007
1290;The Heartbreak Kid;2007
1676;Shallow Hal;2001
1575;Freaky Friday;2003
686;Death Race;2008
479;Underworld: Evolution;2006
1784;Europa Report;2013
1342;Horton Hears a Who!;2008
2425;The Wave;2008
2639;I Now Pronounce You Chuck & Larry;2007
643;The Mummy Returns;2001
648;American Wedding;2003
2263;Cinema Paradiso;1988
1756;The Time Traveler's Wife;2009
1068;Saw II;2005
2182;August Rush;2007
813;Charlie's Angels: Full Throttle;2003
701;Space Jam;1996
2595;The Replacements;2000
1792;Unstoppable;2010
1474;The Perfect Guy;2015
1277;Spy Game;2001
1536;Ben-Hur;1959
1711;The Raven;2012
1944;Sex and the City;2008
1021;Man on a Ledge;2012
955;Tears of the Sun;2003
2665;I'm Not There.;2007
1302;Anger Management;2003
2403;Seal Team Six: The Raid on Osama Bin Laden;2012
2997;Song One;2014
792;The Art of the Steal;2013
1059;Wrath of the Titans;2012
2341;Gremlins 2: The New Batch;1990
836;The Town;2010
623;The Curious Case of Benjamin Button;2008
1408;Spy Kids: All the Time in the World;2011
2576;Monsters;2010
2051;Escape from Alcatraz;1979
2379;Australia;2008
1357;The Artist;2011
2386;Frequency;2000
2700;The Girl Next Door;2007
2352;Miller's Crossing;1990
1319;She's the Man;2006
1809;Contraband;2012
825;My Little Pony: Equestria Girls - Friendship Games;2015
338;The Simpsons Movie;2007
1438;Green Zone;2010
1837;Drive Angry;2011
788;Aliens vs Predator: Requiem;2007
2871;La Haine;1995
2482;Elizabeth;1998
2726;The Santa Clause 2;2002
2079;The Ant Bully;2006
1164;A Fistful of Dollars;1964
1808;Monte Carlo;2011
201;The Fault in Our Stars;2014
1727;Ice Age: Collision Course;2016
1785;The Ring Two;2005
2108;The Texas Chainsaw Massacre: The Beginning;2006
2928;The Librarian: Return to King Solomon's Mines;2006
1751;Frankenweenie;2012
471;Night at the Museum: Battle of the Smithsonian;2009
1391;Runner Runner;2013
1847;Tootsie;1982
2414;Killing Season;2013
1224;The Living Daylights;1987
1333;The Taking of Pelham 123;2009
2026;Body of Lies;2008
1577;Rise of the Guardians;2012
